id,gender,masterCategory,subCategory,articleType,slot,baseColour,season,year,usage,productDisplayName,look
532275006,Women,Garment Lower body,Trousers,Trousers,bottom,Black,Fall,2019,Everyday / Streetwear,Madison highwaist 5 pkt,Everyday / Streetwear
761414001,Women,Garment Lower body,Shorts,Shorts,bottom,White,Spring,2019,Everyday / Streetwear,Varys brodery anglais shorts,Everyday / Streetwear
664254001,Women,Garment Lower body,Trousers,Trousers,bottom,Black,Fall,2019,Everyday / Streetwear,DIV Victoria trouser.,Everyday / Streetwear
867044002,Women,Garment Lower body,Skirt,Skirt,bottom,Orange,Summer,2019,Everyday / Streetwear,Tiffanie,Everyday / Streetwear
625545002,Women,Garment Lower body,Trousers,Trousers,bottom,Beige,Fall,2019,Everyday / Streetwear,Mrs C Trs,Everyday / Streetwear
556137002,Women,Garment Lower body,Trousers,Trousers,bottom,Mole,Winter,2019,Everyday / Streetwear,Tove tregging.,Everyday / Streetwear
716952001,Women,Garment Lower body,Trousers,Trousers,bottom,Black,Fall,2019,Everyday / Streetwear,Adina Jsy cropped,Everyday / Streetwear
592063001,Men,Garment Lower body,Trousers,Trousers,bottom,Blue,Winter,2019,Everyday / Streetwear,SOIL 5pocket/slim-light blu,Everyday / Streetwear
708382001,Women,Garment Lower body,Trousers,Trousers,bottom,Black,Winter,2019,Everyday / Streetwear,Jade Jazz trs,Everyday / Streetwear
727928001,Women,Garment Lower body,Trousers,Trousers,bottom,Black,Winter,2019,Everyday / Streetwear,Biker HW Slim pants,Everyday / Streetwear
871624004,Men,Garment Lower body,Trousers,Trousers,bottom,Khaki green,Spring,2019,Everyday / Streetwear,Ricky Tapered Linen,Everyday / Streetwear
787225001,Women,Garment Lower body,Trousers,Trousers,bottom,Black,Spring,2019,Everyday / Streetwear,Roulette jersey playsuit,Everyday / Streetwear
775960001,Women,Garment Lower body,Trousers,Trousers,bottom,Khaki green,Fall,2019,Everyday / Streetwear,Penelope utility trouser RW,Everyday / Streetwear
518647001,Men,Garment Lower body,Trousers,Trousers,bottom,Blue,Fall,2019,Office / Formal,Brago,Office / Formal
700862001,Women,Garment Lower body,Trousers,Trousers,bottom,Blue,Fall,2019,Everyday / Streetwear,Mitch trousers flare HW,Everyday / Streetwear
624892001,Women,Garment Lower body,Trousers,Trousers,bottom,Black,Fall,2019,Everyday / Streetwear,Kahlo,Everyday / Streetwear
413707022,Women,Garment Lower body,Leggings/Tights,Leggings/Tights,bottom,Black,Fall,2019,Everyday / Streetwear,Fancy Leggings,Everyday / Streetwear
555426001,Women,Garment Lower body,Trousers,Trousers,bottom,Black,Winter,2019,Everyday / Streetwear,Diana jumpsuit,Everyday / Streetwear
620236002,Women,Garment Lower body,Skirt,Skirt,bottom,Beige,Fall,2019,Everyday / Streetwear,Posh skirt,Everyday / Streetwear
565292024,Men,Garment Lower body,Shorts,Shorts,bottom,White,Spring,2019,Everyday / Streetwear,Jeff o/d pullon,Everyday / Streetwear
618480006,Men,Garment Lower body,Trousers,Trousers,bottom,Khaki green,Fall,2019,Everyday / Streetwear,Dean Super Skinny Twill,Everyday / Streetwear
857574006,Men,Garment Lower body,Shorts,Shorts,bottom,Blue,Spring,2019,Everyday / Streetwear,Jones,Everyday / Streetwear
749615009,Women,Garment Lower body,Trousers,Trousers,bottom,Beige,Summer,2019,Office / Formal,Lia Slacks tie belt,Office / Formal
815902001,Women,Garment Lower body,Trousers,Trousers,bottom,Blue,Winter,2019,Everyday / Streetwear,Granger HW,Everyday / Streetwear
931769003,Women,Garment Lower body,Trousers,Trousers,bottom,Grey,Summer,2019,Everyday / Streetwear,ED Madison Skinny HW,Everyday / Streetwear
870958002,Women,Garment Lower body,Skirt,Skirt,bottom,Black,Summer,2019,Everyday / Streetwear,New Barton,Everyday / Streetwear
635838001,Unisex,Garment Lower body,Leggings/Tights,Leggings/Tights,bottom,Lilac Purple,Winter,2019,Sportswear / Gym,FARIN tights,Sportswear / Gym
695292003,Unisex,Garment Lower body,Trousers,Trousers,bottom,Blue,Summer,2019,Sportswear / Gym,Supreme Fancy OL,Sportswear / Gym
748934001,Women,Garment Lower body,Trousers,Trousers,bottom,Red,Spring,2019,Everyday / Streetwear,DIV Ally trouser,Everyday / Streetwear
710877001,Men,Garment Lower body,Trousers,Trousers,bottom,Black,Winter,2019,Everyday / Streetwear,Heath slim chinos,Everyday / Streetwear
537851002,Women,Garment Lower body,Skirt,Skirt,bottom,Red,Fall,2019,Everyday / Streetwear,Mady check skirt,Everyday / Streetwear
658030029,Women,Garment Lower body,Trousers,Trousers,bottom,Grey,Fall,2019,Everyday / Streetwear,Push Up Jegging L.W,Everyday / Streetwear
633949001,Women,Garment Lower body,Trousers,Trousers,bottom,Black,Fall,2019,Office / Formal,SPEED Pop trouser,Office / Formal
720473004,Women,Garment Lower body,Shorts,Shorts,bottom,Blue,Summer,2019,Everyday / Streetwear,Raspberry Shorts,Everyday / Streetwear
710876018,Men,Garment Lower body,Trousers,Trousers,bottom,Brown,Fall,2019,Everyday / Streetwear,Kennedy skinny stretch chinos,Everyday / Streetwear
889496002,Women,Garment Lower body,Skirt,Skirt,bottom,White,Summer,2019,Everyday / Streetwear,Frizz skirt,Everyday / Streetwear
620238006,Women,Garment Lower body,Trousers,Trousers,bottom,White,Fall,2019,Everyday / Streetwear,Nut solid trousers,Everyday / Streetwear
583732002,Women,Garment Lower body,Leggings/Tights,Leggings/Tights,bottom,Grey,Fall,2019,Everyday / Streetwear,Active Fifi,Everyday / Streetwear
784053005,Women,Garment Lower body,Skirt,Skirt,bottom,Black,Summer,2019,Everyday / Streetwear,KAT PINNAFORE,Everyday / Streetwear
848864001,Women,Garment Lower body,Shorts,Shorts,bottom,Black,Spring,2019,Everyday / Streetwear,MC Como shorts,Everyday / Streetwear
733803006,Women,Garment Lower body,Shorts,Shorts,bottom,Black,Summer,2019,Everyday / Streetwear,Racing shorts,Everyday / Streetwear
676512007,Women,Garment Lower body,Trousers,Trousers,bottom,Black,Fall,2019,Everyday / Streetwear,ED Luna 5pkt,Everyday / Streetwear
510675004,Women,Garment Lower body,Trousers,Trousers,bottom,White,Fall,2019,Everyday / Streetwear,Bali border trouser,Everyday / Streetwear
577964001,Women,Garment Lower body,Trousers,Trousers,bottom,Black,Fall,2019,Everyday / Streetwear,Bordeaux slit trouser,Everyday / Streetwear
663515004,Women,Garment Lower body,Trousers,Trousers,bottom,White,Fall,2019,Everyday / Streetwear,Doris Twill TRS,Everyday / Streetwear
832166002,Women,Garment Lower body,Skirt,Skirt,bottom,Beige,Summer,2019,Office / Formal,Gabi belted skirt,Office / Formal
766572003,Men,Garment Lower body,Trousers,Trousers,bottom,Black,Fall,2019,Office / Formal,Olaf slim buckle trs,Office / Formal
611020004,Men,Garment Lower body,Trousers,Trousers,bottom,Black,Fall,2019,Everyday / Streetwear,Slim Straight 5pkt,Everyday / Streetwear
651579001,Women,Garment Lower body,Trousers,Trousers,bottom,Red,Fall,2019,Everyday / Streetwear,Burke Cord Skinny 5-pkt RW,Everyday / Streetwear
817557002,Women,Garment Lower body,Trousers,Trousers,bottom,Black,Summer,2019,Everyday / Streetwear,Pacific jumpsuit,Everyday / Streetwear
510074006,Women,Garment Lower body,Trousers,Trousers,bottom,Turquoise,Fall,2019,Everyday / Streetwear,Barza,Everyday / Streetwear
710862001,Women,Garment Lower body,Trousers,Trousers,bottom,Khaki green,Spring,2019,Everyday / Streetwear,Bell HW wide cropped,Everyday / Streetwear
838726004,Women,Garment Lower body,Trousers,Trousers,bottom,Beige,Spring,2019,Everyday / Streetwear,Jade HW Skinny Belt Denim TRS,Everyday / Streetwear
575456006,Men,Garment Lower body,Shorts,Shorts,bottom,Red,Summer,2019,Office / Formal,Grapefruit jaquard shorts,Office / Formal
750229002,Women,Garment Lower body,Skirt,Skirt,bottom,Brown,Summer,2019,Everyday / Streetwear,Zelina slip skirt,Everyday / Streetwear
918292003,Unisex,Garment Lower body,Leggings/Tights,Leggings/Tights,bottom,Pink,Summer,2019,Sportswear / Gym,STRONG HW seamless tights,Sportswear / Gym
575442001,Men,Garment Lower body,Trousers,Trousers,bottom,Turquoise,Fall,2019,Office / Formal,Nova slim jaquard trs,Office / Formal
412707025,Women,Garment Lower body,Trousers,Trousers,bottom,Blue,Winter,2019,Everyday / Streetwear,Julia,Everyday / Streetwear
682189001,Women,Garment Lower body,Trousers,Trousers,bottom,Green,Fall,2019,Everyday / Streetwear,PE CINDY TROUSER,Everyday / Streetwear
660308009,Women,Garment Lower body,Trousers,Trousers,bottom,Beige,Spring,2019,Everyday / Streetwear,Gemma Woven TRS,Everyday / Streetwear
658304004,Women,Garment Lower body,Skirt,Skirt,bottom,White,Winter,2019,Everyday / Streetwear,Skirt Mini Aline,Everyday / Streetwear
638655001,Women,Garment Lower body,Trousers,Trousers,bottom,Blue,Winter,2019,Office / Formal,Sasha jumpsuit,Office / Formal
657640002,Women,Garment Lower body,Trousers,Trousers,bottom,Black,Fall,2019,Everyday / Streetwear,MC Fiona wide trs,Everyday / Streetwear
554450015,Women,Garment Lower body,Trousers,Trousers,bottom,Green,Fall,2019,Everyday / Streetwear,Julia Denim TRS,Everyday / Streetwear
654797002,Women,Garment Lower body,Shorts,Shorts,bottom,Black,Spring,2019,Everyday / Streetwear,DIV Kardashian denim shorts,Everyday / Streetwear
427159023,Men,Garment Lower body,Trousers,Trousers,bottom,Blue,Fall,2019,Everyday / Streetwear,Skinny 5pkt Premiumprice 1,Everyday / Streetwear
747245001,Women,Garment Lower body,Trousers,Trousers,bottom,Blue,Summer,2019,Everyday / Streetwear,Frida tencel trouser,Everyday / Streetwear
866731001,Unisex,Garment Lower body,Leggings/Tights,Leggings/Tights,bottom,Black,Summer,2019,Sportswear / Gym,LANA seamless HW tigths,Sportswear / Gym
707569001,Women,Garment Lower body,Skirt,Skirt,bottom,Blue,Summer,2019,Everyday / Streetwear,Skirt Pencil Stretch Slit,Everyday / Streetwear
687635004,Men,Garment Lower body,Shorts,Shorts,bottom,Grey,Summer,2019,Everyday / Streetwear,Sigge Shorts,Everyday / Streetwear
736102001,Unisex,Garment Lower body,Trousers,Trousers,bottom,Grey,Winter,2019,Sportswear / Gym,Jay tech pant,Sportswear / Gym
811500011,Unisex,Garment Lower body,Shorts,Shorts,bottom,Pink,Spring,2019,Sportswear / Gym,NORA RW shorts innerbriefs,Sportswear / Gym
740247002,Men,Garment Lower body,Shorts,Shorts,bottom,Blue,Summer,2019,Everyday / Streetwear,Jeff AOP,Everyday / Streetwear
804955003,Men,Garment Lower body,Trousers,Trousers,bottom,Beige,Fall,2019,Everyday / Streetwear,Aksel Skinny Legpocket,Everyday / Streetwear
606259001,Women,Garment Lower body,Trousers,Trousers,bottom,Blue,Fall,2019,Everyday / Streetwear,D Horse Jeans CNY,Everyday / Streetwear
775575002,Women,Garment Lower body,Skirt,Skirt,bottom,Orange,Spring,2019,Everyday / Streetwear,Sasha skirt,Everyday / Streetwear
700183001,Women,Garment Lower body,Trousers,Trousers,bottom,Black,Winter,2019,Everyday / Streetwear,Hedy cord trs,Everyday / Streetwear
597891009,Women,Garment Lower body,Shorts,Shorts,bottom,Red,Summer,2019,Everyday / Streetwear,Shorts R.W Kelly Lee,Everyday / Streetwear
501892003,Unisex,Garment Lower body,Leggings/Tights,Leggings/Tights,bottom,Blue,Fall,2019,Sportswear / Gym,SUPREME +,Sportswear / Gym
849214001,Men,Garment Lower body,Shorts,Shorts,bottom,Khaki green,Spring,2019,Everyday / Streetwear,Taylor (1),Everyday / Streetwear
827687001,Women,Garment Lower body,Trousers,Trousers,bottom,Black,Summer,2019,Everyday / Streetwear,Sunset HW Pull-on Woven Trs,Everyday / Streetwear
539878003,Women,Garment Lower body,Skirt,Skirt,bottom,Blue,Spring,2019,Everyday / Streetwear,Skirt Mini,Everyday / Streetwear
838689006,Men,Garment Lower body,Shorts,Shorts,bottom,Blue,Summer,2019,Everyday / Streetwear,PopOn Shorts,Everyday / Streetwear
751994007,Men,Garment Lower body,Trousers,Trousers,bottom,Black,Spring,2019,Everyday / Streetwear,Slim 5pkt Midprice,Everyday / Streetwear
854222002,Women,Garment Lower body,Trousers,Trousers,bottom,White,Summer,2019,Office / Formal,Romy playsuit,Office / Formal
831610001,Women,Garment Lower body,Skirt,Skirt,bottom,Green,Winter,2019,Office / Formal,Thumper skirt,Office / Formal
718370001,Women,Garment Lower body,Trousers,Trousers,bottom,Blue,Spring,2019,Everyday / Streetwear,Kansas jumpsuit,Everyday / Streetwear
878740001,Women,Garment Lower body,Skirt,Skirt,bottom,Black,Summer,2019,Everyday / Streetwear,Chablis skirt,Everyday / Streetwear
682068004,Women,Garment Lower body,Trousers,Trousers,bottom,White,Spring,2019,Everyday / Streetwear,Monica Ankle Cord TRS,Everyday / Streetwear
783969004,Women,Garment Lower body,Trousers,Trousers,bottom,Mole,Summer,2019,Everyday / Streetwear,Hayes,Everyday / Streetwear
887923001,Women,Garment Lower body,Skirt,Skirt,bottom,Blue,Summer,2019,Office / Formal,Pure vida skirt,Office / Formal
744577001,Unisex,Garment Lower body,Trousers,Trousers,bottom,Black,Summer,2019,Sportswear / Gym,NINNI cropped tights 2-pack,Sportswear / Gym
605658002,Women,Garment Lower body,Shorts,Shorts,bottom,White,Spring,2019,Everyday / Streetwear,Boyfriend shorts,Everyday / Streetwear
708680003,Women,Garment Lower body,Trousers,Trousers,bottom,Blue,Summer,2019,Everyday / Streetwear,LNY CALCIUM Jeans,Everyday / Streetwear
735428001,Women,Garment Lower body,Trousers,Trousers,bottom,Blue,Spring,2019,Office / Formal,Ullis playsuit,Office / Formal
816915003,Women,Garment Lower body,Trousers,Trousers,bottom,Beige,Summer,2019,Everyday / Streetwear,Block joggers,Everyday / Streetwear
899329001,Women,Garment Lower body,Trousers,Trousers,bottom,Blue,Summer,2019,Everyday / Streetwear,Snow petite chino RW,Everyday / Streetwear
674606025,Women,Garment Lower body,Skirt,Skirt,bottom,Black,Fall,2019,Everyday / Streetwear,CHARLIE SKIRT,Everyday / Streetwear
726165001,Women,Garment Lower body,Skirt,Skirt,bottom,Black,Spring,2019,Everyday / Streetwear,W PAMELA SKIRT EQ,Everyday / Streetwear
797892005,Women,Garment Lower body,Trousers,Trousers,bottom,Beige,Spring,2019,Everyday / Streetwear,ED Milk slaks,Everyday / Streetwear
691855020,Women,Garment Lower body,Skirt,Skirt,bottom,White,Spring,2019,Everyday / Streetwear,MAYA SKIRT S.0,Everyday / Streetwear
611730009,Men,Garment Lower body,Shorts,Shorts,bottom,Black,Spring,2019,Everyday / Streetwear,Jefferson,Everyday / Streetwear
844099002,Women,Garment Lower body,Skirt,Skirt,bottom,Black,Winter,2019,Everyday / Streetwear,SC ASLAN skirt,Everyday / Streetwear
532275004,Women,Garment Lower body,Trousers,Trousers,bottom,Green,Spring,2019,Everyday / Streetwear,Madison highwaist 5 pkt,Everyday / Streetwear
539723007,Women,Garment Lower body,Trousers,Trousers,bottom,Blue,Fall,2019,Everyday / Streetwear,Jade Denim TRS,Everyday / Streetwear
664319002,Women,Garment Lower body,Trousers,Trousers,bottom,White,Fall,2019,Everyday / Streetwear,Tiblisi paperwaist tapered,Everyday / Streetwear
722196002,Women,Garment Lower body,Trousers,Trousers,bottom,Beige,Spring,2019,Everyday / Streetwear,Athena HW tapered,Everyday / Streetwear
725324001,Women,Garment Lower body,Trousers,Trousers,bottom,Blue,Spring,2019,Everyday / Streetwear,Gemini HW wide trousers,Everyday / Streetwear
519914001,Women,Garment Lower body,Trousers,Trousers,bottom,Black,Winter,2019,Everyday / Streetwear,Kanta slacks,Everyday / Streetwear
550822003,Men,Garment Lower body,Trousers,Trousers,bottom,Beige,Fall,2019,Everyday / Streetwear,KOI Relaxed pants brushed wool,Everyday / Streetwear
746329001,Women,Garment Lower body,Skirt,Skirt,bottom,Blue,Spring,2019,Everyday / Streetwear,Andy skirt,Everyday / Streetwear
658030002,Women,Garment Lower body,Trousers,Trousers,bottom,Blue,Fall,2019,Everyday / Streetwear,Push Up Jegging L.W,Everyday / Streetwear
826850001,Unisex,Garment Lower body,Leggings/Tights,Leggings/Tights,bottom,Mole,Fall,2019,Sportswear / Gym,Strong seamless HW tights,Sportswear / Gym
540768007,Men,Garment Lower body,Trousers,Trousers,bottom,Grey,Spring,2019,Everyday / Streetwear,Tech Stretch Skinny,Everyday / Streetwear
568597028,Women,Garment Lower body,Trousers,Trousers,bottom,Beige,Summer,2019,Office / Formal,Hayes slim,Office / Formal
652731033,Women,Garment Lower body,Skirt,Skirt,bottom,White,Spring,2019,Office / Formal,Florida (1),Office / Formal
523404024,Unisex,Garment Lower body,Shorts,Shorts,bottom,Green,Fall,2019,Sportswear / Gym,Howie Shorts,Sportswear / Gym
660401004,Men,Garment Lower body,Trousers,Trousers,bottom,Khaki green,Winter,2019,Everyday / Streetwear,Karzar trousers,Everyday / Streetwear
784507001,Women,Garment Lower body,Leggings/Tights,Leggings/Tights,bottom,Black,Summer,2019,Loungewear / Home,Sport Line Leggings,Loungewear / Home
587320001,Women,Garment Lower body,Trousers,Trousers,bottom,White,Fall,2019,Everyday / Streetwear,Grasshopper jumpsuit,Everyday / Streetwear
636207011,Men,Garment Lower body,Trousers,Trousers,bottom,Blue,Spring,2019,Everyday / Streetwear,Slim 5pkt Lowprice,Everyday / Streetwear
772003001,Women,Garment Lower body,Shorts,Shorts,bottom,White,Spring,2019,Everyday / Streetwear,Dimanche shorts,Everyday / Streetwear
886474001,Women,Garment Lower body,Skirt,Skirt,bottom,Grey,Summer,2019,Everyday / Streetwear,PQ BELGRADE SILK SKIRT,Everyday / Streetwear
633232005,Men,Garment Lower body,Trousers,Trousers,bottom,Grey,Fall,2019,Office / Formal,Zion slim,Office / Formal
757900001,Women,Garment Lower body,Trousers,Trousers,bottom,Turquoise,Spring,2019,Everyday / Streetwear,Alison Pleat Trousers,Everyday / Streetwear
817472002,Women,Garment Lower body,Shorts,Shorts,bottom,Beige,Summer,2019,Everyday / Streetwear,Kelso,Everyday / Streetwear
843458003,Men,Garment Lower body,Trousers,Trousers,bottom,Grey,Summer,2019,Everyday / Streetwear,FRANK TECH PANT,Everyday / Streetwear
673707003,Men,Garment Lower body,Trousers,Trousers,bottom,Black,Winter,2019,Everyday / Streetwear,Hunter,Everyday / Streetwear
780361003,Women,Garment Lower body,Trousers,Trousers,bottom,Blue,Fall,2019,Everyday / Streetwear,DIV Jade HW Trash,Everyday / Streetwear
547163002,Women,Garment Lower body,Skirt,Skirt,bottom,Blue,Winter,2019,Everyday / Streetwear,W Kristin,Everyday / Streetwear
679502001,Women,Garment Lower body,Trousers,Trousers,bottom,Black,Winter,2019,Everyday / Streetwear,Space Petite,Everyday / Streetwear
759715001,Men,Garment Lower body,Trousers,Trousers,bottom,Blue,Spring,2019,Office / Formal,Hampstead drawstring trs,Office / Formal
695544011,Women,Garment Lower body,Trousers,Trousers,bottom,Blue,Winter,2019,Everyday / Streetwear,Pluto slacks RW,Everyday / Streetwear
582011010,Men,Garment Lower body,Shorts,Shorts,bottom,Black,Spring,2019,Everyday / Streetwear,MALCOLM SHORTS,Everyday / Streetwear
543544005,Unisex,Garment Lower body,Trousers,Trousers,bottom,Grey,Fall,2019,Sportswear / Gym,FEV Frank Cargo,Sportswear / Gym
665290002,Women,Garment Lower body,Trousers,Trousers,bottom,Beige,Fall,2019,Everyday / Streetwear,W ED KANTA TRS EQ,Everyday / Streetwear
766402023,Men,Garment Lower body,Trousers,Trousers,bottom,Beige,Summer,2019,Everyday / Streetwear,Laurent slim fit jogger,Everyday / Streetwear
595098001,Women,Garment Lower body,Trousers,Trousers,bottom,Black,Fall,2019,Office / Formal,Oracle Jumpsuit,Office / Formal
735540001,Women,Garment Lower body,Skirt,Skirt,bottom,Brown,Spring,2019,Everyday / Streetwear,EDC South Skirt,Everyday / Streetwear
598517002,Unisex,Garment Lower body,Shorts,Shorts,bottom,Turquoise,Fall,2019,Sportswear / Gym,SANDY shorts,Sportswear / Gym
558427001,Women,Garment Lower body,Trousers,Trousers,bottom,Black,Fall,2019,Everyday / Streetwear,Dylan PU,Everyday / Streetwear
726373001,Men,Garment Lower body,Trousers,Trousers,bottom,Black,Summer,2019,Everyday / Streetwear,Cox cropped pants,Everyday / Streetwear
624235001,Unisex,Garment Lower body,Leggings/Tights,Leggings/Tights,bottom,Blue,Fall,2019,Sportswear / Gym,MERI tights,Sportswear / Gym
839899002,Women,Garment Lower body,Skirt,Skirt,bottom,Green,Summer,2019,Office / Formal,Maxime skirt,Office / Formal
878508002,Women,Garment Lower body,Shorts,Shorts,bottom,Beige,Spring,2019,Everyday / Streetwear,ED Kelso shorts,Everyday / Streetwear
572998002,Women,Garment Lower body,Trousers,Trousers,bottom,Grey,Fall,2019,Everyday / Streetwear,Beverly HW Loose Mom Fit Dnm,Everyday / Streetwear
865624001,Women,Garment Lower body,Shorts,Shorts,bottom,Black,Summer,2019,Everyday / Streetwear,Farin HW Woven Shorts,Everyday / Streetwear
533844001,Women,Garment Lower body,Trousers,Trousers,bottom,Blue,Winter,2019,Everyday / Streetwear,Ambrosia denim,Everyday / Streetwear
914453002,Unisex,Garment Lower body,Leggings/Tights,Leggings/Tights,bottom,Grey,Summer,2019,Sportswear / Gym,Chia seamless tights,Sportswear / Gym
783346003,Women,Garment Lower body,Trousers,Trousers,bottom,Brown,Summer,2019,Everyday / Streetwear,Primo slacks,Everyday / Streetwear
690518001,Women,Garment Lower body,Skirt,Skirt,bottom,Black,Spring,2019,Everyday / Streetwear,Tropic skirt,Everyday / Streetwear
565292006,Men,Garment Lower body,Shorts,Shorts,bottom,Grey,Summer,2019,Everyday / Streetwear,Jeff o/d pullon,Everyday / Streetwear
631780003,Men,Garment Lower body,Shorts,Shorts,bottom,White,Summer,2019,Office / Formal,Frank shorts,Office / Formal
869207002,Women,Garment Lower body,Shorts,Shorts,bottom,Blue,Spring,2019,Everyday / Streetwear,AK Motoe shorts,Everyday / Streetwear
775715008,Unisex,Garment Lower body,Trousers,Trousers,bottom,Black,Fall,2019,Sportswear / Gym,Supreme tights,Sportswear / Gym
822833001,Women,Garment Lower body,Trousers,Trousers,bottom,Grey,Spring,2019,Everyday / Streetwear,LENNY RIB LEGGINGS,Everyday / Streetwear
761042001,Women,Garment Lower body,Trousers,Trousers,bottom,Grey,Spring,2019,Everyday / Streetwear,DIV Maria shorts,Everyday / Streetwear
733471001,Men,Garment Lower body,Trousers,Trousers,bottom,Black,Winter,2019,Everyday / Streetwear,Tommy Joggers,Everyday / Streetwear
549251005,Women,Garment Lower body,Trousers,Trousers,bottom,Blue,Fall,2019,Everyday / Streetwear,Sanne treggings,Everyday / Streetwear
624967002,Women,Garment Lower body,Trousers,Trousers,bottom,Black,Fall,2019,Everyday / Streetwear,W Raspberry EQ,Everyday / Streetwear
706016029,Women,Garment Lower body,Trousers,Trousers,bottom,Blue,Fall,2019,Everyday / Streetwear,Jade HW Skinny Denim TRS,Everyday / Streetwear
491692002,Women,Garment Lower body,Trousers,Trousers,bottom,Orange,Summer,2019,Everyday / Streetwear,Astrid playsuit,Everyday / Streetwear
724172002,Women,Garment Lower body,Trousers,Trousers,bottom,Blue,Winter,2019,Everyday / Streetwear,Mini Flare H.W Petite,Everyday / Streetwear
780031002,Women,Garment Lower body,Trousers,Trousers,bottom,Mole,Fall,2019,Everyday / Streetwear,PQ FI LEGGINGS LEATHER,Everyday / Streetwear
501323007,Women,Garment Lower body,Trousers,Trousers,bottom,Grey,Fall,2019,Office / Formal,Thomas paperbag wide,Office / Formal
900227003,Women,Garment Lower body,Trousers,Trousers,bottom,Blue,Summer,2019,Everyday / Streetwear,Shaping Skinny HW Petite,Everyday / Streetwear
736624001,Men,Garment Lower body,Shorts,Shorts,bottom,Black,Spring,2019,Everyday / Streetwear,Shorts Straight Mid Thigh,Everyday / Streetwear
554479018,Women,Garment Lower body,Shorts,Shorts,bottom,Grey,Summer,2019,Everyday / Streetwear,Ozzy Denim Shorts,Everyday / Streetwear
683987001,Women,Garment Lower body,Trousers,Trousers,bottom,Red,Winter,2019,Everyday / Streetwear,Clara frill trousers,Everyday / Streetwear
814987002,Women,Garment Lower body,Skirt,Skirt,bottom,Pink,Spring,2019,Everyday / Streetwear,Marta Skirt,Everyday / Streetwear
711043002,Unisex,Garment Lower body,Shorts,Shorts,bottom,Pink,Summer,2019,Sportswear / Gym,Georgia Shorts,Sportswear / Gym
567443001,Men,Garment Lower body,Trousers,Trousers,bottom,Blue,Fall,2019,Office / Formal,Brago Summer Cropped Trs,Office / Formal
816887001,Women,Garment Lower body,Leggings/Tights,Leggings/Tights,bottom,Black,Spring,2019,Everyday / Streetwear,Malin Leggings,Everyday / Streetwear
387426012,Unisex,Garment Lower body,Shorts,Shorts,bottom,Unknown,Fall,2019,Sportswear / Gym,Goodman light shorts,Sportswear / Gym
400342003,Men,Garment Lower body,Trousers,Trousers,bottom,Black,Fall,2019,Everyday / Streetwear,Slim 5pkt Midprice,Everyday / Streetwear
540701003,Women,Garment Lower body,Leggings/Tights,Leggings/Tights,bottom,Black,Fall,2019,Everyday / Streetwear,Bella Biker Leggings,Everyday / Streetwear
725825001,Women,Garment Lower body,Trousers,Trousers,bottom,Black,Winter,2019,Everyday / Streetwear,Palace trs STRAIGHT RW v.6,Everyday / Streetwear
673900012,Women,Garment Lower body,Trousers,Trousers,bottom,Blue,Spring,2019,Everyday / Streetwear,Julia Denim Petite Trs 1,Everyday / Streetwear
786791001,Women,Garment Lower body,Skirt,Skirt,bottom,White,Fall,2019,Everyday / Streetwear,Laguna cord skirt,Everyday / Streetwear
720861003,Women,Garment Lower body,Trousers,Trousers,bottom,Blue,Winter,2019,Everyday / Streetwear,Vintage Slim Ankle H.W,Everyday / Streetwear
779781005,Women,Garment Lower body,Trousers,Trousers,bottom,Metal,Winter,2019,Office / Formal,Vermont essential slacks,Office / Formal
449897018,Men,Garment Lower body,Trousers,Trousers,bottom,Blue,Winter,2019,Everyday / Streetwear,Slim 5pkt,Everyday / Streetwear
635336002,Women,Garment Lower body,Trousers,Trousers,bottom,Beige,Fall,2019,Everyday / Streetwear,Saxophone trousers,Everyday / Streetwear
640021001,Women,Garment Lower body,Trousers,Trousers,bottom,White,Winter,2019,Everyday / Streetwear,Perrie Denim Trash TRS,Everyday / Streetwear
769008004,Men,Garment Lower body,Trousers,Trousers,bottom,Grey,Winter,2019,Everyday / Streetwear,Dean drawstring trouser,Everyday / Streetwear
613133003,Women,Garment Lower body,Trousers,Trousers,bottom,White,Spring,2019,Everyday / Streetwear,Boyfriend L.W,Everyday / Streetwear
865906003,Women,Garment Lower body,Skirt,Skirt,bottom,Beige,Spring,2019,Everyday / Streetwear,Plum midi skirt.,Everyday / Streetwear
727180006,Men,Garment Lower body,Trousers,Trousers,bottom,Grey,Spring,2019,Everyday / Streetwear,Mike Jogger pant,Everyday / Streetwear
607284003,Men,Garment Lower body,Trousers,Trousers,bottom,Blue,Fall,2019,Everyday / Streetwear,Skinny 5pkt Trash 1,Everyday / Streetwear
379963002,Women,Garment Lower body,Leggings/Tights,Leggings/Tights,bottom,Black,Fall,2019,Loungewear / Home,Mama plain cotton leggings 2p,Loungewear / Home
703371001,Women,Garment Lower body,Trousers,Trousers,bottom,Black,Fall,2019,Everyday / Streetwear,Guela jaquard,Everyday / Streetwear
825109001,Men,Garment Lower body,Trousers,Trousers,bottom,Blue,Summer,2019,Everyday / Streetwear,New Tapered Premiumprice,Everyday / Streetwear
482263002,Men,Garment Lower body,Shorts,Shorts,bottom,Khaki green,Spring,2019,Everyday / Streetwear,Cobra twill constructed,Everyday / Streetwear
806690001,Men,Garment Lower body,Trousers,Trousers,bottom,Blue,Fall,2019,Office / Formal,Oz skinny cropped trs,Office / Formal
764416002,Women,Garment Lower body,Skirt,Skirt,bottom,White,Summer,2019,Everyday / Streetwear,Cecilia maxi,Everyday / Streetwear
636588004,Men,Garment Lower body,Shorts,Shorts,bottom,Lilac Purple,Fall,2019,Everyday / Streetwear,Sigge Shorts,Everyday / Streetwear
899088002,Women,Garment Lower body,Skirt,Skirt,bottom,Black,Summer,2019,Everyday / Streetwear,JOE JERSEY ALINE,Everyday / Streetwear
507978001,Women,Garment Lower body,Shorts,Shorts,bottom,Red,Fall,2019,Everyday / Streetwear,Skyler shorts,Everyday / Streetwear
686210001,Women,Garment Lower body,Skirt,Skirt,bottom,Green,Fall,2019,Office / Formal,Rakel,Office / Formal
772711010,Men,Garment Lower body,Shorts,Shorts,bottom,Blue,Summer,2019,Everyday / Streetwear,Jeff Linen Pullon,Everyday / Streetwear
589840001,Women,Garment Lower body,Skirt,Skirt,bottom,Black,Fall,2019,Everyday / Streetwear,Dre Day Skirt,Everyday / Streetwear
660213001,Women,Garment Lower body,Skirt,Skirt,bottom,White,Spring,2019,Everyday / Streetwear,Rodeo fringe skirt,Everyday / Streetwear
733404001,Women,Garment Lower body,Skirt,Skirt,bottom,Black,Winter,2019,Everyday / Streetwear,Skirt with Belt,Everyday / Streetwear
521846002,Unisex,Garment Lower body,Outdoor trousers,Outdoor trousers,bottom,Black,Fall,2019,Sportswear / Gym,SUSS trousers,Sportswear / Gym
882203002,Women,Garment Lower body,Skirt,Skirt,bottom,Black,Summer,2019,Everyday / Streetwear,KYLIE MIDI SKIRT,Everyday / Streetwear
698794004,Women,Garment Lower body,Trousers,Trousers,bottom,Black,Summer,2019,Everyday / Streetwear,Bea Woven TRS,Everyday / Streetwear
651756002,Unisex,Garment Lower body,Shorts,Shorts,bottom,Grey,Winter,2019,Sportswear / Gym,GRETA Hotpants,Sportswear / Gym
761331001,Women,Garment Lower body,Trousers,Trousers,bottom,Black,Spring,2019,Everyday / Streetwear,ED Carla Culottes,Everyday / Streetwear
711416003,Women,Garment Lower body,Trousers,Trousers,bottom,Khaki green,Summer,2019,Office / Formal,Chicken jumpsuit,Office / Formal
750330003,Women,Garment Lower body,Trousers,Trousers,bottom,Black,Summer,2019,Everyday / Streetwear,&DENIM Skinny HW Ancle Vanessa,Everyday / Streetwear
396135052,Women,Garment Lower body,Shorts,Shorts,bottom,Grey,Fall,2019,Everyday / Streetwear,Glamping,Everyday / Streetwear
583534018,Women,Garment Lower body,Trousers,Trousers,bottom,Pink,Winter,2019,Everyday / Streetwear,Bradley (1),Everyday / Streetwear
867742003,Unisex,Garment Lower body,Trousers,Trousers,bottom,Black,Summer,2019,Sportswear / Gym,SUPREME FANCY TIGHTS,Sportswear / Gym
879658001,Men,Garment Lower body,Trousers,Trousers,bottom,Khaki green,Summer,2019,Everyday / Streetwear,Cedar cuffed cargo,Everyday / Streetwear
696562001,Women,Garment Lower body,Skirt,Skirt,bottom,Turquoise,Fall,2019,Everyday / Streetwear,Bonnie TU,Everyday / Streetwear
587108001,Women,Garment Lower body,Trousers,Trousers,bottom,Black,Fall,2019,Everyday / Streetwear,Phoenix jumpsuit,Everyday / Streetwear
865799005,Women,Garment Lower body,Trousers,Trousers,bottom,Grey,Summer,2019,Everyday / Streetwear,Pink HW barrel,Everyday / Streetwear
820869001,Women,Garment Lower body,Leggings/Tights,Leggings/Tights,bottom,Black,Fall,2019,Everyday / Streetwear,Belinda jumpsuit,Everyday / Streetwear
817554001,Unisex,Garment Lower body,Leggings/Tights,Leggings/Tights,bottom,Black,Fall,2019,Sportswear / Gym,FLORA running HW  tights,Sportswear / Gym
938281001,Women,Garment Lower body,Trousers,Trousers,bottom,Black,Summer,2019,Everyday / Streetwear,Fiffi kickflare,Everyday / Streetwear
873592001,Women,Garment Lower body,Shorts,Shorts,bottom,Black,Spring,2019,Everyday / Streetwear,LALEH PLAYSUIT,Everyday / Streetwear
813265001,Women,Garment Lower body,Skirt,Skirt,bottom,Orange,Summer,2019,Everyday / Streetwear,Elena,Everyday / Streetwear
660712002,Women,Garment Lower body,Trousers,Trousers,bottom,Blue,Fall,2019,Everyday / Streetwear,Kaj tapered,Everyday / Streetwear
697495002,Women,Garment Lower body,Trousers,Trousers,bottom,Blue,Fall,2019,Everyday / Streetwear,PE ANNE WIDE DENIM 2,Everyday / Streetwear
730007001,Women,Garment Lower body,Skirt,Skirt,bottom,Blue,Winter,2019,Everyday / Streetwear,ALICIA FANCY S.9,Everyday / Streetwear
721632001,Men,Garment Lower body,Trousers,Trousers,bottom,Black,Winter,2019,Everyday / Streetwear,Nuke,Everyday / Streetwear
750444008,Women,Garment Lower body,Trousers,Trousers,bottom,Khaki green,Winter,2019,Everyday / Streetwear,Slim cargo TVP RW,Everyday / Streetwear
399201031,Women,Garment Lower body,Trousers,Trousers,bottom,Blue,Summer,2019,Everyday / Streetwear,Shaping Skinny H.W,Everyday / Streetwear
824299001,Men,Garment Lower body,Trousers,Trousers,bottom,Blue,Winter,2019,Everyday / Streetwear,Amy Cord Skinny Slacks,Everyday / Streetwear
612912001,Women,Garment Lower body,Trousers,Trousers,bottom,Black,Fall,2019,Everyday / Streetwear,AK Gin jeans,Everyday / Streetwear
538905011,Women,Garment Lower body,Trousers,Trousers,bottom,Black,Fall,2019,Everyday / Streetwear,Queen Bee Jogger,Everyday / Streetwear
907188001,Women,Garment Lower body,Skirt,Skirt,bottom,Black,Summer,2019,Everyday / Streetwear,Bali PU,Everyday / Streetwear
606395033,Men,Garment Lower body,Trousers,Trousers,bottom,Blue,Summer,2019,Everyday / Streetwear,Arjen or Trey,Everyday / Streetwear
724905003,Women,Garment Lower body,Trousers,Trousers,bottom,Blue,Spring,2019,Everyday / Streetwear,Girlfriend R.W.,Everyday / Streetwear
727180002,Men,Garment Lower body,Trousers,Trousers,bottom,Blue,Winter,2019,Everyday / Streetwear,Mike Jogger pant,Everyday / Streetwear
599502002,Women,Garment Lower body,Trousers,Trousers,bottom,Beige,Fall,2019,Office / Formal,Kia Paperbag,Office / Formal
630084007,Men,Garment Lower body,Shorts,Shorts,bottom,Khaki green,Summer,2019,Everyday / Streetwear,Steven pull on,Everyday / Streetwear
540395009,Men,Garment Lower body,Trousers,Trousers,bottom,Blue,Fall,2019,Everyday / Streetwear,360 Flex Slim,Everyday / Streetwear
756870005,Women,Garment Lower body,Skirt,Skirt,bottom,White,Fall,2019,Everyday / Streetwear,Skirt A-line Bella,Everyday / Streetwear
708726003,Women,Garment Lower body,Shorts,Shorts,bottom,Beige,Winter,2019,Everyday / Streetwear,EQ OZZY SHORTS,Everyday / Streetwear
682068009,Women,Garment Lower body,Trousers,Trousers,bottom,Red,Fall,2019,Everyday / Streetwear,Monica or Chandler Cord Trs,Everyday / Streetwear
663581013,Unisex,Garment Lower body,Shorts,Shorts,bottom,Mole,Summer,2019,Sportswear / Gym,Ramos shorts,Sportswear / Gym
738710001,Unisex,Garment Lower body,Trousers,Trousers,bottom,Grey,Fall,2019,Sportswear / Gym,Evelyn Trousers,Sportswear / Gym
730863007,Men,Garment Lower body,Trousers,Trousers,bottom,Blue,Winter,2019,Everyday / Streetwear,Skinny Malcolm Zip Fly,Everyday / Streetwear
607732001,Women,Garment Lower body,Trousers,Trousers,bottom,White,Fall,2019,Everyday / Streetwear,Kendal trousers,Everyday / Streetwear
727754001,Women,Garment Lower body,Leggings/Tights,Leggings/Tights,bottom,Black,Fall,2019,Everyday / Streetwear,Pernille biker legging RW,Everyday / Streetwear
786764001,Women,Garment Lower body,Skirt,Skirt,bottom,Beige,Fall,2019,Office / Formal,Garda,Office / Formal
558266002,Women,Garment Lower body,Trousers,Trousers,bottom,Black,Fall,2019,Everyday / Streetwear,Vigga Basic pants,Everyday / Streetwear
305304019,Women,Garment Lower body,Shorts,Shorts,bottom,Black,Summer,2019,Everyday / Streetwear,Boy Denim Shorts,Everyday / Streetwear
565292029,Men,Garment Lower body,Shorts,Shorts,bottom,Beige,Summer,2019,Everyday / Streetwear,Jeff o/d pullon,Everyday / Streetwear
736672001,Women,Garment Lower body,Shorts,Shorts,bottom,undefined,Spring,2019,Everyday / Streetwear,Embrace Shorts,Everyday / Streetwear
636586006,Men,Garment Lower body,Trousers,Trousers,bottom,Beige,Fall,2019,Everyday / Streetwear,Jerry Jogger,Everyday / Streetwear
584729004,Women,Garment Lower body,Leggings/Tights,Leggings/Tights,bottom,Lilac Purple,Fall,2019,Everyday / Streetwear,MAMA-HAVANA tights,Everyday / Streetwear
189654001,Women,Garment Lower body,Skirt,Skirt,bottom,Black,Fall,2019,Everyday / Streetwear,Raven skirt,Everyday / Streetwear
665666009,Men,Garment Lower body,Trousers,Trousers,bottom,Blue,Spring,2019,Everyday / Streetwear,COBALT slim straight selvedge,Everyday / Streetwear
631785003,Men,Garment Lower body,Trousers,Trousers,bottom,Blue,Winter,2019,Office / Formal,Newton skinny trs5,Office / Formal
608458001,Women,Garment Lower body,Leggings/Tights,Leggings/Tights,bottom,Black,Winter,2019,Everyday / Streetwear,Band leggings,Everyday / Streetwear
695263001,Women,Garment Lower body,Trousers,Trousers,bottom,Blue,Fall,2019,Everyday / Streetwear,WM Dahlia RW wide full length,Everyday / Streetwear
598423001,Women,Garment Lower body,Trousers,Trousers,bottom,Black,Fall,2019,Everyday / Streetwear,Night Denim,Everyday / Streetwear
716654007,Men,Garment Lower body,Trousers,Trousers,bottom,Grey,Summer,2019,Everyday / Streetwear,Slim Straight Cropped Lowprice,Everyday / Streetwear
901281004,Women,Garment Lower body,Trousers,Trousers,bottom,Black,Summer,2019,Everyday / Streetwear,Ibiza HW Woven Pull-on,Everyday / Streetwear
689165001,Women,Garment Lower body,Trousers,Trousers,bottom,Blue,Fall,2019,Everyday / Streetwear,Vicky tapered HW,Everyday / Streetwear
590869003,Women,Garment Lower body,Trousers,Trousers,bottom,Khaki green,Summer,2019,Everyday / Streetwear,Snake bite,Everyday / Streetwear
928228001,Women,Garment Lower body,Skirt,Skirt,bottom,Brown,Summer,2019,Everyday / Streetwear,Munchkin PU short skirt,Everyday / Streetwear
799365028,Women,Garment Lower body,Trousers,Trousers,bottom,Black,Summer,2019,Everyday / Streetwear,Vintage Slim HW ankle consc.,Everyday / Streetwear
607286003,Men,Garment Lower body,Trousers,Trousers,bottom,Green,Fall,2019,Everyday / Streetwear,Skinny 5pkt Trash 2,Everyday / Streetwear
120129001,Women,Garment Lower body,Leggings/Tights,Leggings/Tights,bottom,Black,Fall,2019,Everyday / Streetwear,Babette long,Everyday / Streetwear
752820001,Women,Garment Lower body,Shorts,Shorts,bottom,Brown,Summer,2019,Everyday / Streetwear,Sweet smock,Everyday / Streetwear
713618001,Men,Garment Lower body,Shorts,Shorts,bottom,Black,Summer,2019,Everyday / Streetwear,Boxx shorts,Everyday / Streetwear
780221001,Women,Garment Lower body,Skirt,Skirt,bottom,Black,Fall,2019,Everyday / Streetwear,DIV Charlie skirt,Everyday / Streetwear
829308001,Unisex,Garment Lower body,Leggings/Tights,Leggings/Tights,bottom,Black,Summer,2019,Sportswear / Gym,HAVANA HW cropped,Sportswear / Gym
875841001,Women,Garment Lower body,Skirt,Skirt,bottom,Blue,Winter,2019,Everyday / Streetwear,Paula,Everyday / Streetwear
509042001,Women,Garment Lower body,Leggings/Tights,Leggings/Tights,bottom,Black,Fall,2019,Everyday / Streetwear,Minna PU pants,Everyday / Streetwear
719111003,Women,Garment Lower body,Skirt,Skirt,bottom,Blue,Fall,2019,Everyday / Streetwear,Riquel plisse skirt,Everyday / Streetwear
484644004,Unisex,Garment Lower body,Leggings/Tights,Leggings/Tights,bottom,Grey,Winter,2019,Sportswear / Gym,FARIN tights,Sportswear / Gym
583039001,Women,Garment Lower body,Trousers,Trousers,bottom,Blue,Winter,2019,Everyday / Streetwear,Sophie frill trousers,Everyday / Streetwear
665666015,Men,Garment Lower body,Trousers,Trousers,bottom,Blue,Summer,2019,Office / Formal,COBALT slim straight selvedge,Office / Formal
761604001,Women,Garment Lower body,Trousers,Trousers,bottom,White,Fall,2019,Everyday / Streetwear,Lomita cord trousers RW,Everyday / Streetwear
574676001,Women,Garment Lower body,Skirt,Skirt,bottom,Black,Fall,2019,Everyday / Streetwear,Not your honey skirt,Everyday / Streetwear
772349005,Women,Garment Lower body,Shorts,Shorts,bottom,Lilac Purple,Summer,2019,Everyday / Streetwear,Glamping.(1),Everyday / Streetwear
805923009,Unisex,Garment Lower body,Trousers,Trousers,bottom,Grey,Winter,2019,Sportswear / Gym,SUPREME FANCY tights,Sportswear / Gym
721063006,Men,Garment Lower body,Shorts,Shorts,bottom,Blue,Summer,2019,Everyday / Streetwear,Shorts Straight Tani,Everyday / Streetwear
746073002,Women,Garment Lower body,Trousers,Trousers,bottom,Blue,Spring,2019,Everyday / Streetwear,Super Skinny H.W Star,Everyday / Streetwear
599721001,Women,Garment Lower body,Skirt,Skirt,bottom,Black,Winter,2019,Everyday / Streetwear,J Olga.,Everyday / Streetwear
849217002,Men,Garment Lower body,Shorts,Shorts,bottom,Black,Summer,2019,Everyday / Streetwear,Burton pullon,Everyday / Streetwear
638629002,Women,Garment Lower body,Trousers,Trousers,bottom,Black,Summer,2019,Office / Formal,Waler wide,Office / Formal
583534011,Women,Garment Lower body,Trousers,Trousers,bottom,Blue,Fall,2019,Everyday / Streetwear,Bradley (1),Everyday / Streetwear
509700001,Women,Garment Lower body,Shorts,Shorts,bottom,Blue,Summer,2019,Everyday / Streetwear,Shorts Kelly Pkt flap,Everyday / Streetwear
764618002,Women,Garment Lower body,Skirt,Skirt,bottom,White,Spring,2019,Everyday / Streetwear,Westeros skirt,Everyday / Streetwear
564073002,Unisex,Garment Lower body,Shorts,Shorts,bottom,Grey,Fall,2019,Sportswear / Gym,GRETA Hotpant,Sportswear / Gym
700771001,Women,Garment Lower body,Leggings/Tights,Leggings/Tights,bottom,Black,Fall,2019,Everyday / Streetwear,DIV Malin,Everyday / Streetwear
898596003,Women,Garment Lower body,Trousers,Trousers,bottom,Blue,Summer,2019,Everyday / Streetwear,Skinny Ankle RW Brooklyn,Everyday / Streetwear
610349001,Women,Garment Lower body,Trousers,Trousers,bottom,Blue,Fall,2019,Everyday / Streetwear,W Oliver trousers CNY,Everyday / Streetwear
728160001,Women,Garment Lower body,Trousers,Trousers,bottom,Black,Summer,2019,Office / Formal,Mallorca Jogger,Office / Formal
708478005,Women,Garment Lower body,Trousers,Trousers,bottom,Black,Summer,2019,Everyday / Streetwear,Becky softpant,Everyday / Streetwear
726209001,Men,Garment Lower body,Trousers,Trousers,bottom,Beige,Summer,2019,Everyday / Streetwear,CARBON thin cotton slacks,Everyday / Streetwear
505724006,Men,Garment Lower body,Trousers,Trousers,bottom,Khaki green,Winter,2019,Everyday / Streetwear,Corban trousers,Everyday / Streetwear
707630002,Women,Garment Lower body,Trousers,Trousers,bottom,Black,Fall,2019,Everyday / Streetwear,SPORT Sorrento jogger,Everyday / Streetwear
884687001,Women,Garment Lower body,Trousers,Trousers,bottom,Green,Summer,2019,Everyday / Streetwear,Petite ED Lilja trouser,Everyday / Streetwear
674606051,Women,Garment Lower body,Skirt,Skirt,bottom,Blue,Spring,2019,Everyday / Streetwear,CHARLIE SKIRT S.2,Everyday / Streetwear
751390001,Women,Garment Lower body,Skirt,Skirt,bottom,Blue,Spring,2019,Everyday / Streetwear,Mary Skirt,Everyday / Streetwear
820549002,Women,Garment Lower body,Trousers,Trousers,bottom,Blue,Summer,2019,Everyday / Streetwear,Bathilda HW Utility dnm,Everyday / Streetwear
905776003,Women,Garment Lower body,Trousers,Trousers,bottom,Blue,Summer,2019,Everyday / Streetwear,PETITE Jade HW dnm TRS,Everyday / Streetwear
858692005,Women,Garment Lower body,Shorts,Shorts,bottom,Lilac Purple,Summer,2019,Everyday / Streetwear,AK Mai shorts HW,Everyday / Streetwear
738206001,Unisex,Garment Lower body,Trousers,Trousers,bottom,Grey,Winter,2019,Sportswear / Gym,BB Jacob trs,Sportswear / Gym
580050001,Unisex,Garment Lower body,Trousers,Trousers,bottom,Grey,Winter,2019,Sportswear / Gym,Ivan Tights,Sportswear / Gym
753112006,Men,Garment Lower body,Trousers,Trousers,bottom,Blue,Summer,2019,Everyday / Streetwear,Slim Super Soft Premiumprice,Everyday / Streetwear
411758008,Men,Garment Lower body,Trousers,Trousers,bottom,White,Winter,2019,Everyday / Streetwear,Jonas slim 5 pkt,Everyday / Streetwear
621381009,Women,Garment Lower body,Trousers,Trousers,bottom,Blue,Winter,2019,Everyday / Streetwear,Jade Trash HW Skinny Denim TRS,Everyday / Streetwear
539723026,Women,Garment Lower body,Trousers,Trousers,bottom,Khaki green,Fall,2019,Everyday / Streetwear,Jade Denim TRS,Everyday / Streetwear
903992004,Women,Garment Lower body,Skirt,Skirt,bottom,Grey,Summer,2019,Everyday / Streetwear,Paula denim,Everyday / Streetwear
545963001,Women,Garment Lower body,Skirt,Skirt,bottom,Black,Summer,2019,Everyday / Streetwear,Tomar short frill skirt,Everyday / Streetwear
659373002,Men,Garment Lower body,Shorts,Shorts,bottom,Grey,Winter,2019,Everyday / Streetwear,Snap shorts,Everyday / Streetwear
682068008,Women,Garment Lower body,Trousers,Trousers,bottom,Beige,Fall,2019,Everyday / Streetwear,Monica or Chandler Cord Trs,Everyday / Streetwear
734537001,Women,Garment Lower body,Trousers,Trousers,bottom,Blue,Winter,2019,Everyday / Streetwear,PE GARLAND TROUSER SOLID,Everyday / Streetwear
544627005,Women,Garment Lower body,Skirt,Skirt,bottom,Pink,Spring,2019,Office / Formal,Shake,Office / Formal
691463001,Women,Garment Lower body,Shorts,Shorts,bottom,Blue,Spring,2019,Everyday / Streetwear,Shorts classic,Everyday / Streetwear
774117001,Women,Garment Lower body,Trousers,Trousers,bottom,Black,Summer,2019,Everyday / Streetwear,PQ EVIAN SILK TROUSERS,Everyday / Streetwear
730566005,Women,Garment Lower body,Trousers,Trousers,bottom,Beige,Summer,2019,Everyday / Streetwear,Vacation HW wide cropped,Everyday / Streetwear
784245009,Men,Garment Lower body,Trousers,Trousers,bottom,Beige,Summer,2019,Everyday / Streetwear,Michael Joggers 24.99:-,Everyday / Streetwear
690449013,Men,Garment Lower body,Trousers,Trousers,bottom,Black,Summer,2019,Everyday / Streetwear,Skinny 5pkt,Everyday / Streetwear
467297004,Men,Garment Lower body,Trousers,Trousers,bottom,Beige,Fall,2019,Everyday / Streetwear,Ole Cargo,Everyday / Streetwear
807792003,Women,Garment Lower body,Trousers,Trousers,bottom,Grey,Winter,2019,Everyday / Streetwear,Sander HW tapered trousers,Everyday / Streetwear
254940026,Women,Garment Lower body,Trousers,Trousers,bottom,Black,Fall,2019,Everyday / Streetwear,Elsa high waist,Everyday / Streetwear
720125017,Unisex,Garment Lower body,Leggings/Tights,Leggings/Tights,bottom,Black,Fall,2019,Sportswear / Gym,SUPREME RW tights,Sportswear / Gym
861767001,Women,Garment Lower body,Trousers,Trousers,bottom,Black,Summer,2019,Everyday / Streetwear,Pluto tencel,Everyday / Streetwear
669030003,Women,Garment Lower body,Skirt,Skirt,bottom,Black,Fall,2019,Everyday / Streetwear,Happy skirt,Everyday / Streetwear
648254002,Women,Garment Lower body,Skirt,Skirt,bottom,White,Fall,2019,Everyday / Streetwear,Bobby,Everyday / Streetwear
613517001,Women,Garment Lower body,Trousers,Trousers,bottom,Black,Fall,2019,Everyday / Streetwear,Palma TRS,Everyday / Streetwear
794320006,Unisex,Garment Lower body,Leggings/Tights,Leggings/Tights,bottom,Black,Spring,2019,Sportswear / Gym,STRONG seamless HW tights,Sportswear / Gym
399201018,Women,Garment Lower body,Trousers,Trousers,bottom,Blue,Fall,2019,Everyday / Streetwear,Skinny Shaping H.W,Everyday / Streetwear
664679001,Women,Garment Lower body,Trousers,Trousers,bottom,Black,Spring,2019,Everyday / Streetwear,Lion trouser,Everyday / Streetwear
669950003,Women,Garment Lower body,Trousers,Trousers,bottom,Black,Fall,2019,Everyday / Streetwear,Benjamin jeggers,Everyday / Streetwear
878462001,Women,Garment Lower body,Skirt,Skirt,bottom,Unknown,Summer,2019,Everyday / Streetwear,Paradis emb. anglais,Everyday / Streetwear
578846002,Women,Garment Lower body,Trousers,Trousers,bottom,Blue,Fall,2019,Everyday / Streetwear,Lana low,Everyday / Streetwear
708588001,Women,Garment Lower body,Skirt,Skirt,bottom,Black,Winter,2019,Everyday / Streetwear,Pearl PU,Everyday / Streetwear
598841002,Men,Garment Lower body,Trousers,Trousers,bottom,Blue,Fall,2019,Everyday / Streetwear,Slim 5pkt LOGG,Everyday / Streetwear
555918003,Women,Garment Lower body,Trousers,Trousers,bottom,Grey,Winter,2019,Everyday / Streetwear,Latte Slacks,Everyday / Streetwear
793356001,Women,Garment Lower body,Skirt,Skirt,bottom,Black,Fall,2019,Office / Formal,Dill skirt,Office / Formal
615977002,Women,Garment Lower body,Trousers,Trousers,bottom,White,Spring,2019,Everyday / Streetwear,Tess capri pants,Everyday / Streetwear
451380012,Men,Garment Lower body,Trousers,Trousers,bottom,Blue,Spring,2019,Everyday / Streetwear,Bruce denim,Everyday / Streetwear
631848001,Women,Garment Lower body,Skirt,Skirt,bottom,Red,Fall,2019,Everyday / Streetwear,RICHIE PELATED SKIRT,Everyday / Streetwear
913696002,Women,Garment Lower body,Trousers,Trousers,bottom,Red,Summer,2019,Everyday / Streetwear,SC BIA Leather Trousers,Everyday / Streetwear
749615004,Women,Garment Lower body,Trousers,Trousers,bottom,Unknown,Fall,2019,Office / Formal,Lia Slacks,Office / Formal
681681001,Unisex,Garment Lower body,Trousers,Trousers,bottom,Black,Spring,2019,Sportswear / Gym,Draper blocked  pant,Sportswear / Gym
705988013,Women,Garment Lower body,Trousers,Trousers,bottom,Black,Spring,2019,Everyday / Streetwear,Molly HW Ankle TRS,Everyday / Streetwear
652731029,Women,Garment Lower body,Skirt,Skirt,bottom,White,Summer,2019,Office / Formal,Florida (1),Office / Formal
807064003,Women,Garment Lower body,Leggings/Tights,Leggings/Tights,bottom,Black,Summer,2019,Everyday / Streetwear,Furi tights,Everyday / Streetwear
787481007,Women,Garment Lower body,Trousers,Trousers,bottom,White,Winter,2019,Everyday / Streetwear,Solange 5pkt TVP HW,Everyday / Streetwear
766495005,Women,Garment Lower body,Skirt,Skirt,bottom,Blue,Summer,2019,Office / Formal,Kevin,Office / Formal
399136033,Women,Garment Lower body,Trousers,Trousers,bottom,Grey,Fall,2019,Everyday / Streetwear,Shaping Skinny R.W.,Everyday / Streetwear
572998016,Women,Garment Lower body,Trousers,Trousers,bottom,Blue,Summer,2019,Everyday / Streetwear,Beverly HW Loose Mom Fit Dnm,Everyday / Streetwear
867050002,Women,Garment Lower body,Skirt,Skirt,bottom,Black,Summer,2019,Everyday / Streetwear,ED Toulouse,Everyday / Streetwear
826120001,Unisex,Garment Lower body,Shorts,Shorts,bottom,White,Summer,2019,Sportswear / Gym,Jovi light 2 layer shorts,Sportswear / Gym
584274002,Women,Garment Lower body,Trousers,Trousers,bottom,Pink,Fall,2019,Everyday / Streetwear,Relaxxa trousers,Everyday / Streetwear
621746001,Women,Garment Lower body,Shorts,Shorts,bottom,Black,Fall,2019,Everyday / Streetwear,Voltaire shorts,Everyday / Streetwear
844111001,Women,Garment Lower body,Trousers,Trousers,bottom,Beige,Summer,2019,Everyday / Streetwear,SC STEIN denim,Everyday / Streetwear
670049003,Men,Garment Lower body,Trousers,Trousers,bottom,White,Summer,2019,Everyday / Streetwear,FENNEL cropped trousers,Everyday / Streetwear
549263018,Women,Garment Lower body,Trousers,Trousers,bottom,Black,Spring,2019,Everyday / Streetwear,Kanta trouser,Everyday / Streetwear
590208001,Women,Garment Lower body,Trousers,Trousers,bottom,Black,Fall,2019,Office / Formal,Richard paperbag trs,Office / Formal
483731003,Women,Garment Lower body,Skirt,Skirt,bottom,Grey,Fall,2019,Everyday / Streetwear,Premium Anna skirt,Everyday / Streetwear
540701007,Women,Garment Lower body,Leggings/Tights,Leggings/Tights,bottom,Red,Fall,2019,Everyday / Streetwear,Bella Biker Leggings,Everyday / Streetwear
835044008,Women,Garment Lower body,Skirt,Skirt,bottom,Black,Fall,2019,Everyday / Streetwear,Marshmallow tulle skirt,Everyday / Streetwear
644288001,Women,Garment Lower body,Trousers,Trousers,bottom,Black,Fall,2019,Everyday / Streetwear,Maria embroidery trousers,Everyday / Streetwear
653145002,Women,Garment Lower body,Trousers,Trousers,bottom,Blue,Fall,2019,Everyday / Streetwear,&DENIM Skinny RW Chic,Everyday / Streetwear
569978015,Men,Garment Lower body,Trousers,Trousers,bottom,Blue,Fall,2019,Everyday / Streetwear,TUCK CLASSIC JOGGER,Everyday / Streetwear
765599004,Women,Garment Lower body,Trousers,Trousers,bottom,Black,Fall,2019,Everyday / Streetwear,Stormi pull-on RW,Everyday / Streetwear
728055001,Women,Garment Lower body,Trousers,Trousers,bottom,Beige,Winter,2019,Office / Formal,Lova,Office / Formal
736624002,Men,Garment Lower body,Shorts,Shorts,bottom,Blue,Spring,2019,Everyday / Streetwear,Shorts Straight Mid Thigh,Everyday / Streetwear
751342008,Women,Garment Lower body,Skirt,Skirt,bottom,Blue,Summer,2019,Everyday / Streetwear,Sunny denim skirt,Everyday / Streetwear
713153001,Women,Garment Lower body,Trousers,Trousers,bottom,Black,Winter,2019,Everyday / Streetwear,LOGG Greyworm jogger,Everyday / Streetwear
708478003,Women,Garment Lower body,Trousers,Trousers,bottom,Blue,Summer,2019,Everyday / Streetwear,Becky softpant,Everyday / Streetwear
690449036,Men,Garment Lower body,Trousers,Trousers,bottom,Black,Winter,2019,Everyday / Streetwear,Skinny 5pkt Premiumprice,Everyday / Streetwear
622617001,Unisex,Garment Lower body,Shorts,Shorts,bottom,Black,Fall,2019,Sportswear / Gym,ORBIT hotpants,Sportswear / Gym
189616001,Women,Garment Lower body,Leggings/Tights,Leggings/Tights,bottom,Black,Fall,2019,Everyday / Streetwear,Tina leggings,Everyday / Streetwear
816563004,Women,Garment Lower body,Trousers,Trousers,bottom,Black,Summer,2019,Everyday / Streetwear,Drizzle,Everyday / Streetwear
910439002,Women,Garment Lower body,Trousers,Trousers,bottom,Blue,Summer,2019,Everyday / Streetwear,Petit Madison HW denim,Everyday / Streetwear
551081001,Women,Garment Lower body,Trousers,Trousers,bottom,White,Fall,2019,Office / Formal,Eyre,Office / Formal
779842002,Women,Garment Lower body,Trousers,Trousers,bottom,Blue,Fall,2019,Everyday / Streetwear,Push Up Shaping H.W ankle,Everyday / Streetwear
799365004,Women,Garment Lower body,Trousers,Trousers,bottom,Blue,Fall,2019,Everyday / Streetwear,Vintage Slim HW ankle consc.,Everyday / Streetwear
828854002,Women,Garment Lower body,Trousers,Trousers,bottom,Black,Winter,2019,Everyday / Streetwear,PQ CIARA VELVET JUMPSUIT,Everyday / Streetwear
741108001,Women,Garment Lower body,Trousers,Trousers,bottom,Blue,Summer,2019,Everyday / Streetwear,Frida tencel,Everyday / Streetwear
860867001,Women,Garment Lower body,Trousers,Trousers,bottom,Black,Spring,2019,Everyday / Streetwear,Brody trs,Everyday / Streetwear
262277009,Women,Garment Lower body,Trousers,Trousers,bottom,Blue,Winter,2019,Everyday / Streetwear,Kim superskinny low waist,Everyday / Streetwear
537439001,Women,Garment Lower body,Trousers,Trousers,bottom,Black,Fall,2019,Office / Formal,Analia Jumpsuit,Office / Formal
914441006,Women,Garment Lower body,Trousers,Trousers,bottom,Grey,Summer,2019,Everyday / Streetwear,Curvy Jegging HW.,Everyday / Streetwear
584157008,Men,Garment Lower body,Shorts,Shorts,bottom,Grey,Fall,2019,Everyday / Streetwear,Shorts Slim Cash (1),Everyday / Streetwear
605563002,Women,Garment Lower body,Trousers,Trousers,bottom,White,Spring,2019,Everyday / Streetwear,Skinny ankle RW colour,Everyday / Streetwear
625227001,Unisex,Garment Lower body,Trousers,Trousers,bottom,Grey,Spring,2019,Sportswear / Gym,Flavio tech pants,Sportswear / Gym
513325017,Men,Garment Lower body,Trousers,Trousers,bottom,Blue,Fall,2019,Office / Formal,Hunter Super Skinny,Office / Formal
697315007,Women,Garment Lower body,Trousers,Trousers,bottom,Black,Fall,2019,Everyday / Streetwear,ED Kalinda trouser,Everyday / Streetwear
568931002,Women,Garment Lower body,Skirt,Skirt,bottom,Beige,Fall,2019,Office / Formal,Jingan,Office / Formal
895762001,Women,Garment Lower body,Trousers,Trousers,bottom,Black,Summer,2019,Office / Formal,Riley culotte trouser,Office / Formal
643169002,Women,Garment Lower body,Trousers,Trousers,bottom,Blue,Fall,2019,Everyday / Streetwear,PE Sahara Denim 1,Everyday / Streetwear
670138001,Women,Garment Lower body,Shorts,Shorts,bottom,Lilac Purple,Winter,2019,Everyday / Streetwear,RA + conscious,Everyday / Streetwear
707613002,Women,Garment Lower body,Leggings/Tights,Leggings/Tights,bottom,Grey,Winter,2019,Everyday / Streetwear,SUPREME TIGHTS+,Everyday / Streetwear
740498006,Unisex,Garment Lower body,Leggings/Tights,Leggings/Tights,bottom,Unknown,Spring,2019,Sportswear / Gym,APOLLO HW seamless tights,Sportswear / Gym
640735007,Women,Garment Lower body,Skirt,Skirt,bottom,Metal,Winter,2019,Everyday / Streetwear,BOBBY SKIRT,Everyday / Streetwear
806528009,Women,Garment Lower body,Trousers,Trousers,bottom,Khaki green,Summer,2019,Office / Formal,Nihon summer slacks,Office / Formal
695544002,Women,Garment Lower body,Trousers,Trousers,bottom,Khaki green,Spring,2019,Everyday / Streetwear,Pluto slacks RW,Everyday / Streetwear
817477003,Women,Garment Lower body,Shorts,Shorts,bottom,Grey,Summer,2019,Everyday / Streetwear,Tequila denim,Everyday / Streetwear
755644002,Men,Garment Lower body,Trousers,Trousers,bottom,Blue,Fall,2019,Office / Formal,Clark slim trs,Office / Formal
400296011,Women,Garment Lower body,Trousers,Trousers,bottom,Blue,Fall,2019,Everyday / Streetwear,Culotte,Everyday / Streetwear
573085033,Women,Garment Lower body,Trousers,Trousers,bottom,Blue,Winter,2019,Everyday / Streetwear,Madison skinny HW (1),Everyday / Streetwear
816928003,Men,Garment Lower body,Shorts,Shorts,bottom,Blue,Summer,2019,Everyday / Streetwear,RC Jones Slim 5PKT,Everyday / Streetwear
731160028,Women,Garment Lower body,Trousers,Trousers,bottom,Grey,Spring,2019,Everyday / Streetwear,Shaping Skinny R.W,Everyday / Streetwear
426013024,Women,Garment Lower body,Trousers,Trousers,bottom,Blue,Summer,2019,Everyday / Streetwear,Vintage Ankle H.W,Everyday / Streetwear
681913002,Women,Garment Lower body,Trousers,Trousers,bottom,Brown,Spring,2019,Everyday / Streetwear,EQ Victoira trouser,Everyday / Streetwear
703675001,Women,Garment Lower body,Trousers,Trousers,bottom,Beige,Winter,2019,Everyday / Streetwear,W DALE TRS EQ,Everyday / Streetwear
741430002,Women,Garment Lower body,Trousers,Trousers,bottom,Black,Spring,2019,Everyday / Streetwear,Petite Ibiza Vis TRS,Everyday / Streetwear
584496001,Women,Garment Lower body,Trousers,Trousers,bottom,Pink,Fall,2019,Everyday / Streetwear,Sanna pants,Everyday / Streetwear
603585002,Women,Garment Lower body,Shorts,Shorts,bottom,Blue,Summer,2019,Everyday / Streetwear,ED Jamie,Everyday / Streetwear
830487001,Women,Garment Lower body,Trousers,Trousers,bottom,Black,Winter,2019,Everyday / Streetwear,ED Ferrari trouser,Everyday / Streetwear
729814002,Women,Garment Lower body,Shorts,Shorts,bottom,Black,Spring,2019,Everyday / Streetwear,Perrie Fancy Denim Shorts,Everyday / Streetwear
883068005,Women,Garment Lower body,Shorts,Shorts,bottom,Black,Summer,2019,Everyday / Streetwear,Margarita RW Pull-On Shorts,Everyday / Streetwear
751994004,Men,Garment Lower body,Trousers,Trousers,bottom,Blue,Fall,2019,Everyday / Streetwear,Slim 5pkt Midprice,Everyday / Streetwear
681373016,Women,Garment Lower body,Skirt,Skirt,bottom,White,Summer,2019,Everyday / Streetwear,CHERRY JRSY SKIRT,Everyday / Streetwear
636421003,Women,Garment Lower body,Skirt,Skirt,bottom,White,Fall,2019,Everyday / Streetwear,Merci,Everyday / Streetwear
633252002,Men,Garment Lower body,Trousers,Trousers,bottom,Blue,Winter,2019,Everyday / Streetwear,Jacob coated skinny,Everyday / Streetwear
752607009,Women,Garment Lower body,Leggings/Tights,Leggings/Tights,bottom,Black,Spring,2019,Everyday / Streetwear,Kim leggins,Everyday / Streetwear
656763004,Women,Garment Lower body,Shorts,Shorts,bottom,White,Fall,2019,Everyday / Streetwear,Kajsa (1),Everyday / Streetwear
694499007,Unisex,Garment Lower body,Trousers,Trousers,bottom,Pink,Winter,2019,Sportswear / Gym,Supreme Fancy,Sportswear / Gym
525500023,Men,Garment Lower body,Trousers,Trousers,bottom,Red,Winter,2019,Everyday / Streetwear,Mike jogger,Everyday / Streetwear
631269001,Women,Garment Lower body,Skirt,Skirt,bottom,Blue,Summer,2019,Everyday / Streetwear,Rose high rise rope,Everyday / Streetwear
746073007,Women,Garment Lower body,Trousers,Trousers,bottom,White,Spring,2019,Everyday / Streetwear,Super Skinny H.W Star,Everyday / Streetwear
774167003,Women,Garment Lower body,Shorts,Shorts,bottom,Black,Summer,2019,Everyday / Streetwear,Premium ASHLEY shorts,Everyday / Streetwear
736102006,Unisex,Garment Lower body,Trousers,Trousers,bottom,Green,Fall,2019,Sportswear / Gym,Jay tech pant,Sportswear / Gym
637268006,Women,Garment Lower body,Skirt,Skirt,bottom,Blue,Fall,2019,Office / Formal,April,Office / Formal
807806001,Women,Garment Lower body,Skirt,Skirt,bottom,Mole,Fall,2019,Everyday / Streetwear,Lance PU shorts,Everyday / Streetwear
877087001,Women,Garment Lower body,Skirt,Skirt,bottom,Black,Spring,2019,Everyday / Streetwear,RIRI ROUCHED TIGHT SKIRT,Everyday / Streetwear
871376003,Women,Garment Lower body,Trousers,Trousers,bottom,Grey,Summer,2019,Everyday / Streetwear,Kanye HW satin Trs,Everyday / Streetwear
726768004,Women,Garment Lower body,Trousers,Trousers,bottom,White,Summer,2019,Office / Formal,Una jumpsuit,Office / Formal
722177006,Women,Garment Lower body,Trousers,Trousers,bottom,Pink,Summer,2019,Office / Formal,Wanda Shorts,Office / Formal
878508003,Women,Garment Lower body,Shorts,Shorts,bottom,Black,Spring,2019,Everyday / Streetwear,ED Kelso shorts,Everyday / Streetwear
813016001,Women,Garment Lower body,Trousers,Trousers,bottom,White,Fall,2019,Everyday / Streetwear,Barrel HW tapered denim,Everyday / Streetwear
949198001,Women,Garment Lower body,Trousers,Trousers,bottom,Black,Summer,2019,Everyday / Streetwear,Saturday jogger,Everyday / Streetwear
816614001,Women,Garment Lower body,Skirt,Skirt,bottom,Black,Summer,2019,Everyday / Streetwear,Zelda Midi,Everyday / Streetwear
814603001,Men,Garment Lower body,Trousers,Trousers,bottom,Black,Summer,2019,Office / Formal,Chewbacca skinny tuxedo trs,Office / Formal
631495001,Women,Garment Lower body,Shorts,Shorts,bottom,Blue,Spring,2019,Everyday / Streetwear,Easy shorts,Everyday / Streetwear
759044001,Men,Garment Lower body,Trousers,Trousers,bottom,Black,Spring,2019,Everyday / Streetwear,Dean Super Skinny 5-pkt,Everyday / Streetwear
566654002,Women,Garment Lower body,Skirt,Skirt,bottom,Black,Winter,2019,Office / Formal,Clarke,Office / Formal
923134014,Women,Garment Lower body,Trousers,Trousers,bottom,Grey,Summer,2019,Everyday / Streetwear,Clara jogger,Everyday / Streetwear
706016034,Women,Garment Lower body,Trousers,Trousers,bottom,Grey,Winter,2019,Everyday / Streetwear,Jade HW Skinny Denim TRS,Everyday / Streetwear
617311002,Men,Garment Lower body,Trousers,Trousers,bottom,Grey,Fall,2019,Everyday / Streetwear,Skinny 5pkt Midnight,Everyday / Streetwear
767496001,Women,Garment Lower body,Skirt,Skirt,bottom,Blue,Summer,2019,Everyday / Streetwear,LOGG Westeros skirt,Everyday / Streetwear
662260002,Women,Garment Lower body,Trousers,Trousers,bottom,Grey,Fall,2019,Office / Formal,Tori black dressed,Office / Formal
670698006,Women,Garment Lower body,Trousers,Trousers,bottom,White,Spring,2019,Everyday / Streetwear,Rachel HW Straight Denim TRS,Everyday / Streetwear
634393002,Women,Garment Lower body,Trousers,Trousers,bottom,Blue,Fall,2019,Everyday / Streetwear,Skinny Shaping R.W Patch,Everyday / Streetwear
706401001,Men,Garment Lower body,Trousers,Trousers,bottom,Black,Winter,2019,Office / Formal,Olivier wide tuxedo trs,Office / Formal
316242055,Women,Garment Lower body,Trousers,Trousers,bottom,Black,Fall,2019,Everyday / Streetwear,Victoria (1),Everyday / Streetwear
791567001,Women,Garment Lower body,Skirt,Skirt,bottom,Mole,Fall,2019,Everyday / Streetwear,D1 PE ASANA LEATHER SKIRT,Everyday / Streetwear
749615012,Women,Garment Lower body,Trousers,Trousers,bottom,Green,Summer,2019,Office / Formal,Lia Slacks tie belt,Office / Formal
576775006,Women,Garment Lower body,Trousers,Trousers,bottom,Black,Fall,2019,Everyday / Streetwear,Iris Linen Pull on,Everyday / Streetwear
589549009,Men,Garment Lower body,Shorts,Shorts,bottom,Blue,Summer,2019,Everyday / Streetwear,Shorts Straight Midsummer (1),Everyday / Streetwear
522028001,Women,Garment Lower body,Trousers,Trousers,bottom,Black,Fall,2019,Everyday / Streetwear,Brandon trs,Everyday / Streetwear
777714001,Women,Garment Lower body,Skirt,Skirt,bottom,White,Fall,2019,Everyday / Streetwear,Frances Tweed,Everyday / Streetwear
588389001,Women,Garment Lower body,Trousers,Trousers,bottom,White,Fall,2019,Everyday / Streetwear,MC Lazy linen trs,Everyday / Streetwear
713621001,Men,Garment Lower body,Trousers,Trousers,bottom,Black,Spring,2019,Everyday / Streetwear,Hybrid jogger,Everyday / Streetwear
391750012,Men,Garment Lower body,Trousers,Trousers,bottom,Grey,Fall,2019,Office / Formal,Manson trs,Office / Formal
834059002,Men,Garment Lower body,Trousers,Trousers,bottom,Beige,Spring,2019,Office / Formal,FARM linen drawstring trousers,Office / Formal
638899002,Unisex,Garment Lower body,Leggings/Tights,Leggings/Tights,bottom,Turquoise,Fall,2019,Sportswear / Gym,PLOPP tights,Sportswear / Gym
694823001,Men,Garment Lower body,Trousers,Trousers,bottom,Black,Winter,2019,Office / Formal,Ryan wide seersucker trs,Office / Formal
810170018,Women,Garment Lower body,Trousers,Trousers,bottom,Blue,Summer,2019,Everyday / Streetwear,Skinny denim (D),Everyday / Streetwear
863581002,Men,Garment Lower body,Trousers,Trousers,bottom,Grey,Spring,2019,Everyday / Streetwear,Slim 5pkt Joggers,Everyday / Streetwear
683738001,Men,Garment Lower body,Shorts,Shorts,bottom,Black,Spring,2019,Everyday / Streetwear,RC Thunder Shorts,Everyday / Streetwear
883793001,Women,Garment Lower body,Skirt,Skirt,bottom,Mole,Summer,2019,Everyday / Streetwear,AK Pippi paperbag skirt HW,Everyday / Streetwear
652886002,Men,Garment Lower body,Trousers,Trousers,bottom,Mole,Winter,2019,Everyday / Streetwear,Jock Harem Jogger,Everyday / Streetwear
525838008,Men,Garment Lower body,Trousers,Trousers,bottom,Blue,Winter,2019,Everyday / Streetwear,TUCK CLASSIC SWEATPANTS,Everyday / Streetwear
442345026,Unisex,Garment Lower body,Shorts,Shorts,bottom,Black,Winter,2019,Sportswear / Gym,Joel basic shorts,Sportswear / Gym
572998007,Women,Garment Lower body,Trousers,Trousers,bottom,Grey,Summer,2019,Everyday / Streetwear,Beverly HW Loose Mom Fit Dnm,Everyday / Streetwear
901312001,Women,Garment Lower body,Skirt,Skirt,bottom,White,Spring,2019,Everyday / Streetwear,Selma tulle,Everyday / Streetwear
399256002,Women,Garment Lower body,Trousers,Trousers,bottom,Blue,Fall,2019,Everyday / Streetwear,Skinny Ankle R.W Brooklyn,Everyday / Streetwear
621525002,Men,Garment Lower body,Shorts,Shorts,bottom,Green,Fall,2019,Everyday / Streetwear,Bosco short,Everyday / Streetwear
539723042,Women,Garment Lower body,Trousers,Trousers,bottom,Black,Fall,2019,Everyday / Streetwear,Jade Denim TRS,Everyday / Streetwear
520513002,Women,Garment Lower body,Skirt,Skirt,bottom,Black,Fall,2019,Everyday / Streetwear,J Lily,Everyday / Streetwear
807064002,Women,Garment Lower body,Leggings/Tights,Leggings/Tights,bottom,Brown,Fall,2019,Everyday / Streetwear,Furi tights,Everyday / Streetwear
669919001,Women,Garment Lower body,Skirt,Skirt,bottom,Black,Fall,2019,Everyday / Streetwear,Bogart skirt,Everyday / Streetwear
625545003,Women,Garment Lower body,Trousers,Trousers,bottom,Blue,Fall,2019,Everyday / Streetwear,Mrs C Trs,Everyday / Streetwear
779842001,Women,Garment Lower body,Trousers,Trousers,bottom,Black,Fall,2019,Everyday / Streetwear,Push Up Shaping H.W ankle,Everyday / Streetwear
851418001,Women,Garment Lower body,Skirt,Skirt,bottom,Mole,Winter,2019,Everyday / Streetwear,Bulgakov skirt,Everyday / Streetwear
665666003,Men,Garment Lower body,Trousers,Trousers,bottom,Unknown,Fall,2019,Everyday / Streetwear,COBALT slim straight selvedge,Everyday / Streetwear
441386004,Men,Garment Lower body,Trousers,Trousers,bottom,Grey,Winter,2019,Everyday / Streetwear,Jonte Slim Jogger 24.99:-,Everyday / Streetwear
799365009,Women,Garment Lower body,Trousers,Trousers,bottom,Blue,Winter,2019,Everyday / Streetwear,Vintage Slim HW ankle consc.,Everyday / Streetwear
607009004,Men,Garment Lower body,Trousers,Trousers,bottom,Black,Fall,2019,Everyday / Streetwear,Jay skinny fit trs,Everyday / Streetwear
618112001,Women,Garment Lower body,Trousers,Trousers,bottom,Blue,Fall,2019,Everyday / Streetwear,&DENIM Girlfriend RW,Everyday / Streetwear
943097001,Women,Garment Lower body,Trousers,Trousers,bottom,Beige,Summer,2019,Everyday / Streetwear,Sandra HW Wide Trousers 1,Everyday / Streetwear
741342002,Women,Garment Lower body,Skirt,Skirt,bottom,Beige,Fall,2019,Office / Formal,Eve plisse skirt,Office / Formal
542119001,Women,Garment Lower body,Trousers,Trousers,bottom,Blue,Winter,2019,Everyday / Streetwear,Simone High Fancy,Everyday / Streetwear
708101001,Women,Garment Lower body,Trousers,Trousers,bottom,Black,Winter,2019,Office / Formal,Sandy wide,Office / Formal
582165001,Women,Garment Lower body,Trousers,Trousers,bottom,Black,Fall,2019,Everyday / Streetwear,Leone TRS,Everyday / Streetwear
618727001,Women,Garment Lower body,Trousers,Trousers,bottom,Grey,Fall,2019,Everyday / Streetwear,Dara PU pants,Everyday / Streetwear
777221002,Women,Garment Lower body,Shorts,Shorts,bottom,Blue,Spring,2019,Everyday / Streetwear,PUFFIN PLAYSUIT,Everyday / Streetwear
781467013,Women,Garment Lower body,Trousers,Trousers,bottom,Beige,Summer,2019,Everyday / Streetwear,PQ RAGU CTN/CASH JOGGERS,Everyday / Streetwear
399136011,Women,Garment Lower body,Trousers,Trousers,bottom,Khaki green,Fall,2019,Everyday / Streetwear,Shaping Skinny R.W,Everyday / Streetwear
922119001,Women,Garment Lower body,Skirt,Skirt,bottom,Black,Summer,2019,Everyday / Streetwear,Ubon,Everyday / Streetwear
775423002,Women,Garment Lower body,Shorts,Shorts,bottom,Beige,Spring,2019,Everyday / Streetwear,jenga shorts,Everyday / Streetwear
513696004,Women,Garment Lower body,Shorts,Shorts,bottom,White,Summer,2019,Everyday / Streetwear,Meadow lace shorts,Everyday / Streetwear
841154001,Women,Garment Lower body,Leggings/Tights,Leggings/Tights,bottom,Black,Winter,2019,Everyday / Streetwear,Sport SUPREME blocking tights,Everyday / Streetwear
837941001,Women,Garment Lower body,Trousers,Trousers,bottom,Blue,Summer,2019,Everyday / Streetwear,Tio NW straight denim,Everyday / Streetwear
864928007,Women,Garment Lower body,Shorts,Shorts,bottom,Beige,Summer,2019,Everyday / Streetwear,Sun,Everyday / Streetwear
795549001,Women,Garment Lower body,Trousers,Trousers,bottom,Blue,Fall,2019,Everyday / Streetwear,Hollywood Denim TRS,Everyday / Streetwear
792401002,Women,Garment Lower body,Trousers,Trousers,bottom,Beige,Fall,2019,Everyday / Streetwear,Cape town HW,Everyday / Streetwear
691579001,Women,Garment Lower body,Trousers,Trousers,bottom,Brown,Fall,2019,Everyday / Streetwear,Nut trousers,Everyday / Streetwear
751994001,Men,Garment Lower body,Trousers,Trousers,bottom,Black,Fall,2019,Everyday / Streetwear,Slim Midprice Zip Fly,Everyday / Streetwear
241412038,Women,Garment Lower body,Leggings/Tights,Leggings/Tights,bottom,Red,Fall,2019,Everyday / Streetwear,AOP Leggings,Everyday / Streetwear
774627005,Men,Garment Lower body,Shorts,Shorts,bottom,Khaki green,Summer,2019,Everyday / Streetwear,Wow Relax Shorts,Everyday / Streetwear
539723013,Women,Garment Lower body,Trousers,Trousers,bottom,Blue,Fall,2019,Everyday / Streetwear,Jade Denim TRS,Everyday / Streetwear
630084008,Men,Garment Lower body,Shorts,Shorts,bottom,Black,Summer,2019,Everyday / Streetwear,Steven pull on,Everyday / Streetwear
817416001,Women,Garment Lower body,Shorts,Shorts,bottom,Black,Summer,2019,Everyday / Streetwear,Sunset HW utility,Everyday / Streetwear
809103002,Women,Garment Lower body,Trousers,Trousers,bottom,Black,Winter,2019,Everyday / Streetwear,Norma Woven TRS,Everyday / Streetwear
856119003,Women,Garment Lower body,Skirt,Skirt,bottom,Pink,Spring,2019,Everyday / Streetwear,ED Caroline tulle skirt,Everyday / Streetwear
767775001,Women,Garment Lower body,Trousers,Trousers,bottom,Beige,Winter,2019,Everyday / Streetwear,Dante jumpsuit,Everyday / Streetwear
816928001,Men,Garment Lower body,Shorts,Shorts,bottom,Mole,Summer,2019,Everyday / Streetwear,RC Jones Slim 5PKT,Everyday / Streetwear
720810002,Men,Garment Lower body,Trousers,Trousers,bottom,Blue,Winter,2019,Everyday / Streetwear,Cobra Constructed,Everyday / Streetwear
824778005,Women,Garment Lower body,Skirt,Skirt,bottom,Black,Summer,2019,Everyday / Streetwear,POLLY JEAN,Everyday / Streetwear
618480001,Men,Garment Lower body,Trousers,Trousers,bottom,Black,Fall,2019,Everyday / Streetwear,Dean Super Skinny Twill,Everyday / Streetwear
534037001,Women,Garment Lower body,Skirt,Skirt,bottom,Black,Summer,2019,Office / Formal,Monsa,Office / Formal
810170013,Women,Garment Lower body,Trousers,Trousers,bottom,Lilac Purple,Summer,2019,Everyday / Streetwear,Skinny denim (D),Everyday / Streetwear
754800001,Women,Garment Lower body,Skirt,Skirt,bottom,Blue,Summer,2019,Everyday / Streetwear,Brandy Worked Denim,Everyday / Streetwear
567805005,Men,Garment Lower body,Trousers,Trousers,bottom,Khaki green,Fall,2019,Everyday / Streetwear,Freddie Linen,Everyday / Streetwear
766595006,Men,Garment Lower body,Trousers,Trousers,bottom,Black,Winter,2019,Office / Formal,Hampsted drawstring trs,Office / Formal
787481006,Women,Garment Lower body,Trousers,Trousers,bottom,White,Fall,2019,Everyday / Streetwear,Solange 5pkt TVP HW,Everyday / Streetwear
618480002,Men,Garment Lower body,Trousers,Trousers,bottom,Khaki green,Fall,2019,Everyday / Streetwear,Dean Super Skinny Twill,Everyday / Streetwear
794395001,Women,Garment Lower body,Skirt,Skirt,bottom,Black,Fall,2019,Everyday / Streetwear,Phill,Everyday / Streetwear
619905003,Women,Garment Lower body,Shorts,Shorts,bottom,Blue,Fall,2019,Office / Formal,Mudi,Office / Formal
719220002,Women,Garment Lower body,Trousers,Trousers,bottom,Black,Winter,2019,Everyday / Streetwear,W JOE HW TRS,Everyday / Streetwear
730863040,Men,Garment Lower body,Trousers,Trousers,bottom,Blue,Summer,2019,Everyday / Streetwear,Skinny 5pkt Midprice,Everyday / Streetwear
730683011,Unisex,Garment Lower body,Leggings/Tights,Leggings/Tights,bottom,Brown,Fall,2019,Sportswear / Gym,HAVANA HW tights,Sportswear / Gym
648635001,Women,Garment Lower body,Shorts,Shorts,bottom,White,Fall,2019,Everyday / Streetwear,Terracotta,Everyday / Streetwear
900227004,Women,Garment Lower body,Trousers,Trousers,bottom,Blue,Summer,2019,Everyday / Streetwear,Shaping Skinny HW Petite,Everyday / Streetwear
637820001,Unisex,Garment Lower body,Trousers,Trousers,bottom,Black,Fall,2019,Sportswear / Gym,HAVANA trs,Sportswear / Gym
735583001,Unisex,Garment Lower body,Leggings/Tights,Leggings/Tights,bottom,Black,Winter,2019,Sportswear / Gym,PIGALLE tights,Sportswear / Gym
660401003,Men,Garment Lower body,Trousers,Trousers,bottom,Black,Fall,2019,Everyday / Streetwear,Karzar trousers,Everyday / Streetwear
582257001,Unisex,Garment Lower body,Shorts,Shorts,bottom,Black,Fall,2019,Sportswear / Gym,ISA shorts,Sportswear / Gym
818621005,Women,Garment Lower body,Trousers,Trousers,bottom,Black,Summer,2019,Everyday / Streetwear,PS JAZZ CASH JOGGER,Everyday / Streetwear
256151015,Women,Garment Lower body,Trousers,Trousers,bottom,Grey,Fall,2019,Everyday / Streetwear,Superstretch Fancy denim,Everyday / Streetwear
697167003,Women,Garment Lower body,Trousers,Trousers,bottom,Khaki green,Winter,2019,Everyday / Streetwear,Meredith Cargo Skinny R.W,Everyday / Streetwear
670698001,Women,Garment Lower body,Trousers,Trousers,bottom,Blue,Spring,2019,Everyday / Streetwear,Rachel HW Denim TRS,Everyday / Streetwear
790368002,Women,Garment Lower body,Trousers,Trousers,bottom,Brown,Fall,2019,Everyday / Streetwear,Pantha PU leggings,Everyday / Streetwear
727641003,Women,Garment Lower body,Trousers,Trousers,bottom,Blue,Spring,2019,Everyday / Streetwear,Bronn culotte jumpsuit,Everyday / Streetwear
906612002,Women,Garment Lower body,Trousers,Trousers,bottom,Black,Summer,2019,Everyday / Streetwear,Vintage Straight Trash Consc.,Everyday / Streetwear
537071001,Women,Garment Lower body,Skirt,Skirt,bottom,Black,Fall,2019,Everyday / Streetwear,Courtney Embroidery,Everyday / Streetwear
852420001,Women,Garment Lower body,Trousers,Trousers,bottom,Blue,Summer,2019,Everyday / Streetwear,Jalapeno trousers,Everyday / Streetwear
538905010,Women,Garment Lower body,Trousers,Trousers,bottom,Blue,Fall,2019,Everyday / Streetwear,Queen Bee Jogger,Everyday / Streetwear
738770003,Women,Garment Lower body,Trousers,Trousers,bottom,Beige,Spring,2019,Everyday / Streetwear,PE AMALFI TROUSERS 3,Everyday / Streetwear
863156003,Women,Garment Lower body,Shorts,Shorts,bottom,Black,Summer,2019,Everyday / Streetwear,Ross HW Denim Shorts,Everyday / Streetwear
484262001,Men,Garment Lower body,Shorts,Shorts,bottom,Black,Winter,2019,Everyday / Streetwear,Oleary cord,Everyday / Streetwear
815456004,Men,Garment Lower body,Trousers,Trousers,bottom,Brown,Spring,2019,Everyday / Streetwear,Madison Slim Stretch Chino,Everyday / Streetwear
669014002,Women,Garment Lower body,Skirt,Skirt,bottom,Red,Fall,2019,Everyday / Streetwear,Johnsson skirt,Everyday / Streetwear
575542004,Women,Garment Lower body,Trousers,Trousers,bottom,undefined,Fall,2019,Everyday / Streetwear,Summer pants (Saigon),Everyday / Streetwear
683738002,Men,Garment Lower body,Shorts,Shorts,bottom,Khaki green,Winter,2019,Everyday / Streetwear,RC Thunder Shorts,Everyday / Streetwear
746445001,Women,Garment Lower body,Skirt,Skirt,bottom,Pink,Spring,2019,Everyday / Streetwear,KAT PINNAFORE S.9,Everyday / Streetwear
451380001,Men,Garment Lower body,Trousers,Trousers,bottom,Black,Fall,2019,Everyday / Streetwear,Bruce denim,Everyday / Streetwear
670942006,Women,Garment Lower body,Trousers,Trousers,bottom,Green,Spring,2019,Everyday / Streetwear,W GENOVA TRS EQ,Everyday / Streetwear
675281002,Women,Garment Lower body,Skirt,Skirt,bottom,Beige,Fall,2019,Everyday / Streetwear,Jasper pencil J,Everyday / Streetwear
711711001,Women,Garment Lower body,Trousers,Trousers,bottom,Black,Fall,2019,Everyday / Streetwear,LOGG Velour jogger,Everyday / Streetwear
858910002,Women,Garment Lower body,Shorts,Shorts,bottom,Beige,Spring,2019,Everyday / Streetwear,ED Glamping shorts,Everyday / Streetwear
576775012,Women,Garment Lower body,Trousers,Trousers,bottom,Khaki green,Fall,2019,Everyday / Streetwear,Iris Linen Pull on,Everyday / Streetwear
756633004,Women,Garment Lower body,Shorts,Shorts,bottom,Blue,Summer,2019,Everyday / Streetwear,Tequila shorts denim/fancy,Everyday / Streetwear
816494001,Women,Garment Lower body,Trousers,Trousers,bottom,Black,Fall,2019,Everyday / Streetwear,PQ ANNA SWEAT TIGHTS,Everyday / Streetwear
720125051,Unisex,Garment Lower body,Leggings/Tights,Leggings/Tights,bottom,Blue,Spring,2019,Sportswear / Gym,SUPREME RW tights,Sportswear / Gym
150959013,Unisex,Garment Lower body,Trousers,Trousers,bottom,Grey,Winter,2019,Sportswear / Gym,THOMPSON woven sport pants,Sportswear / Gym
801890001,Men,Garment Lower body,Trousers,Trousers,bottom,Black,Spring,2019,Everyday / Streetwear,Skinny Supreme Comfort,Everyday / Streetwear
559820004,Men,Garment Lower body,Trousers,Trousers,bottom,Beige,Fall,2019,Everyday / Streetwear,Vinnie Chino,Everyday / Streetwear
674314002,Women,Garment Lower body,Trousers,Trousers,bottom,Blue,Spring,2019,Everyday / Streetwear,DIV Ella slit denim,Everyday / Streetwear
550391001,Women,Garment Lower body,Trousers,Trousers,bottom,Black,Fall,2019,Everyday / Streetwear,Flare leather trousers,Everyday / Streetwear
656649003,Unisex,Garment Lower body,Leggings/Tights,Leggings/Tights,bottom,Lilac Purple,Fall,2019,Sportswear / Gym,APOLLO seamless tights,Sportswear / Gym
827687003,Women,Garment Lower body,Trousers,Trousers,bottom,Beige,Summer,2019,Everyday / Streetwear,Sunset HW Pull-on Woven Trs,Everyday / Streetwear
715311001,Women,Garment Lower body,Skirt,Skirt,bottom,Black,Winter,2019,Everyday / Streetwear,Detroit Midi skirt,Everyday / Streetwear
399223026,Women,Garment Lower body,Trousers,Trousers,bottom,Blue,Winter,2019,Everyday / Streetwear,Jeggings H.W,Everyday / Streetwear
800529002,Women,Garment Lower body,Trousers,Trousers,bottom,Black,Fall,2019,Everyday / Streetwear,Sandy Paperbag Utility Woven,Everyday / Streetwear
814517001,Women,Garment Lower body,Skirt,Skirt,bottom,Black,Fall,2019,Everyday / Streetwear,Ally Twill Pinafore,Everyday / Streetwear
890677004,Unisex,Garment Lower body,Trousers,Trousers,bottom,Grey,Summer,2019,Sportswear / Gym,Jagger tight pant,Sportswear / Gym
545881001,Women,Garment Lower body,Leggings/Tights,Leggings/Tights,bottom,Black,Winter,2019,Loungewear / Home,Net 1p Leggings,Loungewear / Home
579421001,Women,Garment Lower body,Skirt,Skirt,bottom,Red,Fall,2019,Everyday / Streetwear,PE Judy skirt,Everyday / Streetwear
733267005,Women,Garment Lower body,Shorts,Shorts,bottom,Beige,Spring,2019,Everyday / Streetwear,Sibling HW,Everyday / Streetwear
537749001,Women,Garment Lower body,Skirt,Skirt,bottom,Black,Fall,2019,Everyday / Streetwear,OL unique PU ref Livia,Everyday / Streetwear
639838019,Women,Garment Lower body,Skirt,Skirt,bottom,Blue,Winter,2019,Everyday / Streetwear,Ta bort,Everyday / Streetwear
701347001,Women,Garment Lower body,Trousers,Trousers,bottom,Blue,Summer,2019,Everyday / Streetwear,Chickadee Jumpsuit,Everyday / Streetwear
766402016,Men,Garment Lower body,Trousers,Trousers,bottom,Grey,Summer,2019,Everyday / Streetwear,Laurent slim fit jogger,Everyday / Streetwear
617831001,Women,Garment Lower body,Trousers,Trousers,bottom,Blue,Fall,2019,Everyday / Streetwear,DIV Brenda trash dungaree,Everyday / Streetwear
491912022,Men,Garment Lower body,Trousers,Trousers,bottom,Green,Fall,2019,Everyday / Streetwear,Kennedy (1),Everyday / Streetwear
608187001,Women,Garment Lower body,Shorts,Shorts,bottom,Black,Spring,2019,Everyday / Streetwear,Mothley Shorts,Everyday / Streetwear
398089018,Women,Garment Lower body,Shorts,Shorts,bottom,Blue,Fall,2019,Everyday / Streetwear,Shorts R.W Bargain,Everyday / Streetwear
652731003,Women,Garment Lower body,Skirt,Skirt,bottom,Red,Fall,2019,Office / Formal,Florida,Office / Formal
589061001,Women,Garment Lower body,Skirt,Skirt,bottom,Metal,Winter,2019,Everyday / Streetwear,Chief silver skirt,Everyday / Streetwear
788146001,Women,Garment Lower body,Skirt,Skirt,bottom,Blue,Winter,2019,Everyday / Streetwear,Cynthia Skirt,Everyday / Streetwear
805469001,Men,Garment Lower body,Trousers,Trousers,bottom,Black,Fall,2019,Everyday / Streetwear,SCOTT SLIM FIT SWEATPANTS,Everyday / Streetwear
820630001,Women,Garment Lower body,Leggings/Tights,Leggings/Tights,bottom,Khaki green,Summer,2019,Everyday / Streetwear,Melany Shiny Leggings,Everyday / Streetwear
868393001,Women,Garment Lower body,Trousers,Trousers,bottom,Beige,Spring,2019,Everyday / Streetwear,Lilja trouser,Everyday / Streetwear
447694002,Men,Garment Lower body,Trousers,Trousers,bottom,Grey,Fall,2019,Everyday / Streetwear,Benny Shorts (1),Everyday / Streetwear
865474001,Unisex,Garment Lower body,Outdoor trousers,Outdoor trousers,bottom,Black,Summer,2019,Sportswear / Gym,Thompson woven pant,Sportswear / Gym
909827002,Women,Garment Lower body,Trousers,Trousers,bottom,Beige,Summer,2019,Everyday / Streetwear,PQ VIGO CTN/CASH TRS,Everyday / Streetwear
849753003,Unisex,Garment Lower body,Trousers,Trousers,bottom,Grey,Summer,2019,Sportswear / Gym,Oliver Sweatpants,Sportswear / Gym
617738001,Women,Garment Lower body,Leggings/Tights,Leggings/Tights,bottom,Grey,Fall,2019,Everyday / Streetwear,DIV Ride leggings,Everyday / Streetwear
772349014,Women,Garment Lower body,Shorts,Shorts,bottom,Brown,Summer,2019,Everyday / Streetwear,Glamping.(1),Everyday / Streetwear
689562001,Women,Garment Lower body,Trousers,Trousers,bottom,Black,Winter,2019,Everyday / Streetwear,Space Dungaree,Everyday / Streetwear
483011005,Women,Garment Lower body,Skirt,Skirt,bottom,Black,Fall,2019,Everyday / Streetwear,W Luka,Everyday / Streetwear
658304001,Women,Garment Lower body,Skirt,Skirt,bottom,Blue,Fall,2019,Everyday / Streetwear,Skirt Mini Aline,Everyday / Streetwear
639838007,Women,Garment Lower body,Skirt,Skirt,bottom,Black,Fall,2019,Everyday / Streetwear,Tessa plissè,Everyday / Streetwear
688276004,Men,Garment Lower body,Trousers,Trousers,bottom,Green,Summer,2019,Everyday / Streetwear,Dirk pull on,Everyday / Streetwear
638842001,Women,Garment Lower body,Trousers,Trousers,bottom,Blue,Winter,2019,Everyday / Streetwear,Knuten Trousers,Everyday / Streetwear
900240004,Women,Garment Lower body,Trousers,Trousers,bottom,Blue,Summer,2019,Everyday / Streetwear,Curvy Jegging HW Petite,Everyday / Streetwear
685811017,Men,Garment Lower body,Shorts,Shorts,bottom,Pink,Spring,2019,Everyday / Streetwear,Benny Shorts,Everyday / Streetwear
759814010,Women,Garment Lower body,Trousers,Trousers,bottom,Black,Fall,2019,Everyday / Streetwear,Sky HW jogger,Everyday / Streetwear
549256001,Women,Garment Lower body,Trousers,Trousers,bottom,Blue,Fall,2019,Everyday / Streetwear,Skinny HW tusuka buttons,Everyday / Streetwear
816423001,Women,Garment Lower body,Shorts,Shorts,bottom,Black,Summer,2019,Everyday / Streetwear,Ozzy  HW Denim Shorts,Everyday / Streetwear
660308016,Women,Garment Lower body,Trousers,Trousers,bottom,Black,Summer,2019,Everyday / Streetwear,Gemma Woven TRS,Everyday / Streetwear
498738020,Unisex,Garment Lower body,Trousers,Trousers,bottom,Black,Fall,2019,Sportswear / Gym,SUPREME FANCY TIGHTS,Sportswear / Gym
589954003,Women,Garment Lower body,Skirt,Skirt,bottom,Black,Fall,2019,Everyday / Streetwear,RITA JACQUARD,Everyday / Streetwear
602222005,Men,Garment Lower body,Shorts,Shorts,bottom,Black,Winter,2019,Everyday / Streetwear,RC Rock Relaxed shorts,Everyday / Streetwear
554477005,Women,Garment Lower body,Trousers,Trousers,bottom,Black,Summer,2019,Everyday / Streetwear,Victoria RW Pull- On TRS,Everyday / Streetwear
708311027,Women,Garment Lower body,Trousers,Trousers,bottom,Pink,Winter,2019,Office / Formal,vermont fancy slacks (1),Office / Formal
554450002,Women,Garment Lower body,Trousers,Trousers,bottom,Grey,Fall,2019,Everyday / Streetwear,Julia Denim TRS,Everyday / Streetwear
593972001,Women,Garment Lower body,Trousers,Trousers,bottom,Black,Fall,2019,Everyday / Streetwear,Diandra  joggers,Everyday / Streetwear
568808019,Women,Garment Lower body,Trousers,Trousers,bottom,Blue,Winter,2019,Office / Formal,Vermont Summer,Office / Formal
831714001,Women,Garment Lower body,Shorts,Shorts,bottom,Black,Fall,2019,Everyday / Streetwear,Jessie PU Shorts,Everyday / Streetwear
664447001,Women,Garment Lower body,Trousers,Trousers,bottom,Black,Winter,2019,Everyday / Streetwear,selena trousers,Everyday / Streetwear
787481009,Women,Garment Lower body,Trousers,Trousers,bottom,Blue,Summer,2019,Everyday / Streetwear,Solange 5pkt TVP HW TVP,Everyday / Streetwear
718767001,Women,Garment Lower body,Shorts,Shorts,bottom,White,Spring,2019,Everyday / Streetwear,Paradise HW,Everyday / Streetwear
621827001,Women,Garment Lower body,Trousers,Trousers,bottom,Blue,Fall,2019,Everyday / Streetwear,Vanilla sky,Everyday / Streetwear
516900001,Unisex,Garment Lower body,Shorts,Shorts,bottom,Black,Fall,2019,Sportswear / Gym,BB 2-pack Carter shorts,Sportswear / Gym
786197004,Women,Garment Lower body,Skirt,Skirt,bottom,White,Winter,2019,Office / Formal,Coco skirt,Office / Formal
887949006,Women,Garment Lower body,Trousers,Trousers,bottom,Blue,Summer,2019,Everyday / Streetwear,Fraser HW pull-on,Everyday / Streetwear
516809003,Women,Garment Lower body,Skirt,Skirt,bottom,Metal,Winter,2019,Everyday / Streetwear,W Bowie,Everyday / Streetwear
584916001,Men,Garment Lower body,Trousers,Trousers,bottom,Grey,Fall,2019,Everyday / Streetwear,HARVEST trousers,Everyday / Streetwear
698718001,Women,Garment Lower body,Shorts,Shorts,bottom,Blue,Spring,2019,Everyday / Streetwear,Perrie Denim Shorts,Everyday / Streetwear
505561003,Women,Garment Lower body,Trousers,Trousers,bottom,Khaki green,Fall,2019,Everyday / Streetwear,Crew,Everyday / Streetwear
785465001,Women,Garment Lower body,Trousers,Trousers,bottom,White,Spring,2019,Everyday / Streetwear,Vacation fancy wide cropped,Everyday / Streetwear
489838008,Women,Garment Lower body,Trousers,Trousers,bottom,Grey,Fall,2019,Everyday / Streetwear,Barza,Everyday / Streetwear
682682001,Women,Garment Lower body,Skirt,Skirt,bottom,Black,Fall,2019,Everyday / Streetwear,Francis Skirt,Everyday / Streetwear
710876034,Men,Garment Lower body,Trousers,Trousers,bottom,Beige,Spring,2019,Everyday / Streetwear,Kennedy skinny stretch chinos,Everyday / Streetwear
713156002,Women,Garment Lower body,Trousers,Trousers,bottom,Khaki green,Spring,2019,Everyday / Streetwear,LOGG Iris linen jogger,Everyday / Streetwear
252298013,Women,Garment Lower body,Trousers,Trousers,bottom,Khaki green,Spring,2019,Everyday / Streetwear,Danae jeans,Everyday / Streetwear
606395026,Men,Garment Lower body,Trousers,Trousers,bottom,Unknown,Summer,2019,Everyday / Streetwear,Arjen,Everyday / Streetwear
606322004,Men,Garment Lower body,Trousers,Trousers,bottom,Blue,Fall,2019,Everyday / Streetwear,Super Skinny Medieval,Everyday / Streetwear
574528006,Men,Garment Lower body,Trousers,Trousers,bottom,Red,Summer,2019,Everyday / Streetwear,Filmore chino,Everyday / Streetwear
905781001,Women,Garment Lower body,Trousers,Trousers,bottom,Black,Summer,2019,Everyday / Streetwear,PETITE Madeleine HW woven TRS,Everyday / Streetwear
815549002,Women,Garment Lower body,Trousers,Trousers,bottom,Blue,Summer,2019,Everyday / Streetwear,Perrie Acid/ CutlinesDenim TRS,Everyday / Streetwear
769046001,Unisex,Garment Lower body,Trousers,Trousers,bottom,Grey,Fall,2019,Sportswear / Gym,Tess tights,Sportswear / Gym
212766046,Men,Garment Lower body,Trousers,Trousers,bottom,Blue,Summer,2019,Everyday / Streetwear,Dean Drawstring Trousers.,Everyday / Streetwear
554479007,Women,Garment Lower body,Shorts,Shorts,bottom,Blue,Fall,2019,Everyday / Streetwear,Ozzy Denim Shorts,Everyday / Streetwear
649671009,Women,Garment Lower body,Trousers,Trousers,bottom,Beige,Winter,2019,Everyday / Streetwear,DeLuca pull-on jogger RW,Everyday / Streetwear
816933002,Women,Garment Lower body,Trousers,Trousers,bottom,Black,Winter,2019,Everyday / Streetwear,Majsan Dungaree,Everyday / Streetwear
659315001,Women,Garment Lower body,Trousers,Trousers,bottom,Black,Spring,2019,Everyday / Streetwear,LF Rose Kickflare Trouser,Everyday / Streetwear
732842009,Women,Garment Lower body,Trousers,Trousers,bottom,Blue,Spring,2019,Everyday / Streetwear,Embrace S.Skinny H.W Trash,Everyday / Streetwear
799349001,Women,Garment Lower body,Skirt,Skirt,bottom,Red,Spring,2019,Everyday / Streetwear,Tina skirt,Everyday / Streetwear
538993003,Women,Garment Lower body,Trousers,Trousers,bottom,Black,Spring,2019,Everyday / Streetwear,Bones utility trousers HW,Everyday / Streetwear
723395001,Women,Garment Lower body,Trousers,Trousers,bottom,Blue,Winter,2019,Everyday / Streetwear,CNY Culotte H.W,Everyday / Streetwear
704126002,Women,Garment Lower body,Trousers,Trousers,bottom,Blue,Spring,2019,Everyday / Streetwear,Stella RW skinny cropped CN,Everyday / Streetwear
888359001,Women,Garment Lower body,Skirt,Skirt,bottom,Orange,Summer,2019,Everyday / Streetwear,Festival Roxanne Skirt,Everyday / Streetwear
777397001,Men,Garment Lower body,Shorts,Shorts,bottom,Black,Summer,2019,Everyday / Streetwear,Lou Shorts Legpkt,Everyday / Streetwear
663516001,Men,Garment Lower body,Trousers,Trousers,bottom,Blue,Fall,2019,Everyday / Streetwear,Straight 2,Everyday / Streetwear
638751002,Men,Garment Lower body,Trousers,Trousers,bottom,Black,Fall,2019,Everyday / Streetwear,Slim Straight 5pkt 1,Everyday / Streetwear
747099004,Women,Garment Lower body,Skirt,Skirt,bottom,Yellow,Spring,2019,Everyday / Streetwear,Becca skirt,Everyday / Streetwear
751960005,Men,Garment Lower body,Trousers,Trousers,bottom,Beige,Summer,2019,Everyday / Streetwear,Christopher Poplin Cargo,Everyday / Streetwear
687704040,Women,Garment Lower body,Trousers,Trousers,bottom,Blue,Winter,2019,Everyday / Streetwear,Embrace S.Skinny Ankle H.W,Everyday / Streetwear
619884023,Women,Garment Lower body,Shorts,Shorts,bottom,Pink,Spring,2019,Office / Formal,Trinny,Office / Formal
817497001,Women,Garment Lower body,Trousers,Trousers,bottom,Beige,Summer,2019,Everyday / Streetwear,Denise Utility Dungaree,Everyday / Streetwear
831859001,Women,Garment Lower body,Skirt,Skirt,bottom,Blue,Fall,2019,Office / Formal,Ture skirt,Office / Formal
751471043,Women,Garment Lower body,Trousers,Trousers,bottom,Black,Summer,2019,Everyday / Streetwear,Pluto RW slacks (1),Everyday / Streetwear
920163001,Women,Garment Lower body,Trousers,Trousers,bottom,Beige,Summer,2019,Everyday / Streetwear,PETITE Brentwood HW Trs,Everyday / Streetwear
735648002,Women,Garment Lower body,Skirt,Skirt,bottom,Blue,Spring,2019,Office / Formal,Heather,Office / Formal
894362001,Unisex,Garment Lower body,Leggings/Tights,Leggings/Tights,bottom,Black,Summer,2019,Sportswear / Gym,Lucy Shaping Zip Tights,Sportswear / Gym
582449004,Unisex,Garment Lower body,Shorts,Shorts,bottom,Black,Fall,2019,Sportswear / Gym,NINA shorts,Sportswear / Gym
729928013,Women,Garment Lower body,Skirt,Skirt,bottom,Black,Summer,2019,Everyday / Streetwear,JESSY SKIRT S.0,Everyday / Streetwear
872266001,Women,Garment Lower body,Trousers,Trousers,bottom,Blue,Summer,2019,Everyday / Streetwear,Skinny HW Ankle,Everyday / Streetwear
676845001,Women,Garment Lower body,Trousers,Trousers,bottom,Black,Fall,2019,Everyday / Streetwear,Miss Wide Legs,Everyday / Streetwear
851400014,Women,Garment Lower body,Skirt,Skirt,bottom,Brown,Summer,2019,Office / Formal,Florida skirt,Office / Formal
790365001,Women,Garment Lower body,Leggings/Tights,Leggings/Tights,bottom,Black,Winter,2019,Loungewear / Home,Fake Suede 1 Leggings,Loungewear / Home
403844010,Unisex,Garment Lower body,Trousers,Trousers,bottom,Grey,Summer,2019,Sportswear / Gym,Montana pants,Sportswear / Gym
746069002,Women,Garment Lower body,Trousers,Trousers,bottom,Blue,Summer,2019,Everyday / Streetwear,Mom Fit Trash,Everyday / Streetwear
652938002,Women,Garment Lower body,Trousers,Trousers,bottom,Blue,Fall,2019,Everyday / Streetwear,&DENIMSkinny ancle RW brooklyn,Everyday / Streetwear
887830003,Women,Garment Lower body,Skirt,Skirt,bottom,Blue,Summer,2019,Everyday / Streetwear,Skirt Mini,Everyday / Streetwear
817417002,Women,Garment Lower body,Shorts,Shorts,bottom,Blue,Summer,2019,Everyday / Streetwear,Khloe(1),Everyday / Streetwear
885898001,Women,Garment Lower body,Shorts,Shorts,bottom,Yellow,Spring,2019,Everyday / Streetwear,LA-JS-W-JS BIKE SHORTS,Everyday / Streetwear
687704022,Women,Garment Lower body,Trousers,Trousers,bottom,Blue,Spring,2019,Everyday / Streetwear,Embrace S.Skinny Ankle H.W,Everyday / Streetwear
766495006,Women,Garment Lower body,Skirt,Skirt,bottom,Orange,Summer,2019,Office / Formal,Kevin,Office / Formal
781135002,Women,Garment Lower body,Trousers,Trousers,bottom,Blue,Summer,2019,Everyday / Streetwear,Wide H.W Ankle,Everyday / Streetwear
466595021,Men,Garment Lower body,Trousers,Trousers,bottom,Red,Fall,2019,Everyday / Streetwear,Rawley chinos,Everyday / Streetwear
829662001,Women,Garment Lower body,Trousers,Trousers,bottom,Khaki green,Spring,2019,Everyday / Streetwear,Joan jumpsuit,Everyday / Streetwear
875105002,Men,Garment Lower body,Trousers,Trousers,bottom,Black,Summer,2019,Everyday / Streetwear,Relaxed Midprice (1),Everyday / Streetwear
739303002,Women,Garment Lower body,Trousers,Trousers,bottom,Black,Spring,2019,Everyday / Streetwear,Eve HW wide trousers,Everyday / Streetwear
716664002,Men,Garment Lower body,Trousers,Trousers,bottom,Blue,Spring,2019,Everyday / Streetwear,FLINT chinos,Everyday / Streetwear
479750003,Women,Garment Lower body,Shorts,Shorts,bottom,Black,Summer,2019,Office / Formal,City shorts,Office / Formal
720346001,Women,Garment Lower body,Shorts,Shorts,bottom,Blue,Summer,2019,Everyday / Streetwear,Chilli shorts,Everyday / Streetwear
802554001,Women,Garment Lower body,Trousers,Trousers,bottom,Black,Fall,2019,Everyday / Streetwear,Megan Party Jazz Leggings,Everyday / Streetwear
872619001,Women,Garment Lower body,Trousers,Trousers,bottom,White,Spring,2019,Everyday / Streetwear,LOGG Olive jumpsuit,Everyday / Streetwear
781413001,Women,Garment Lower body,Trousers,Trousers,bottom,Black,Fall,2019,Office / Formal,Lova trousers,Office / Formal
558246007,Unisex,Garment Lower body,Leggings/Tights,Leggings/Tights,bottom,Black,Fall,2019,Sportswear / Gym,RAIDER tights,Sportswear / Gym
884754004,Men,Garment Lower body,Shorts,Shorts,bottom,Black,Summer,2019,Everyday / Streetwear,MALCOLM LONG SHORTS,Everyday / Streetwear
514865037,Women,Garment Lower body,Skirt,Skirt,bottom,Green,Fall,2019,Everyday / Streetwear,CHARLIE A-LINE,Everyday / Streetwear
466595017,Men,Garment Lower body,Trousers,Trousers,bottom,Pink,Winter,2019,Everyday / Streetwear,Rawley chinos,Everyday / Streetwear
599718004,Women,Garment Lower body,Skirt,Skirt,bottom,Khaki green,Summer,2019,Everyday / Streetwear,Ivy shorts (1),Everyday / Streetwear
633234001,Men,Garment Lower body,Trousers,Trousers,bottom,Blue,Fall,2019,Everyday / Streetwear,Joseph skinny,Everyday / Streetwear
680492002,Women,Garment Lower body,Trousers,Trousers,bottom,Green,Winter,2019,Everyday / Streetwear,&DENIM Girlfriend RW,Everyday / Streetwear
640740002,Women,Garment Lower body,Leggings/Tights,Leggings/Tights,bottom,Lilac Purple,Winter,2019,Everyday / Streetwear,SOPHIA CROPPED+,Everyday / Streetwear
675689002,Women,Garment Lower body,Shorts,Shorts,bottom,Blue,Winter,2019,Everyday / Streetwear,Salvia shorts.,Everyday / Streetwear
784010001,Women,Garment Lower body,Trousers,Trousers,bottom,Blue,Fall,2019,Everyday / Streetwear,Miniflare Denim,Everyday / Streetwear
875705001,Women,Garment Lower body,Trousers,Trousers,bottom,Blue,Summer,2019,Everyday / Streetwear,Olive trouser (W),Everyday / Streetwear
889565001,Women,Garment Lower body,Skirt,Skirt,bottom,White,Summer,2019,Everyday / Streetwear,Paradis with belt,Everyday / Streetwear
842007001,Men,Garment Lower body,Trousers,Trousers,bottom,Yellow,Spring,2019,Everyday / Streetwear,Skinny Midprice Color,Everyday / Streetwear
697201007,Women,Garment Lower body,Trousers,Trousers,bottom,Khaki green,Summer,2019,Everyday / Streetwear,Waif Wide leg trouser RW,Everyday / Streetwear
831568001,Unisex,Garment Lower body,Leggings/Tights,Leggings/Tights,bottom,Black,Spring,2019,Sportswear / Gym,Plopp RW Mesh Tights,Sportswear / Gym
720473002,Women,Garment Lower body,Shorts,Shorts,bottom,White,Spring,2019,Everyday / Streetwear,Raspberry Shorts,Everyday / Streetwear
754810001,Women,Garment Lower body,Skirt,Skirt,bottom,Pink,Summer,2019,Everyday / Streetwear,Moss Paperbag,Everyday / Streetwear
629300001,Men,Garment Lower body,Shorts,Shorts,bottom,Khaki green,Spring,2019,Everyday / Streetwear,Snap shorts,Everyday / Streetwear
622896002,Women,Garment Lower body,Trousers,Trousers,bottom,Blue,Fall,2019,Everyday / Streetwear,Charlie dungaree short,Everyday / Streetwear
869912001,Women,Garment Lower body,Trousers,Trousers,bottom,Blue,Spring,2019,Everyday / Streetwear,Perrie HW Denim TRS,Everyday / Streetwear
827397006,Men,Garment Lower body,Shorts,Shorts,bottom,White,Spring,2019,Everyday / Streetwear,Shorts Slim Lowprice,Everyday / Streetwear
599502014,Women,Garment Lower body,Trousers,Trousers,bottom,Blue,Spring,2019,Office / Formal,Kia Paperbag (1),Office / Formal
693331001,Unisex,Garment Lower body,Outdoor trousers,Outdoor trousers,bottom,Unknown,Spring,2019,Sportswear / Gym,JAVA trousers,Sportswear / Gym
624224003,Unisex,Garment Lower body,Shorts,Shorts,bottom,Turquoise,Spring,2019,Sportswear / Gym,ORBIT hotpants,Sportswear / Gym
772711004,Men,Garment Lower body,Shorts,Shorts,bottom,Blue,Summer,2019,Everyday / Streetwear,Jeff Linen Pullon,Everyday / Streetwear
932722001,Women,Garment Lower body,Trousers,Trousers,bottom,Black,Summer,2019,Everyday / Streetwear,Pierce trousers,Everyday / Streetwear
759580001,Unisex,Garment Lower body,Leggings/Tights,Leggings/Tights,bottom,Black,Fall,2019,Sportswear / Gym,FLUID HW tights,Sportswear / Gym
805888001,Men,Garment Lower body,Trousers,Trousers,bottom,Black,Winter,2019,Office / Formal,Clark slim trs,Office / Formal
300024013,Women,Garment Lower body,Trousers,Trousers,bottom,Blue,Spring,2019,Everyday / Streetwear,Superskinny,Everyday / Streetwear
603585003,Women,Garment Lower body,Shorts,Shorts,bottom,Grey,Summer,2019,Everyday / Streetwear,ED Jamie,Everyday / Streetwear
729928002,Women,Garment Lower body,Skirt,Skirt,bottom,Black,Fall,2019,Everyday / Streetwear,JESSY SKIRT S.0,Everyday / Streetwear
554477010,Women,Garment Lower body,Trousers,Trousers,bottom,Black,Fall,2019,Everyday / Streetwear,Victoria TRS,Everyday / Streetwear
719941002,Unisex,Garment Lower body,Shorts,Shorts,bottom,Black,Summer,2019,Sportswear / Gym,Joel basic shorts zipped,Sportswear / Gym
629293001,Men,Garment Lower body,Shorts,Shorts,bottom,Black,Fall,2019,Everyday / Streetwear,Lou Shorts,Everyday / Streetwear
561675001,Women,Garment Lower body,Trousers,Trousers,bottom,Beige,Fall,2019,Everyday / Streetwear,Poppy,Everyday / Streetwear
726886001,Unisex,Garment Lower body,Leggings/Tights,Leggings/Tights,bottom,Black,Spring,2019,Sportswear / Gym,SHIELDS tights,Sportswear / Gym
613967003,Women,Garment Lower body,Skirt,Skirt,bottom,Grey,Fall,2019,Everyday / Streetwear,PE IO SKIRT NEW,Everyday / Streetwear
821018002,Women,Garment Lower body,Trousers,Trousers,bottom,Blue,Spring,2019,Everyday / Streetwear,CNY Wide HW Ankle,Everyday / Streetwear
736681008,Women,Garment Lower body,Shorts,Shorts,bottom,Grey,Spring,2019,Everyday / Streetwear,Brooke Shorts R.W,Everyday / Streetwear
652101001,Women,Garment Lower body,Trousers,Trousers,bottom,Green,Winter,2019,Everyday / Streetwear,PE Billy trs 3,Everyday / Streetwear
662553004,Men,Garment Lower body,Trousers,Trousers,bottom,Blue,Spring,2019,Everyday / Streetwear,Straight Mezzo 1,Everyday / Streetwear
676540001,Women,Garment Lower body,Trousers,Trousers,bottom,Black,Winter,2019,Everyday / Streetwear,Hayes,Everyday / Streetwear
576770001,Women,Garment Lower body,Trousers,Trousers,bottom,Black,Fall,2019,Everyday / Streetwear,Tonic Tregging,Everyday / Streetwear
716654008,Men,Garment Lower body,Trousers,Trousers,bottom,Unknown,Spring,2019,Everyday / Streetwear,Slim Straight Cropped Lowprice,Everyday / Streetwear
857328006,Men,Garment Lower body,Shorts,Shorts,bottom,Black,Spring,2019,Everyday / Streetwear,Vinci slim fit shorts,Everyday / Streetwear
596472002,Women,Garment Lower body,Leggings/Tights,Leggings/Tights,bottom,Green,Fall,2019,Everyday / Streetwear,Savannah fake suede,Everyday / Streetwear
637499004,Women,Garment Lower body,Trousers,Trousers,bottom,Blue,Spring,2019,Everyday / Streetwear,Stella Pull on TRS,Everyday / Streetwear
816388001,Women,Garment Lower body,Skirt,Skirt,bottom,Green,Winter,2019,Everyday / Streetwear,PQ REN SKIRT,Everyday / Streetwear
606395014,Men,Garment Lower body,Trousers,Trousers,bottom,Beige,Winter,2019,Everyday / Streetwear,Arjen,Everyday / Streetwear
734319002,Women,Garment Lower body,Skirt,Skirt,bottom,Yellow,Spring,2019,Everyday / Streetwear,CSP Palace,Everyday / Streetwear
727642002,Women,Garment Lower body,Trousers,Trousers,bottom,Black,Summer,2019,Everyday / Streetwear,Almost famous romper,Everyday / Streetwear
717731003,Women,Garment Lower body,Shorts,Shorts,bottom,Red,Spring,2019,Everyday / Streetwear,SB Sonoma shorts,Everyday / Streetwear
571188001,Women,Garment Lower body,Shorts,Shorts,bottom,Black,Fall,2019,Everyday / Streetwear,ED Glamping Shorts,Everyday / Streetwear
551614001,Unisex,Garment Lower body,Trousers,Trousers,bottom,Black,Fall,2019,Sportswear / Gym,MILLA trousers (1),Sportswear / Gym
572955008,Unisex,Garment Lower body,Leggings/Tights,Leggings/Tights,bottom,Turquoise,Fall,2019,Sportswear / Gym,SUPREME +,Sportswear / Gym
794907004,Men,Garment Lower body,Shorts,Shorts,bottom,Blue,Summer,2019,Everyday / Streetwear,MARION- SHORTS OL,Everyday / Streetwear
573085004,Women,Garment Lower body,Trousers,Trousers,bottom,Blue,Fall,2019,Everyday / Streetwear,Madison skinny HW (1),Everyday / Streetwear
761673001,Women,Garment Lower body,Trousers,Trousers,bottom,Blue,Winter,2019,Everyday / Streetwear,Melrose tencel culotte RW,Everyday / Streetwear
919499002,Women,Garment Lower body,Trousers,Trousers,bottom,Unknown,Summer,2019,Everyday / Streetwear,ELVIS JOGGER,Everyday / Streetwear
713914001,Women,Garment Lower body,Skirt,Skirt,bottom,Black,Fall,2019,Everyday / Streetwear,Kim sequin,Everyday / Streetwear
930284001,Men,Garment Lower body,Trousers,Trousers,bottom,Black,Summer,2019,Everyday / Streetwear,Chip Jogger 19.99:-,Everyday / Streetwear
882882005,Women,Garment Lower body,Trousers,Trousers,bottom,Black,Summer,2019,Everyday / Streetwear,Push Up Jeggings LW,Everyday / Streetwear
846150001,Women,Garment Lower body,Shorts,Shorts,bottom,Black,Spring,2019,Office / Formal,Como shorts.,Office / Formal
754223008,Women,Garment Lower body,Skirt,Skirt,bottom,Pink,Winter,2019,Everyday / Streetwear,BOBBY SKIRT S.0,Everyday / Streetwear
636902004,Women,Garment Lower body,Shorts,Shorts,bottom,Khaki green,Fall,2019,Office / Formal,Macbeth,Office / Formal
558187002,Men,Garment Lower body,Shorts,Shorts,bottom,Black,Fall,2019,Everyday / Streetwear,RC BENSON SHORTS,Everyday / Streetwear
506321001,Women,Garment Lower body,Trousers,Trousers,bottom,Black,Winter,2019,Everyday / Streetwear,Simone Denim TRS,Everyday / Streetwear
561083005,Unisex,Garment Lower body,Trousers,Trousers,bottom,Grey,Winter,2019,Sportswear / Gym,Osshana Pants,Sportswear / Gym
616598022,Men,Garment Lower body,Trousers,Trousers,bottom,Blue,Fall,2019,Everyday / Streetwear,Slim Straight 5pkt Midprice,Everyday / Streetwear
612509008,Men,Garment Lower body,Trousers,Trousers,bottom,Orange,Spring,2019,Office / Formal,Burt Skinny Trs,Office / Formal
714026016,Men,Garment Lower body,Trousers,Trousers,bottom,Unknown,Spring,2019,Office / Formal,Manson slim trs TVP J,Office / Formal
594922003,Women,Garment Lower body,Shorts,Shorts,bottom,Grey,Winter,2019,Everyday / Streetwear,Perrie Fancy Denim Shorts,Everyday / Streetwear
685766001,Women,Garment Lower body,Trousers,Trousers,bottom,Black,Fall,2019,Office / Formal,Samantha fox,Office / Formal
730566001,Women,Garment Lower body,Trousers,Trousers,bottom,Beige,Spring,2019,Everyday / Streetwear,Vacation HW wide cropped,Everyday / Streetwear
523404027,Unisex,Garment Lower body,Shorts,Shorts,bottom,Green,Summer,2019,Sportswear / Gym,Howie Shorts,Sportswear / Gym
416961033,Women,Garment Lower body,Trousers,Trousers,bottom,Red,Fall,2019,Everyday / Streetwear,Jade Denim Short TRS,Everyday / Streetwear
452898025,Men,Garment Lower body,Shorts,Shorts,bottom,Grey,Summer,2019,Everyday / Streetwear,MARION-SHORTS,Everyday / Streetwear
490176004,Women,Garment Lower body,Trousers,Trousers,bottom,Pink,Summer,2019,Everyday / Streetwear,Daiquiri Pull- On TRS,Everyday / Streetwear
680186001,Women,Garment Lower body,Trousers,Trousers,bottom,Red,Fall,2019,Everyday / Streetwear,EDC CLARISSA FLAIRED TRS,Everyday / Streetwear
806131001,Women,Garment Lower body,Trousers,Trousers,bottom,Black,Summer,2019,Everyday / Streetwear,Straight HW ankle Femme,Everyday / Streetwear
448509020,Women,Garment Lower body,Trousers,Trousers,bottom,White,Spring,2019,Everyday / Streetwear,Perrie Slim Mom Denim TRS,Everyday / Streetwear
849468001,Women,Garment Lower body,Trousers,Trousers,bottom,Khaki green,Summer,2019,Everyday / Streetwear,LOGG Basil cargo trs,Everyday / Streetwear
750424008,Women,Garment Lower body,Trousers,Trousers,bottom,Black,Summer,2019,Everyday / Streetwear,Snow chino TVP RW TVP,Everyday / Streetwear
710368001,Women,Garment Lower body,Trousers,Trousers,bottom,Black,Winter,2019,Everyday / Streetwear,Martini jumpsuit,Everyday / Streetwear
671579001,Unisex,Garment Lower body,Leggings/Tights,Leggings/Tights,bottom,Black,Fall,2019,Sportswear / Gym,ELENA baselayer,Sportswear / Gym
690526001,Women,Garment Lower body,Skirt,Skirt,bottom,Grey,Fall,2019,Everyday / Streetwear,Ronja skirt,Everyday / Streetwear
894273002,Women,Garment Lower body,Skirt,Skirt,bottom,Blue,Summer,2019,Everyday / Streetwear,Tokyo TU,Everyday / Streetwear
690935001,Women,Garment Lower body,Trousers,Trousers,bottom,Blue,Spring,2019,Everyday / Streetwear,Snow Chino R.W,Everyday / Streetwear
730683062,Unisex,Garment Lower body,Leggings/Tights,Leggings/Tights,bottom,Grey,Summer,2019,Sportswear / Gym,HAVANA HW tights,Sportswear / Gym
904836001,Women,Garment Lower body,Skirt,Skirt,bottom,Yellow,Summer,2019,Everyday / Streetwear,PQ TEXAS PIMA CTN SKIRT,Everyday / Streetwear
442915012,Women,Garment Lower body,Trousers,Trousers,bottom,Beige,Fall,2019,Everyday / Streetwear,Dina,Everyday / Streetwear
836540005,Women,Garment Lower body,Trousers,Trousers,bottom,Black,Summer,2019,Everyday / Streetwear,Push up ankle (D),Everyday / Streetwear
829451001,Women,Garment Lower body,Skirt,Skirt,bottom,Black,Fall,2019,Everyday / Streetwear,Solange Frill,Everyday / Streetwear
631590009,Women,Garment Lower body,Trousers,Trousers,bottom,White,Fall,2019,Everyday / Streetwear,Bootcut R.W,Everyday / Streetwear
801384014,Women,Garment Lower body,Trousers,Trousers,bottom,Black,Spring,2019,Everyday / Streetwear,Molly Twill TRS,Everyday / Streetwear
699160001,Men,Garment Lower body,Trousers,Trousers,bottom,Blue,Fall,2019,Everyday / Streetwear,HARVEST wool trousers,Everyday / Streetwear
708311011,Women,Garment Lower body,Trousers,Trousers,bottom,Grey,Fall,2019,Office / Formal,vermont fancy slacks (1),Office / Formal
842063001,Women,Garment Lower body,Skirt,Skirt,bottom,Black,Winter,2019,Everyday / Streetwear,Willow Pleated Midi,Everyday / Streetwear
554867001,Men,Garment Lower body,Trousers,Trousers,bottom,Grey,Fall,2019,Everyday / Streetwear,WREN SWEATPANTS,Everyday / Streetwear
584917001,Men,Garment Lower body,Shorts,Shorts,bottom,Blue,Spring,2019,Everyday / Streetwear,MARSH relaxed shorts,Everyday / Streetwear
816911001,Women,Garment Lower body,Trousers,Trousers,bottom,Black,Spring,2019,Everyday / Streetwear,Tatiana Zip HW Woven Slim,Everyday / Streetwear
602415002,Men,Garment Lower body,Shorts,Shorts,bottom,Black,Winter,2019,Everyday / Streetwear,RC Jones Denim Slim shorts,Everyday / Streetwear
643169001,Women,Garment Lower body,Trousers,Trousers,bottom,Black,Fall,2019,Everyday / Streetwear,PE Sahara Denim 1,Everyday / Streetwear
241412034,Women,Garment Lower body,Leggings/Tights,Leggings/Tights,bottom,Grey,Fall,2019,Everyday / Streetwear,AOP Leggings,Everyday / Streetwear
625290002,Men,Garment Lower body,Shorts,Shorts,bottom,Blue,Fall,2019,Everyday / Streetwear,OCEAN swimshorts,Everyday / Streetwear
673901007,Women,Garment Lower body,Trousers,Trousers,bottom,Khaki green,Fall,2019,Everyday / Streetwear,Jade Denim Petite Trs 1,Everyday / Streetwear
870123001,Unisex,Garment Lower body,Trousers,Trousers,bottom,Black,Summer,2019,Sportswear / Gym,MILLIE cropped pants,Sportswear / Gym
358254004,Women,Garment Lower body,Shorts,Shorts,bottom,Pink,Winter,2019,Everyday / Streetwear,Mandy shorts,Everyday / Streetwear
529953007,Women,Garment Lower body,Trousers,Trousers,bottom,Black,Fall,2019,Everyday / Streetwear,Peggy Trouser,Everyday / Streetwear
802559001,Women,Garment Lower body,Skirt,Skirt,bottom,Black,Fall,2019,Everyday / Streetwear,Garbi,Everyday / Streetwear
783346009,Women,Garment Lower body,Trousers,Trousers,bottom,Blue,Summer,2019,Everyday / Streetwear,Primo slacks,Everyday / Streetwear
878507001,Women,Garment Lower body,Trousers,Trousers,bottom,Blue,Winter,2019,Everyday / Streetwear,ED HW Pink barell leg denim,Everyday / Streetwear
583059002,Unisex,Garment Lower body,Trousers,Trousers,bottom,Grey,Fall,2019,Sportswear / Gym,SORRENTO trousers,Sportswear / Gym
752514007,Women,Garment Lower body,Trousers,Trousers,bottom,Brown,Summer,2019,Everyday / Streetwear,Soller RW wide cropped,Everyday / Streetwear
850040001,Unisex,Garment Lower body,Trousers,Trousers,bottom,Black,Summer,2019,Sportswear / Gym,NANCY RW cropped conscious,Sportswear / Gym
563313005,Men,Garment Lower body,Trousers,Trousers,bottom,Blue,Summer,2019,Everyday / Streetwear,Ronaldo,Everyday / Streetwear
823494001,Women,Garment Lower body,Trousers,Trousers,bottom,Grey,Fall,2019,Everyday / Streetwear,PIETER JOGGER,Everyday / Streetwear
769748013,Unisex,Garment Lower body,Leggings/Tights,Leggings/Tights,bottom,Black,Summer,2019,Sportswear / Gym,HEAVEN shaping HW tight,Sportswear / Gym
749159007,Men,Garment Lower body,Trousers,Trousers,bottom,Grey,Spring,2019,Everyday / Streetwear,Jamie Ankle Skinny Trs CONSC.,Everyday / Streetwear
842165006,Women,Garment Lower body,Trousers,Trousers,bottom,White,Spring,2019,Everyday / Streetwear,Summer Deluca,Everyday / Streetwear
750423010,Women,Garment Lower body,Trousers,Trousers,bottom,Grey,Winter,2019,Everyday / Streetwear,DeLuca pull on TVP RW,Everyday / Streetwear
584157003,Men,Garment Lower body,Shorts,Shorts,bottom,Blue,Summer,2019,Everyday / Streetwear,Shorts Slim Cash (1),Everyday / Streetwear
766495014,Women,Garment Lower body,Skirt,Skirt,bottom,Blue,Spring,2019,Office / Formal,Kevin skirt,Office / Formal
606022003,Women,Garment Lower body,Leggings/Tights,Leggings/Tights,bottom,Grey,Fall,2019,Everyday / Streetwear,Luna Petite,Everyday / Streetwear
852512006,Women,Garment Lower body,Skirt,Skirt,bottom,Lilac Purple,Winter,2019,Everyday / Streetwear,Hanky skirt,Everyday / Streetwear
816914001,Women,Garment Lower body,Leggings/Tights,Leggings/Tights,bottom,Black,Spring,2019,Everyday / Streetwear,Lace Up Leggings,Everyday / Streetwear
585851002,Women,Garment Lower body,Trousers,Trousers,bottom,Blue,Fall,2019,Everyday / Streetwear,Erykah,Everyday / Streetwear
882207001,Women,Garment Lower body,Skirt,Skirt,bottom,Grey,Summer,2019,Everyday / Streetwear,LA-JS-W-SK SKIRT,Everyday / Streetwear
844990001,Women,Garment Lower body,Skirt,Skirt,bottom,Beige,Spring,2019,Everyday / Streetwear,PQ SIMON CTN/SILK SKIRT,Everyday / Streetwear
703883002,Women,Garment Lower body,Trousers,Trousers,bottom,Black,Fall,2019,Everyday / Streetwear,Joni trousers,Everyday / Streetwear
690449022,Men,Garment Lower body,Trousers,Trousers,bottom,Black,Summer,2019,Everyday / Streetwear,Skinny 5pkt Premiumprice,Everyday / Streetwear
474461033,Men,Garment Lower body,Shorts,Shorts,bottom,Pink,Fall,2019,Everyday / Streetwear,Evert Shorts,Everyday / Streetwear
824337004,Women,Garment Lower body,Shorts,Shorts,bottom,Lilac Purple,Spring,2019,Everyday / Streetwear,Perrie Slim HW Denim Shorts,Everyday / Streetwear
642047001,Women,Garment Lower body,Trousers,Trousers,bottom,Blue,Fall,2019,Everyday / Streetwear,SPEED Singapore,Everyday / Streetwear
774039007,Women,Garment Lower body,Leggings/Tights,Leggings/Tights,bottom,Black,Summer,2019,Everyday / Streetwear,Sport HAVANA tights,Everyday / Streetwear
791915001,Women,Garment Lower body,Shorts,Shorts,bottom,White,Spring,2019,Everyday / Streetwear,Ellie shorts,Everyday / Streetwear
758650002,Women,Garment Lower body,Skirt,Skirt,bottom,Red,Fall,2019,Everyday / Streetwear,RICHIE SKIRT S.0,Everyday / Streetwear
623434013,Women,Garment Lower body,Skirt,Skirt,bottom,Beige,Fall,2019,Everyday / Streetwear,Charlie A-line,Everyday / Streetwear
750423006,Women,Garment Lower body,Trousers,Trousers,bottom,Grey,Fall,2019,Everyday / Streetwear,DeLuca pull on TVP RW,Everyday / Streetwear
620224001,Women,Garment Lower body,Trousers,Trousers,bottom,White,Fall,2019,Everyday / Streetwear,Joy cord trousers,Everyday / Streetwear
809961007,Unisex,Garment Lower body,Leggings/Tights,Leggings/Tights,bottom,Grey,Summer,2019,Sportswear / Gym,CINDY tights conscious,Sportswear / Gym
693915001,Women,Garment Lower body,Trousers,Trousers,bottom,Beige,Winter,2019,Everyday / Streetwear,Brazil Trousers,Everyday / Streetwear
676198001,Women,Garment Lower body,Trousers,Trousers,bottom,Beige,Fall,2019,Everyday / Streetwear,Skeleton paperbag trs HW,Everyday / Streetwear
685811018,Men,Garment Lower body,Shorts,Shorts,bottom,Grey,Spring,2019,Everyday / Streetwear,Benny Shorts,Everyday / Streetwear
442786003,Women,Garment Lower body,Shorts,Shorts,bottom,White,Winter,2019,Everyday / Streetwear,Issa shorts,Everyday / Streetwear
894508001,Women,Garment Lower body,Shorts,Shorts,bottom,Black,Summer,2019,Everyday / Streetwear,Racing shorts rib,Everyday / Streetwear
545353001,Women,Garment Lower body,Shorts,Shorts,bottom,Orange,Summer,2019,Everyday / Streetwear,L.O.G.G. Fieldrush shorts,Everyday / Streetwear
711473002,Women,Garment Lower body,Shorts,Shorts,bottom,Black,Spring,2019,Everyday / Streetwear,DIV cycling shorts,Everyday / Streetwear
588419002,Women,Garment Lower body,Trousers,Trousers,bottom,Red,Fall,2019,Everyday / Streetwear,LOGG Snaps 5pkt,Everyday / Streetwear
670107006,Men,Garment Lower body,Trousers,Trousers,bottom,Blue,Summer,2019,Everyday / Streetwear,Skinny Carrot Medicine,Everyday / Streetwear
518328024,Women,Garment Lower body,Trousers,Trousers,bottom,Green,Fall,2019,Everyday / Streetwear,Mimi Superstretch,Everyday / Streetwear
779333002,Women,Garment Lower body,Trousers,Trousers,bottom,White,Summer,2019,Everyday / Streetwear,Drizzle wide cropped,Everyday / Streetwear
754701001,Women,Garment Lower body,Trousers,Trousers,bottom,Black,Winter,2019,Everyday / Streetwear,ED Madison HW trs.,Everyday / Streetwear
129085026,Women,Garment Lower body,Leggings/Tights,Leggings/Tights,bottom,White,Summer,2019,Everyday / Streetwear,Pirate Leggings (1),Everyday / Streetwear
602222010,Men,Garment Lower body,Shorts,Shorts,bottom,Black,Winter,2019,Everyday / Streetwear,RC Rock Relaxed shorts,Everyday / Streetwear
691257001,Women,Garment Lower body,Trousers,Trousers,bottom,Black,Fall,2019,Everyday / Streetwear,Tanger HW trousers,Everyday / Streetwear
537738001,Women,Garment Lower body,Skirt,Skirt,bottom,Black,Fall,2019,Everyday / Streetwear,Brittany PU/suede skirt,Everyday / Streetwear
646156001,Women,Garment Lower body,Skirt,Skirt,bottom,White,Fall,2019,Everyday / Streetwear,Tick scuba skirt,Everyday / Streetwear
762025001,Women,Garment Lower body,Shorts,Shorts,bottom,Black,Summer,2019,Everyday / Streetwear,Pearl denim shorts,Everyday / Streetwear
746073003,Women,Garment Lower body,Trousers,Trousers,bottom,Blue,Spring,2019,Everyday / Streetwear,Super Skinny H.W Star,Everyday / Streetwear
571594001,Women,Garment Lower body,Trousers,Trousers,bottom,White,Fall,2019,Everyday / Streetwear,Beth trouser,Everyday / Streetwear
572957001,Women,Garment Lower body,Leggings/Tights,Leggings/Tights,bottom,Black,Fall,2019,Everyday / Streetwear,HAVANA +,Everyday / Streetwear
902295001,Women,Garment Lower body,Skirt,Skirt,bottom,Blue,Summer,2019,Everyday / Streetwear,Hibiscus skirt,Everyday / Streetwear
787559002,Women,Garment Lower body,Skirt,Skirt,bottom,Beige,Summer,2019,Everyday / Streetwear,Patti,Everyday / Streetwear
776488002,Women,Garment Lower body,Skirt,Skirt,bottom,Grey,Summer,2019,Everyday / Streetwear,Jenise skirt,Everyday / Streetwear
881361001,Women,Garment Lower body,Trousers,Trousers,bottom,Green,Spring,2019,Everyday / Streetwear,Eva trousers,Everyday / Streetwear
652731008,Women,Garment Lower body,Skirt,Skirt,bottom,Black,Fall,2019,Office / Formal,Florida,Office / Formal
489838009,Women,Garment Lower body,Trousers,Trousers,bottom,Black,Fall,2019,Everyday / Streetwear,Barza,Everyday / Streetwear
670119003,Men,Garment Lower body,Trousers,Trousers,bottom,Turquoise,Summer,2019,Everyday / Streetwear,Straight Selvedge,Everyday / Streetwear
803397002,Women,Garment Lower body,Trousers,Trousers,bottom,Red,Fall,2019,Everyday / Streetwear,PQ ALBERTO CASH TROUSERS,Everyday / Streetwear
760084013,Women,Garment Lower body,Trousers,Trousers,bottom,Beige,Summer,2019,Everyday / Streetwear,Victorville HW Pull-on TRS,Everyday / Streetwear
609166008,Unisex,Garment Lower body,Trousers,Trousers,bottom,Blue,Spring,2019,Sportswear / Gym,SB Kevin Trousers,Sportswear / Gym
844933002,Women,Garment Lower body,Shorts,Shorts,bottom,Mole,Spring,2019,Everyday / Streetwear,PQ ILON CTN/CASH SHORTS,Everyday / Streetwear
634317001,Women,Garment Lower body,Leggings/Tights,Leggings/Tights,bottom,Beige,Fall,2019,Everyday / Streetwear,Georgia leggings,Everyday / Streetwear
524825012,Women,Garment Lower body,Trousers,Trousers,bottom,Red,Fall,2019,Everyday / Streetwear,Latte slacks (1),Everyday / Streetwear
814705001,Women,Garment Lower body,Skirt,Skirt,bottom,Green,Winter,2019,Everyday / Streetwear,PC Flores,Everyday / Streetwear
881031001,Unisex,Garment Lower body,Leggings/Tights,Leggings/Tights,bottom,Black,Summer,2019,Sportswear / Gym,Fairy seamless bikers,Sportswear / Gym
869207001,Women,Garment Lower body,Shorts,Shorts,bottom,Grey,Spring,2019,Everyday / Streetwear,AK Motoe shorts,Everyday / Streetwear
723376001,Women,Garment Lower body,Shorts,Shorts,bottom,Blue,Spring,2019,Everyday / Streetwear,EQ OZZY denim,Everyday / Streetwear
617645001,Women,Garment Lower body,Shorts,Shorts,bottom,Black,Winter,2019,Everyday / Streetwear,CSP Kaidence Shorts,Everyday / Streetwear
751567002,Women,Garment Lower body,Shorts,Shorts,bottom,White,Summer,2019,Everyday / Streetwear,Diego denim shorts,Everyday / Streetwear
684686002,Women,Garment Lower body,Trousers,Trousers,bottom,Blue,Spring,2019,Everyday / Streetwear,Skinny Ankle R.W Chic Trash,Everyday / Streetwear
822237002,Women,Garment Lower body,Trousers,Trousers,bottom,Blue,Summer,2019,Everyday / Streetwear,NEW LOGG DeLuca pull on,Everyday / Streetwear
699841001,Unisex,Garment Lower body,Shorts,Shorts,bottom,Black,Summer,2019,Sportswear / Gym,BB Johnson Running tights,Sportswear / Gym
762742001,Women,Garment Lower body,Trousers,Trousers,bottom,Blue,Spring,2019,Everyday / Streetwear,Tarly wrap playsuit,Everyday / Streetwear
792480001,Women,Garment Lower body,Skirt,Skirt,bottom,Yellow,Spring,2019,Everyday / Streetwear,Alba,Everyday / Streetwear
764878002,Men,Garment Lower body,Shorts,Shorts,bottom,Beige,Summer,2019,Everyday / Streetwear,cordy,Everyday / Streetwear
760158001,Women,Garment Lower body,Trousers,Trousers,bottom,White,Spring,2019,Everyday / Streetwear,DIV Rachel denim,Everyday / Streetwear
837741001,Women,Garment Lower body,Shorts,Shorts,bottom,Blue,Spring,2019,Everyday / Streetwear,Birdy HW,Everyday / Streetwear
599718006,Women,Garment Lower body,Skirt,Skirt,bottom,Orange,Fall,2019,Everyday / Streetwear,Ivy shorts,Everyday / Streetwear
712398001,Women,Garment Lower body,Trousers,Trousers,bottom,Black,Winter,2019,Everyday / Streetwear,Cobra HW slim PU,Everyday / Streetwear
549262011,Women,Garment Lower body,Trousers,Trousers,bottom,Blue,Winter,2019,Everyday / Streetwear,& Denim Boyfriend LW denim,Everyday / Streetwear
384851013,Women,Garment Lower body,Shorts,Shorts,bottom,Grey,Fall,2019,Everyday / Streetwear,Sage Shorts,Everyday / Streetwear
905932001,Men,Garment Lower body,Trousers,Trousers,bottom,Black,Summer,2019,Everyday / Streetwear,Cleveland Regular Chino,Everyday / Streetwear
854365003,Women,Garment Lower body,Skirt,Skirt,bottom,Beige,Spring,2019,Everyday / Streetwear,MAYA UTILITY,Everyday / Streetwear
674314001,Women,Garment Lower body,Trousers,Trousers,bottom,Black,Winter,2019,Everyday / Streetwear,DIV Ella slit denim,Everyday / Streetwear
803399001,Women,Garment Lower body,Skirt,Skirt,bottom,White,Summer,2019,Everyday / Streetwear,Trudilutt skirt,Everyday / Streetwear
677809004,Women,Garment Lower body,Leggings/Tights,Leggings/Tights,bottom,Black,Winter,2019,Everyday / Streetwear,Malin Leggings,Everyday / Streetwear
810172007,Women,Garment Lower body,Trousers,Trousers,bottom,Grey,Spring,2019,Everyday / Streetwear,Skinny ankle (D),Everyday / Streetwear
577686001,Women,Garment Lower body,Trousers,Trousers,bottom,Black,Fall,2019,Everyday / Streetwear,PE BO Black denim,Everyday / Streetwear
554568001,Women,Garment Lower body,Trousers,Trousers,bottom,Blue,Fall,2019,Everyday / Streetwear,Slim RW zolo,Everyday / Streetwear
730012003,Men,Garment Lower body,Shorts,Shorts,bottom,Black,Summer,2019,Everyday / Streetwear,Shorts Slim Cash Zip Fly,Everyday / Streetwear
918655002,Women,Garment Lower body,Trousers,Trousers,bottom,Grey,Summer,2019,Everyday / Streetwear,ED Pink HW trs/denim,Everyday / Streetwear
836367002,Women,Garment Lower body,Skirt,Skirt,bottom,Beige,Spring,2019,Everyday / Streetwear,Scarlett skirt,Everyday / Streetwear
700771002,Women,Garment Lower body,Leggings/Tights,Leggings/Tights,bottom,Black,Winter,2019,Everyday / Streetwear,DIV Malin legging,Everyday / Streetwear
674606037,Women,Garment Lower body,Skirt,Skirt,bottom,Blue,Fall,2019,Everyday / Streetwear,CHARLIE SKIRT,Everyday / Streetwear
904017002,Women,Garment Lower body,Trousers,Trousers,bottom,Turquoise,Summer,2019,Everyday / Streetwear,Lana NW straight denim trs,Everyday / Streetwear
619595003,Women,Garment Lower body,Shorts,Shorts,bottom,White,Fall,2019,Everyday / Streetwear,Mandy AOP,Everyday / Streetwear
582164001,Women,Garment Lower body,Leggings/Tights,Leggings/Tights,bottom,Black,Fall,2019,Everyday / Streetwear,Fever Leggings,Everyday / Streetwear
680318006,Unisex,Garment Lower body,Shorts,Shorts,bottom,Grey,Spring,2019,Sportswear / Gym,NORA shorts,Sportswear / Gym
633234002,Men,Garment Lower body,Trousers,Trousers,bottom,Red,Winter,2019,Everyday / Streetwear,Joseph skinny,Everyday / Streetwear
513325012,Men,Garment Lower body,Trousers,Trousers,bottom,Blue,Fall,2019,Office / Formal,Nick super skinny,Office / Formal
784245002,Men,Garment Lower body,Trousers,Trousers,bottom,Black,Winter,2019,Everyday / Streetwear,Michael Joggers 24.99:-,Everyday / Streetwear
624257003,Women,Garment Lower body,Trousers,Trousers,bottom,Blue,Fall,2019,Everyday / Streetwear,&DENIM Skinny shaping RW,Everyday / Streetwear
803680007,Women,Garment Lower body,Skirt,Skirt,bottom,Pink,Spring,2019,Office / Formal,Kent skirt,Office / Formal
749074001,Women,Garment Lower body,Skirt,Skirt,bottom,Beige,Winter,2019,Everyday / Streetwear,ED Samantha slip skirt,Everyday / Streetwear
669016004,Women,Garment Lower body,Shorts,Shorts,bottom,Blue,Fall,2019,Everyday / Streetwear,Lane shorts,Everyday / Streetwear
826027001,Women,Garment Lower body,Trousers,Trousers,bottom,Blue,Winter,2019,Everyday / Streetwear,Boilersuit Elastic WB,Everyday / Streetwear
469562065,Women,Garment Lower body,Trousers,Trousers,bottom,Blue,Fall,2019,Everyday / Streetwear,Skinny denim (1),Everyday / Streetwear
766402030,Men,Garment Lower body,Trousers,Trousers,bottom,Blue,Summer,2019,Everyday / Streetwear,Laurent slim fit jogger,Everyday / Streetwear
482199001,Women,Garment Lower body,Trousers,Trousers,bottom,Black,Fall,2019,Everyday / Streetwear,Bali wide trousers,Everyday / Streetwear
578133005,Unisex,Garment Lower body,Shorts,Shorts,bottom,Black,Winter,2019,Sportswear / Gym,Harlem Panel shorts,Sportswear / Gym
695887003,Women,Garment Lower body,Shorts,Shorts,bottom,Blue,Summer,2019,Everyday / Streetwear,Shorts H.W Wide,Everyday / Streetwear
766153001,Women,Garment Lower body,Skirt,Skirt,bottom,Black,Summer,2019,Everyday / Streetwear,Magnolia,Everyday / Streetwear
719450001,Women,Garment Lower body,Trousers,Trousers,bottom,Black,Summer,2019,Everyday / Streetwear,Smith HW wide full,Everyday / Streetwear
565373001,Women,Garment Lower body,Trousers,Trousers,bottom,Red,Fall,2019,Everyday / Streetwear,Vintage Cropped HW,Everyday / Streetwear
711823005,Women,Garment Lower body,Shorts,Shorts,bottom,White,Summer,2019,Everyday / Streetwear,Shorts HW Pixie,Everyday / Streetwear
718942003,Women,Garment Lower body,Trousers,Trousers,bottom,Blue,Summer,2019,Everyday / Streetwear,Toto jumpsuit,Everyday / Streetwear
848681010,Women,Garment Lower body,Skirt,Skirt,bottom,Pink,Spring,2019,Everyday / Streetwear,Barton Midi Skirt new,Everyday / Streetwear
636585004,Men,Garment Lower body,Shorts,Shorts,bottom,Blue,Summer,2019,Everyday / Streetwear,Benny Shorts,Everyday / Streetwear
639545002,Women,Garment Lower body,Trousers,Trousers,bottom,Blue,Winter,2019,Everyday / Streetwear,&DENIM Skinny HW ankle Queen,Everyday / Streetwear
586518003,Women,Garment Lower body,Trousers,Trousers,bottom,Blue,Fall,2019,Everyday / Streetwear,Boyfriend,Everyday / Streetwear
884771003,Women,Garment Lower body,Skirt,Skirt,bottom,White,Spring,2019,Everyday / Streetwear,Peach wrap linen mix skirt,Everyday / Streetwear
652146002,Men,Garment Lower body,Shorts,Shorts,bottom,Mole,Winter,2019,Everyday / Streetwear,Shaddow shorts,Everyday / Streetwear
882888002,Women,Garment Lower body,Trousers,Trousers,bottom,Beige,Summer,2019,Everyday / Streetwear,Agneta jumpsuit,Everyday / Streetwear
755473002,Men,Garment Lower body,Shorts,Shorts,bottom,Blue,Summer,2019,Everyday / Streetwear,Shorts Straight Jogger,Everyday / Streetwear
698100001,Men,Garment Lower body,Trousers,Trousers,bottom,Black,Winter,2019,Everyday / Streetwear,Stature cargo pants,Everyday / Streetwear
823728001,Men,Garment Lower body,Trousers,Trousers,bottom,Blue,Fall,2019,Office / Formal,ROCK corduroy trousers,Office / Formal
699203004,Women,Garment Lower body,Skirt,Skirt,bottom,Khaki green,Winter,2019,Everyday / Streetwear,Gem skirt,Everyday / Streetwear
736672002,Women,Garment Lower body,Shorts,Shorts,bottom,undefined,Summer,2019,Everyday / Streetwear,Embrace Shorts,Everyday / Streetwear
778051001,Women,Garment Lower body,Trousers,Trousers,bottom,Red,Fall,2019,Everyday / Streetwear,Woodland HW,Everyday / Streetwear
186372042,Women,Garment Lower body,Trousers,Trousers,bottom,Blue,Fall,2019,Everyday / Streetwear,Harem trousers,Everyday / Streetwear
763763001,Women,Garment Lower body,Trousers,Trousers,bottom,Blue,Summer,2019,Office / Formal,Golden playsuit,Office / Formal
687720003,Women,Garment Lower body,Trousers,Trousers,bottom,Grey,Fall,2019,Everyday / Streetwear,Linda Denim TRS,Everyday / Streetwear
595697019,Women,Garment Lower body,Shorts,Shorts,bottom,Black,Summer,2019,Everyday / Streetwear,Hallie Pull- On Shorts,Everyday / Streetwear
643344006,Women,Garment Lower body,Skirt,Skirt,bottom,Pink,Winter,2019,Everyday / Streetwear,Barton midi skirt,Everyday / Streetwear
550362004,Women,Garment Lower body,Skirt,Skirt,bottom,Blue,Fall,2019,Everyday / Streetwear,Premium Kurt,Everyday / Streetwear
584059001,Men,Garment Lower body,Trousers,Trousers,bottom,Black,Fall,2019,Everyday / Streetwear,Psyloche,Everyday / Streetwear
774627009,Men,Garment Lower body,Shorts,Shorts,bottom,Grey,Spring,2019,Everyday / Streetwear,Wow Relax Shorts,Everyday / Streetwear
922037001,Women,Garment Lower body,Trousers,Trousers,bottom,Beige,Summer,2019,Everyday / Streetwear,Skye NW flared trs,Everyday / Streetwear
808237001,Women,Garment Lower body,Trousers,Trousers,bottom,Pink,Summer,2019,Everyday / Streetwear,Miro jogger,Everyday / Streetwear
777033002,Women,Garment Lower body,Trousers,Trousers,bottom,Red,Summer,2019,Everyday / Streetwear,Bitten trousers,Everyday / Streetwear
732842001,Women,Garment Lower body,Trousers,Trousers,bottom,Black,Winter,2019,Everyday / Streetwear,Embrace S.Skinny H.W Trash,Everyday / Streetwear
189654047,Women,Garment Lower body,Skirt,Skirt,bottom,Khaki green,Spring,2019,Everyday / Streetwear,Raven skirt,Everyday / Streetwear
778506002,Women,Garment Lower body,Trousers,Trousers,bottom,Blue,Summer,2019,Everyday / Streetwear,Classic Boilersuit,Everyday / Streetwear
448509015,Women,Garment Lower body,Trousers,Trousers,bottom,Blue,Fall,2019,Everyday / Streetwear,Perrie Slim Mom Denim TRS,Everyday / Streetwear
605939003,Women,Garment Lower body,Skirt,Skirt,bottom,Blue,Fall,2019,Office / Formal,Hannes suede,Office / Formal
569100002,Men,Garment Lower body,Trousers,Trousers,bottom,Red,Winter,2019,Everyday / Streetwear,Christmas Jogger,Everyday / Streetwear
665095002,Women,Garment Lower body,Leggings/Tights,Leggings/Tights,bottom,Black,Fall,2019,Everyday / Streetwear,Kalinda trs,Everyday / Streetwear
649507002,Women,Garment Lower body,Trousers,Trousers,bottom,Black,Fall,2019,Everyday / Streetwear,DIV Kendall denim,Everyday / Streetwear
875724001,Women,Garment Lower body,Trousers,Trousers,bottom,Beige,Summer,2019,Everyday / Streetwear,Lone Boilersuit,Everyday / Streetwear
781381003,Women,Garment Lower body,Trousers,Trousers,bottom,Pink,Fall,2019,Office / Formal,Witch slacks,Office / Formal
854963004,Women,Garment Lower body,Shorts,Shorts,bottom,Blue,Summer,2019,Everyday / Streetwear,HM+ Tropez shorts,Everyday / Streetwear
471714008,Men,Garment Lower body,Shorts,Shorts,bottom,Blue,Summer,2019,Everyday / Streetwear,Roy Shorts,Everyday / Streetwear
722078002,Men,Garment Lower body,Shorts,Shorts,bottom,Grey,Summer,2019,Everyday / Streetwear,Pete Slim Shorts,Everyday / Streetwear
606395003,Men,Garment Lower body,Trousers,Trousers,bottom,Khaki green,Summer,2019,Everyday / Streetwear,Arjen,Everyday / Streetwear
859105009,Women,Garment Lower body,Shorts,Shorts,bottom,Lilac Purple,Summer,2019,Everyday / Streetwear,Lemon HW,Everyday / Streetwear
664647002,Men,Garment Lower body,Trousers,Trousers,bottom,Blue,Fall,2019,Everyday / Streetwear,Bruce Skinny Denim,Everyday / Streetwear
815264013,Women,Garment Lower body,Leggings/Tights,Leggings/Tights,bottom,Pink,Winter,2019,Everyday / Streetwear,Hedda HW leggings,Everyday / Streetwear
817015001,Women,Garment Lower body,Trousers,Trousers,bottom,Black,Fall,2019,Everyday / Streetwear,ED Pantha PU legging,Everyday / Streetwear
817015002,Women,Garment Lower body,Trousers,Trousers,bottom,Khaki green,Fall,2019,Everyday / Streetwear,ED Pantha PU legging,Everyday / Streetwear
603583005,Women,Garment Lower body,Shorts,Shorts,bottom,Grey,Summer,2019,Everyday / Streetwear,Tequila denim/fancy shorts,Everyday / Streetwear
397068012,Men,Garment Lower body,Trousers,Trousers,bottom,Blue,Fall,2019,Everyday / Streetwear,Skinny L.W Bargain (1),Everyday / Streetwear
519914008,Women,Garment Lower body,Trousers,Trousers,bottom,Pink,Fall,2019,Everyday / Streetwear,Kanta slacks,Everyday / Streetwear
856232001,Women,Garment Lower body,Skirt,Skirt,bottom,Beige,Winter,2019,Everyday / Streetwear,Belle PU skirt,Everyday / Streetwear
562245001,Women,Garment Lower body,Trousers,Trousers,bottom,Black,Fall,2019,Everyday / Streetwear,Luna skinny RW,Everyday / Streetwear
555435002,Women,Garment Lower body,Trousers,Trousers,bottom,Black,Fall,2019,Everyday / Streetwear,Winnie PU,Everyday / Streetwear
662696002,Men,Garment Lower body,Trousers,Trousers,bottom,Blue,Summer,2019,Everyday / Streetwear,Straight 1,Everyday / Streetwear
525122002,Women,Garment Lower body,Shorts,Shorts,bottom,White,Summer,2019,Everyday / Streetwear,West shorts,Everyday / Streetwear
871424001,Unisex,Garment Lower body,Trousers,Trousers,bottom,Black,Summer,2019,Sportswear / Gym,NATHALIA basic cropped,Sportswear / Gym
399136061,Women,Garment Lower body,Trousers,Trousers,bottom,Blue,Winter,2019,Everyday / Streetwear,Shaping Skinny R.W.,Everyday / Streetwear
652270004,Women,Garment Lower body,Skirt,Skirt,bottom,Yellow,Fall,2019,Everyday / Streetwear,Posh fringe skirt,Everyday / Streetwear
772349013,Women,Garment Lower body,Shorts,Shorts,bottom,Grey,Summer,2019,Everyday / Streetwear,Glamping.(1),Everyday / Streetwear
834340001,Women,Garment Lower body,Skirt,Skirt,bottom,Red,Spring,2019,Everyday / Streetwear,Sparkling WIne Skirt,Everyday / Streetwear
817401002,Women,Garment Lower body,Shorts,Shorts,bottom,Green,Spring,2019,Everyday / Streetwear,Gigi HW,Everyday / Streetwear
746326001,Women,Garment Lower body,Skirt,Skirt,bottom,Beige,Winter,2019,Everyday / Streetwear,Samantha slip skirt,Everyday / Streetwear
655784007,Women,Garment Lower body,Trousers,Trousers,bottom,Beige,Summer,2019,Office / Formal,Noa skinny trouser,Office / Formal
740498002,Unisex,Garment Lower body,Leggings/Tights,Leggings/Tights,bottom,Green,Summer,2019,Sportswear / Gym,APOLLO HW seamless tights,Sportswear / Gym
760084008,Women,Garment Lower body,Trousers,Trousers,bottom,Khaki green,Winter,2019,Everyday / Streetwear,Victorville HW Pull-on TRS,Everyday / Streetwear
883421003,Women,Garment Lower body,Trousers,Trousers,bottom,Blue,Summer,2019,Everyday / Streetwear,DIV+ Jade HW trash,Everyday / Streetwear
555667001,Women,Garment Lower body,Trousers,Trousers,bottom,Blue,Fall,2019,Everyday / Streetwear,Penny,Everyday / Streetwear
619580009,Women,Garment Lower body,Shorts,Shorts,bottom,Khaki green,Fall,2019,Everyday / Streetwear,Mandy,Everyday / Streetwear
780852004,Women,Garment Lower body,Trousers,Trousers,bottom,Beige,Summer,2019,Everyday / Streetwear,Cherry playsuit(1),Everyday / Streetwear
474461006,Men,Garment Lower body,Shorts,Shorts,bottom,Blue,Summer,2019,Everyday / Streetwear,EVERT SHORTS,Everyday / Streetwear
752516005,Women,Garment Lower body,Trousers,Trousers,bottom,Beige,Summer,2019,Everyday / Streetwear,Dakar HW tapered,Everyday / Streetwear
633285001,Women,Garment Lower body,Trousers,Trousers,bottom,Black,Winter,2019,Everyday / Streetwear,Nikki boyfriend short,Everyday / Streetwear
751342006,Women,Garment Lower body,Skirt,Skirt,bottom,Blue,Summer,2019,Everyday / Streetwear,Sunny denim skirt,Everyday / Streetwear
562245108,Women,Garment Lower body,Trousers,Trousers,bottom,Blue,Summer,2019,Everyday / Streetwear,Luna skinny RW,Everyday / Streetwear
577245002,Women,Garment Lower body,Trousers,Trousers,bottom,Grey,Fall,2019,Everyday / Streetwear,COZY FREDDY JOGGERS,Everyday / Streetwear
815456001,Men,Garment Lower body,Trousers,Trousers,bottom,Black,Fall,2019,Everyday / Streetwear,Madison Slim Stretch Chino,Everyday / Streetwear
860904001,Women,Garment Lower body,Skirt,Skirt,bottom,Black,Summer,2019,Everyday / Streetwear,CE Cannes skirt,Everyday / Streetwear
698387015,Women,Garment Lower body,Trousers,Trousers,bottom,Blue,Spring,2019,Everyday / Streetwear,&DENIM+ Skinny Shaping HW,Everyday / Streetwear
795552002,Women,Garment Lower body,Trousers,Trousers,bottom,Grey,Winter,2019,Everyday / Streetwear,Jade Button Slim HW DNM,Everyday / Streetwear
679261001,Women,Garment Lower body,Trousers,Trousers,bottom,Black,Fall,2019,Everyday / Streetwear,PE BELLE TROUSERS,Everyday / Streetwear
825109004,Men,Garment Lower body,Trousers,Trousers,bottom,Blue,Summer,2019,Everyday / Streetwear,New Tapered Premiumprice(1),Everyday / Streetwear
399201011,Women,Garment Lower body,Trousers,Trousers,bottom,Blue,Fall,2019,Everyday / Streetwear,Shaping Skinny H.W,Everyday / Streetwear
711694005,Women,Garment Lower body,Trousers,Trousers,bottom,Grey,Winter,2019,Everyday / Streetwear,Milly plisse trs straight HW,Everyday / Streetwear
885072001,Women,Garment Lower body,Shorts,Shorts,bottom,White,Spring,2019,Office / Formal,Selena linen shorts,Office / Formal
843642002,Men,Garment Lower body,Trousers,Trousers,bottom,Beige,Spring,2019,Everyday / Streetwear,Fargo slim fit chino MC,Everyday / Streetwear
766785001,Women,Garment Full body,Dress,Dress,dress,Green,Summer,2019,Office / Formal,Ginny,Office / Formal
865440002,Women,Garment Full body,Dress,Dress,dress,Khaki green,Winter,2019,Everyday / Streetwear,ED Sorrel dress.,Everyday / Streetwear
762630007,Women,Garment Full body,Dress,Dress,dress,White,Summer,2019,Everyday / Streetwear,Sorreli,Everyday / Streetwear
644797007,Women,Garment Full body,Dress,Dress,dress,Pink,Summer,2019,Office / Formal,The worlds Greatest Dres,Office / Formal
561817001,Women,Garment Full body,Dress,Dress,dress,Black,Fall,2019,Everyday / Streetwear,Trixie,Everyday / Streetwear
657200001,Women,Garment Full body,Dress,Dress,dress,Black,Winter,2019,Everyday / Streetwear,Aperol spritz,Everyday / Streetwear
778534003,Women,Garment Full body,Dress,Dress,dress,White,Summer,2019,Office / Formal,Dolly dress,Office / Formal
664338002,Women,Garment Full body,Dress,Dress,dress,Beige,Fall,2019,Everyday / Streetwear,ED Louisiana dress,Everyday / Streetwear
858350001,Women,Garment Full body,Dress,Dress,dress,Green,Winter,2019,Everyday / Streetwear,ED Roxanne dress,Everyday / Streetwear
542443003,Women,Garment Full body,Dress,Dress,dress,Blue,Fall,2019,Everyday / Streetwear,Moonlight dress,Everyday / Streetwear
783580001,Women,Garment Full body,Dress,Dress,dress,Beige,Summer,2019,Everyday / Streetwear,Newcastle SPEED,Everyday / Streetwear
902116001,Women,Garment Full body,Dress,Dress,dress,Black,Summer,2019,Everyday / Streetwear,MAGNOLIA FANCY,Everyday / Streetwear
805947001,Women,Garment Full body,Dress,Dress,dress,Pink,Fall,2019,Everyday / Streetwear,Malmo knitted dress,Everyday / Streetwear
573626005,Women,Garment Full body,Dress,Dress,dress,Khaki green,Spring,2019,Everyday / Streetwear,Glans SS tunic,Everyday / Streetwear
880387001,Women,Garment Full body,Dress,Dress,dress,Grey,Spring,2019,Everyday / Streetwear,Lucky star dress,Everyday / Streetwear
618950004,Women,Garment Full body,Dress,Dress,dress,Beige,Fall,2019,Everyday / Streetwear,Lele,Everyday / Streetwear
685468001,Women,Garment Full body,Dress,Dress,dress,Black,Winter,2019,Everyday / Streetwear,Mio,Everyday / Streetwear
862693003,Women,Garment Full body,Dress,Dress,dress,Grey,Summer,2019,Everyday / Streetwear,Topi Dress,Everyday / Streetwear
649397012,Women,Garment Full body,Dress,Dress,dress,Brown,Fall,2019,Office / Formal,Asta (1),Office / Formal
595487007,Women,Garment Full body,Dress,Dress,dress,Black,Fall,2019,Everyday / Streetwear,Bonbon,Everyday / Streetwear
667537009,Women,Garment Full body,Dress,Dress,dress,Green,Fall,2019,Everyday / Streetwear,Bomba tunic,Everyday / Streetwear
856440005,Women,Garment Full body,Dress,Dress,dress,Black,Winter,2019,Everyday / Streetwear,Cava Shirt Dress new,Everyday / Streetwear
734137002,Women,Garment Full body,Dress,Dress,dress,Brown,Winter,2019,Everyday / Streetwear,Tapas,Everyday / Streetwear
688474001,Women,Garment Full body,Dress,Dress,dress,Black,Winter,2019,Everyday / Streetwear,Sevilla Dress,Everyday / Streetwear
695871001,Women,Garment Full body,Dress,Dress,dress,Blue,Winter,2019,Everyday / Streetwear,PE SOLANGE DRESS,Everyday / Streetwear
694291002,Women,Garment Full body,Dress,Dress,dress,Green,Spring,2019,Office / Formal,Graham,Office / Formal
665587001,Women,Garment Full body,Jumpsuit/Playsuit,Jumpsuit/Playsuit,dress,Black,Fall,2019,Everyday / Streetwear,Coral jumpsuit J.,Everyday / Streetwear
505094001,Women,Garment Full body,Dress,Dress,dress,Black,Winter,2019,Everyday / Streetwear,Kennington strap dress,Everyday / Streetwear
580275001,Women,Garment Full body,Dress,Dress,dress,Black,Fall,2019,Everyday / Streetwear,Rose woven dress,Everyday / Streetwear
665717001,Women,Garment Full body,Dress,Dress,dress,Beige,Fall,2019,Everyday / Streetwear,W UMBRIA DRESS EQ,Everyday / Streetwear
870361001,Women,Garment Full body,Dress,Dress,dress,Pink,Summer,2019,Everyday / Streetwear,Anastacia Dress,Everyday / Streetwear
809798005,Women,Garment Full body,Dress,Dress,dress,Black,Summer,2019,Everyday / Streetwear,ED Mac dress,Everyday / Streetwear
771537001,Women,Garment Full body,Dress,Dress,dress,Red,Summer,2019,Office / Formal,Singo.,Office / Formal
852374015,Women,Garment Full body,Dress,Dress,dress,Beige,Summer,2019,Everyday / Streetwear,Berry,Everyday / Streetwear
771605001,Women,Garment Full body,Dress,Dress,dress,Blue,Summer,2019,Everyday / Streetwear,LOGG Bayonne dress,Everyday / Streetwear
836286002,Women,Garment Full body,Dress,Dress,dress,Black,Summer,2019,Everyday / Streetwear,Maui dress,Everyday / Streetwear
650103003,Women,Garment Full body,Dress,Dress,dress,Pink,Fall,2019,Everyday / Streetwear,J Steamy,Everyday / Streetwear
299733007,Women,Garment Full body,Dress,Dress,dress,Blue,Fall,2019,Everyday / Streetwear,Hilton,Everyday / Streetwear
742083006,Women,Garment Full body,Dress,Dress,dress,Red,Summer,2019,Everyday / Streetwear,Wakkiki strap dress,Everyday / Streetwear
795779001,Women,Garment Full body,Dress,Dress,dress,Pink,Fall,2019,Everyday / Streetwear,OC Sparkle Wrap dress,Everyday / Streetwear
751794001,Women,Garment Full body,Dress,Dress,dress,Grey,Spring,2019,Everyday / Streetwear,Maybelline,Everyday / Streetwear
770831004,Women,Garment Full body,Dress,Dress,dress,Blue,Spring,2019,Everyday / Streetwear,Rosalind Strap dress,Everyday / Streetwear
522918030,Women,Garment Full body,Dress,Dress,dress,White,Fall,2019,Everyday / Streetwear,Lily dress W,Everyday / Streetwear
668174002,Women,Garment Full body,Dress,Dress,dress,Yellow,Winter,2019,Everyday / Streetwear,Cannes dress,Everyday / Streetwear
873966005,Women,Garment Full body,Dress,Dress,dress,Pink,Spring,2019,Everyday / Streetwear,Kylejohn A-line-W,Everyday / Streetwear
681179004,Women,Garment Full body,Dress,Dress,dress,Yellow,Spring,2019,Everyday / Streetwear,Kim pinafore dress,Everyday / Streetwear
908729001,Women,Garment Full body,Dress,Dress,dress,Beige,Summer,2019,Everyday / Streetwear,Tuna Short,Everyday / Streetwear
665481011,Women,Garment Full body,Dress,Dress,dress,Black,Summer,2019,Office / Formal,Swift Dress(1),Office / Formal
909216002,Women,Garment Full body,Dress,Dress,dress,Orange,Summer,2019,Everyday / Streetwear,Grant tunic,Everyday / Streetwear
860888001,Women,Garment Full body,Dress,Dress,dress,Blue,Spring,2019,Everyday / Streetwear,CE Parfait dress,Everyday / Streetwear
685848003,Women,Garment Full body,Dress,Dress,dress,Grey,Winter,2019,Everyday / Streetwear,Pomme tunic,Everyday / Streetwear
796042001,Women,Garment Full body,Jumpsuit/Playsuit,Jumpsuit/Playsuit,dress,Unknown,Winter,2019,Everyday / Streetwear,Ivy jumpsuit,Everyday / Streetwear
862937002,Women,Garment Full body,Dress,Dress,dress,Black,Summer,2019,Everyday / Streetwear,Jet dress woven,Everyday / Streetwear
598267002,Women,Garment Full body,Dress,Dress,dress,Blue,Fall,2019,Everyday / Streetwear,P Delila Dress,Everyday / Streetwear
505704004,Women,Garment Full body,Dress,Dress,dress,Turquoise,Spring,2019,Everyday / Streetwear,Pam Dress,Everyday / Streetwear
699211001,Women,Garment Full body,Dress,Dress,dress,Grey,Fall,2019,Everyday / Streetwear,Nancy N cozy dress,Everyday / Streetwear
879529001,Women,Garment Full body,Dress,Dress,dress,Black,Summer,2019,Everyday / Streetwear,TONI DRESS,Everyday / Streetwear
625480003,Women,Garment Full body,Dress,Dress,dress,Orange,Fall,2019,Everyday / Streetwear,Flora,Everyday / Streetwear
851947003,Women,Garment Full body,Dress,Dress,dress,Turquoise,Spring,2019,Everyday / Streetwear,Nice dress,Everyday / Streetwear
836391002,Women,Garment Full body,Dress,Dress,dress,Beige,Spring,2019,Everyday / Streetwear,Wayna Dress,Everyday / Streetwear
741150008,Women,Garment Full body,Dress,Dress,dress,Red,Spring,2019,Everyday / Streetwear,Meze Dress,Everyday / Streetwear
679805001,Women,Garment Full body,Dress,Dress,dress,Black,Fall,2019,Everyday / Streetwear,Clementine buttoned dress,Everyday / Streetwear
568743001,Women,Garment Full body,Dress,Dress,dress,Black,Winter,2019,Everyday / Streetwear,Zingo,Everyday / Streetwear
747637005,Women,Garment Full body,Dress,Dress,dress,Black,Spring,2019,Everyday / Streetwear,Banana dress,Everyday / Streetwear
888908001,Women,Garment Full body,Dungarees,Dungarees,dress,Blue,Summer,2019,Everyday / Streetwear,Boilersuit Jackie,Everyday / Streetwear
913088001,Women,Garment Full body,Dress,Dress,dress,White,Summer,2019,Everyday / Streetwear,Lulu dress,Everyday / Streetwear
713712001,Women,Garment Full body,Dress,Dress,dress,Grey,Winter,2019,Everyday / Streetwear,ED Matcha dress,Everyday / Streetwear
691548001,Women,Garment Full body,Dress,Dress,dress,Black,Fall,2019,Everyday / Streetwear,Gold digger sequin dress,Everyday / Streetwear
811905001,Women,Garment Full body,Dress,Dress,dress,Black,Fall,2019,Everyday / Streetwear,J Sunray,Everyday / Streetwear
919599001,Women,Garment Full body,Dungarees,Dungarees,dress,Black,Summer,2019,Everyday / Streetwear,Heidi HW Woven SS Boilersuit,Everyday / Streetwear
782073001,Women,Garment Full body,Jumpsuit/Playsuit,Jumpsuit/Playsuit,dress,Black,Spring,2019,Office / Formal,Beetroot jumpsuit.,Office / Formal
607596001,Women,Garment Full body,Dress,Dress,dress,Black,Fall,2019,Everyday / Streetwear,Audrey dress,Everyday / Streetwear
621829002,Women,Garment Full body,Dress,Dress,dress,Red,Fall,2019,Everyday / Streetwear,Fresia,Everyday / Streetwear
869230001,Women,Garment Full body,Dress,Dress,dress,Grey,Summer,2019,Everyday / Streetwear,Zinny dress,Everyday / Streetwear
689073001,Women,Garment Full body,Dress,Dress,dress,Black,Winter,2019,Everyday / Streetwear,Jackson open back dress,Everyday / Streetwear
555647002,Women,Garment Full body,Dress,Dress,dress,Grey,Fall,2019,Everyday / Streetwear,SM Soraya,Everyday / Streetwear
710114003,Women,Garment Full body,Dress,Dress,dress,Blue,Summer,2019,Office / Formal,Kosmos,Office / Formal
815285002,Women,Garment Full body,Dress,Dress,dress,Blue,Spring,2019,Everyday / Streetwear,Glory dress,Everyday / Streetwear
876419001,Women,Garment Full body,Dress,Dress,dress,White,Summer,2019,Everyday / Streetwear,Bubbles dress,Everyday / Streetwear
900235003,Women,Garment Full body,Dress,Dress,dress,Black,Summer,2019,Everyday / Streetwear,Ally s/l shirt dress,Everyday / Streetwear
706509006,Women,Garment Full body,Dress,Dress,dress,Yellow,Fall,2019,Everyday / Streetwear,Wendy Bodycon Dress,Everyday / Streetwear
533981001,Women,Garment Full body,Dress,Dress,dress,Red,Fall,2019,Office / Formal,Superman,Office / Formal
838806002,Women,Garment Full body,Dress,Dress,dress,Blue,Winter,2019,Everyday / Streetwear,Twain A-line denim dress,Everyday / Streetwear
720647001,Women,Garment Full body,Dress,Dress,dress,Blue,Spring,2019,Office / Formal,Wintour Dress,Office / Formal
764768004,Women,Garment Full body,Dress,Dress,dress,Black,Summer,2019,Everyday / Streetwear,Astrid dress,Everyday / Streetwear
583381001,Women,Garment Full body,Dress,Dress,dress,Grey,Winter,2019,Everyday / Streetwear,Dali college dress,Everyday / Streetwear
534205002,Women,Garment Full body,Dress,Dress,dress,Blue,Winter,2019,Office / Formal,Haley,Office / Formal
651300003,Women,Garment Full body,Dress,Dress,dress,Blue,Spring,2019,Everyday / Streetwear,Dawna dress,Everyday / Streetwear
722520001,Women,Garment Full body,Jumpsuit/Playsuit,Jumpsuit/Playsuit,dress,Black,Spring,2019,Everyday / Streetwear,Sunrize jumpsuit,Everyday / Streetwear
733913001,Women,Garment Full body,Dungarees,Dungarees,dress,Blue,Spring,2019,Everyday / Streetwear,DIV Kenzy Dungaree,Everyday / Streetwear
831761002,Women,Garment Full body,Jumpsuit/Playsuit,Jumpsuit/Playsuit,dress,Beige,Spring,2019,Everyday / Streetwear,AK Begonia dungeree,Everyday / Streetwear
660497003,Women,Garment Full body,Dress,Dress,dress,White,Winter,2019,Everyday / Streetwear,Emery,Everyday / Streetwear
726096001,Women,Garment Full body,Dress,Dress,dress,Red,Winter,2019,Everyday / Streetwear,Hasselhof lace Dress,Everyday / Streetwear
635677002,Women,Garment Full body,Dress,Dress,dress,White,Fall,2019,Everyday / Streetwear,Wendy,Everyday / Streetwear
502522008,Women,Garment Full body,Dress,Dress,dress,Blue,Spring,2019,Everyday / Streetwear,Marc dress,Everyday / Streetwear
528188001,Women,Garment Full body,Dress,Dress,dress,Black,Fall,2019,Everyday / Streetwear,Britney,Everyday / Streetwear
612288004,Women,Garment Full body,Dress,Dress,dress,Blue,Fall,2019,Everyday / Streetwear,Firenze,Everyday / Streetwear
787235002,Women,Garment Full body,Dress,Dress,dress,Red,Winter,2019,Everyday / Streetwear,Ananas,Everyday / Streetwear
836706001,Women,Garment Full body,Dress,Dress,dress,Black,Spring,2019,Everyday / Streetwear,MEGAN DRESS,Everyday / Streetwear
789147002,Women,Garment Full body,Dress,Dress,dress,Black,Fall,2019,Office / Formal,Tamarind dress,Office / Formal
634153001,Women,Garment Full body,Dress,Dress,dress,White,Summer,2019,Everyday / Streetwear,CS Egyptian Goddess,Everyday / Streetwear
766448001,Women,Garment Full body,Dress,Dress,dress,Beige,Summer,2019,Office / Formal,Mocca,Office / Formal
587201001,Women,Garment Full body,Dress,Dress,dress,Black,Fall,2019,Everyday / Streetwear,Bloody Mary dress,Everyday / Streetwear
794566003,Women,Garment Full body,Dress,Dress,dress,Beige,Spring,2019,Office / Formal,Marcella dress,Office / Formal
752486005,Women,Garment Full body,Dress,Dress,dress,Blue,Winter,2019,Everyday / Streetwear,Bayonne long dress,Everyday / Streetwear
811871002,Women,Garment Full body,Dress,Dress,dress,Black,Summer,2019,Everyday / Streetwear,Caroline Jumpsuit,Everyday / Streetwear
615806002,Women,Garment Full body,Dress,Dress,dress,Turquoise,Fall,2019,Office / Formal,Balti lace dress,Office / Formal
759265002,Women,Garment Full body,Dress,Dress,dress,Pink,Spring,2019,Office / Formal,Paganini dress,Office / Formal
909291001,Women,Garment Full body,Dress,Dress,dress,Khaki green,Summer,2019,Everyday / Streetwear,DIV+ Dion dress,Everyday / Streetwear
852374004,Women,Garment Full body,Dress,Dress,dress,Black,Spring,2019,Everyday / Streetwear,Berry,Everyday / Streetwear
821336005,Women,Garment Full body,Dress,Dress,dress,White,Spring,2019,Everyday / Streetwear,Melrose,Everyday / Streetwear
871561006,Women,Garment Full body,Dress,Dress,dress,Blue,Summer,2019,Everyday / Streetwear,Riga tencel tunic dress,Everyday / Streetwear
650974002,Women,Garment Full body,Dress,Dress,dress,Blue,Fall,2019,Everyday / Streetwear,Alison dress W,Everyday / Streetwear
220094011,Women,Garment Full body,Dress,Dress,dress,Blue,Summer,2019,Everyday / Streetwear,Aguilera maxidress,Everyday / Streetwear
617821002,Women,Garment Full body,Dress,Dress,dress,Blue,Fall,2019,Everyday / Streetwear,DIV Panda dress,Everyday / Streetwear
715000004,Women,Garment Full body,Dress,Dress,dress,Blue,Winter,2019,Everyday / Streetwear,Darla dress,Everyday / Streetwear
753001002,Women,Garment Full body,Dress,Dress,dress,Red,Summer,2019,Everyday / Streetwear,Simone tankdress,Everyday / Streetwear
858305001,Women,Garment Full body,Dungarees,Dungarees,dress,Black,Spring,2019,Everyday / Streetwear,Seashell Jumpsuit,Everyday / Streetwear
212629040,Women,Garment Full body,Dress,Dress,dress,Pink,Winter,2019,Everyday / Streetwear,Alcazar strap dress,Everyday / Streetwear
745475004,Women,Garment Full body,Dress,Dress,dress,White,Spring,2019,Everyday / Streetwear,Sorrel,Everyday / Streetwear
546163003,Women,Garment Full body,Dress,Dress,dress,Blue,Fall,2019,Office / Formal,Noor wrap,Office / Formal
715253001,Women,Garment Full body,Dress,Dress,dress,Turquoise,Spring,2019,Office / Formal,CS Winehouse,Office / Formal
673880002,Women,Garment Full body,Dress,Dress,dress,Black,Fall,2019,Everyday / Streetwear,Buck dress,Everyday / Streetwear
859053002,Women,Garment Full body,Dress,Dress,dress,Blue,Spring,2019,Everyday / Streetwear,CE Sospir dress,Everyday / Streetwear
685448005,Women,Garment Full body,Dress,Dress,dress,Black,Spring,2019,Everyday / Streetwear,J Tzatziki,Everyday / Streetwear
621250001,Women,Garment Full body,Dress,Dress,dress,Blue,Fall,2019,Everyday / Streetwear,Get up dress,Everyday / Streetwear
776179003,Women,Garment Full body,Dress,Dress,dress,White,Fall,2019,Everyday / Streetwear,Annelien Hoodie Dress,Everyday / Streetwear
652069001,Women,Garment Full body,Dress,Dress,dress,Green,Fall,2019,Everyday / Streetwear,PE Siri dress 3,Everyday / Streetwear
902980003,Women,Garment Full body,Dress,Dress,dress,White,Summer,2019,Office / Formal,Monet dress,Office / Formal
823430001,Women,Garment Full body,Dress,Dress,dress,Black,Winter,2019,Everyday / Streetwear,CELINE COZY DRESS,Everyday / Streetwear
665481010,Women,Garment Full body,Dress,Dress,dress,Turquoise,Fall,2019,Office / Formal,Swift Dress(1),Office / Formal
855262002,Women,Garment Full body,Dress,Dress,dress,White,Spring,2019,Everyday / Streetwear,Montmartre,Everyday / Streetwear
834097001,Women,Garment Full body,Dress,Dress,dress,Black,Spring,2019,Everyday / Streetwear,Harper Dress,Everyday / Streetwear
866613001,Women,Garment Full body,Dress,Dress,dress,White,Summer,2019,Office / Formal,Ocean wrap dress,Office / Formal
717483003,Women,Garment Full body,Dress,Dress,dress,Blue,Spring,2019,Everyday / Streetwear,Cortina N wrapdress,Everyday / Streetwear
826628002,Women,Garment Full body,Dress,Dress,dress,White,Spring,2019,Everyday / Streetwear,ED Palermo dress,Everyday / Streetwear
857280001,Women,Garment Full body,Dress,Dress,dress,Black,Spring,2019,Everyday / Streetwear,SF Lola dress,Everyday / Streetwear
580746004,Women,Garment Full body,Dress,Dress,dress,Red,Fall,2019,Everyday / Streetwear,Chung dress W,Everyday / Streetwear
706897004,Women,Garment Full body,Dress,Dress,dress,Black,Winter,2019,Everyday / Streetwear,Mungoose dress,Everyday / Streetwear
753802006,Women,Garment Full body,Dress,Dress,dress,Black,Summer,2019,Everyday / Streetwear,Sacramento midi dress w,Everyday / Streetwear
676326005,Women,Garment Full body,Dress,Dress,dress,Black,Fall,2019,Everyday / Streetwear,Dagmar tunic,Everyday / Streetwear
790505007,Women,Garment Full body,Dress,Dress,dress,Beige,Winter,2019,Everyday / Streetwear,MC Swift dress,Everyday / Streetwear
791648001,Women,Garment Full body,Dress,Dress,dress,Red,Summer,2019,Everyday / Streetwear,Apron dress cord,Everyday / Streetwear
872177001,Women,Garment Full body,Dress,Dress,dress,Turquoise,Summer,2019,Office / Formal,Tulip Dress,Office / Formal
772747001,Women,Garment Full body,Dress,Dress,dress,Black,Summer,2019,Everyday / Streetwear,Spectre dress,Everyday / Streetwear
601615001,Women,Garment Full body,Dress,Dress,dress,White,Fall,2019,Everyday / Streetwear,PE Aze shirt dress,Everyday / Streetwear
637141001,Women,Garment Full body,Dress,Dress,dress,White,Fall,2019,Everyday / Streetwear,Flora dress J,Everyday / Streetwear
619174009,Women,Garment Full body,Dress,Dress,dress,Black,Winter,2019,Everyday / Streetwear,Maggie ringer tee dress (2),Everyday / Streetwear
856818001,Women,Garment Full body,Dress,Dress,dress,Blue,Summer,2019,Everyday / Streetwear,Festival Nora emb dress,Everyday / Streetwear
750960002,Women,Garment Full body,Dress,Dress,dress,Blue,Fall,2019,Everyday / Streetwear,RR 41 .1/2 Button dress,Everyday / Streetwear
639778003,Women,Garment Full body,Dress,Dress,dress,Black,Fall,2019,Everyday / Streetwear,Rania Tee dress j.,Everyday / Streetwear
859075001,Women,Garment Full body,Dress,Dress,dress,Beige,Spring,2019,Everyday / Streetwear,CE Antibes kaftan,Everyday / Streetwear
897693003,Women,Garment Full body,Dress,Dress,dress,Black,Summer,2019,Everyday / Streetwear,Sienna dress,Everyday / Streetwear
903090001,Women,Garment Full body,Dress,Dress,dress,Beige,Summer,2019,Everyday / Streetwear,Beamer dress,Everyday / Streetwear
888026001,Women,Garment Full body,Dress,Dress,dress,Black,Summer,2019,Office / Formal,Argentina dress,Office / Formal
648638002,Women,Garment Full body,Dress,Dress,dress,Pink,Fall,2019,Everyday / Streetwear,Donna Dress,Everyday / Streetwear
782566002,Women,Garment Full body,Dress,Dress,dress,Khaki green,Spring,2019,Everyday / Streetwear,Velma Maxi,Everyday / Streetwear
755154001,Women,Garment Full body,Dress,Dress,dress,Pink,Summer,2019,Everyday / Streetwear,POW Vishnu dress,Everyday / Streetwear
555187002,Women,Garment Full body,Dress,Dress,dress,Blue,Fall,2019,Everyday / Streetwear,Bachelor,Everyday / Streetwear
516709003,Women,Garment Full body,Dress,Dress,dress,Blue,Winter,2019,Everyday / Streetwear,Gwyneth,Everyday / Streetwear
825781001,Women,Garment Full body,Dress,Dress,dress,White,Summer,2019,Everyday / Streetwear,Amy flounce long dress,Everyday / Streetwear
682758002,Women,Garment Full body,Dress,Dress,dress,Grey,Fall,2019,Everyday / Streetwear,Dance with Me Dress,Everyday / Streetwear
607765001,Women,Garment Full body,Dress,Dress,dress,Black,Fall,2019,Everyday / Streetwear,W Boston dress EQ,Everyday / Streetwear
849005002,Women,Garment Full body,Dress,Dress,dress,Blue,Summer,2019,Everyday / Streetwear,MC Saskia dress,Everyday / Streetwear
664942002,Women,Garment Full body,Dress,Dress,dress,Black,Fall,2019,Everyday / Streetwear,CS Vanilla,Everyday / Streetwear
783280002,Women,Garment Full body,Dress,Dress,dress,Grey,Fall,2019,Everyday / Streetwear,Ben Button dress,Everyday / Streetwear
457292019,Women,Garment Full body,Dress,Dress,dress,Blue,Fall,2019,Everyday / Streetwear,Cherry dress,Everyday / Streetwear
681178008,Women,Garment Full body,Dress,Dress,dress,Beige,Spring,2019,Everyday / Streetwear,Rania tshirt dress j,Everyday / Streetwear
822481001,Women,Garment Full body,Dress,Dress,dress,Brown,Fall,2019,Everyday / Streetwear,Accapulco long dress.,Everyday / Streetwear
712450001,Women,Garment Full body,Dress,Dress,dress,Black,Winter,2019,Everyday / Streetwear,Umami Dress,Everyday / Streetwear
744600002,Women,Garment Full body,Dress,Dress,dress,Pink,Spring,2019,Everyday / Streetwear,Vishnu Dress,Everyday / Streetwear
681793001,Women,Garment Full body,Dress,Dress,dress,Black,Fall,2019,Everyday / Streetwear,Amber bodycon dress,Everyday / Streetwear
852369001,Women,Garment Full body,Dress,Dress,dress,White,Spring,2019,Everyday / Streetwear,Dream,Everyday / Streetwear
748099001,Women,Garment Full body,Dungarees,Dungarees,dress,White,Winter,2019,Everyday / Streetwear,Arabella Romper,Everyday / Streetwear
750052001,Women,Garment Full body,Dress,Dress,dress,Yellow,Spring,2019,Everyday / Streetwear,LE Surbhi Dress,Everyday / Streetwear
733361001,Women,Garment Full body,Dress,Dress,dress,Black,Winter,2019,Everyday / Streetwear,Jill l/s dress w,Everyday / Streetwear
619350001,Women,Garment Full body,Dress,Dress,dress,Blue,Fall,2019,Everyday / Streetwear,Break up to make up,Everyday / Streetwear
917121001,Women,Garment Full body,Dress,Dress,dress,Black,Summer,2019,Everyday / Streetwear,ARIEL MIDI,Everyday / Streetwear
697491001,Women,Garment Full body,Dress,Dress,dress,Black,Fall,2019,Everyday / Streetwear,PE LOUIS KNITTED DRESS 2,Everyday / Streetwear
663942005,Women,Garment Full body,Dress,Dress,dress,Black,Summer,2019,Everyday / Streetwear,Nevada,Everyday / Streetwear
718189002,Women,Garment Full body,Jumpsuit/Playsuit,Jumpsuit/Playsuit,dress,Red,Spring,2019,Everyday / Streetwear,First Night Playsuit,Everyday / Streetwear
890453001,Women,Garment Full body,Dress,Dress,dress,Black,Summer,2019,Office / Formal,Lorraine dress,Office / Formal
595487002,Women,Garment Full body,Dress,Dress,dress,Black,Fall,2019,Everyday / Streetwear,Bonbon,Everyday / Streetwear
923363002,Women,Garment Full body,Dress,Dress,dress,Black,Summer,2019,Everyday / Streetwear,Dumpling dress,Everyday / Streetwear
870765004,Women,Garment Full body,Dress,Dress,dress,Lilac Purple,Spring,2019,Everyday / Streetwear,Snickers dress,Everyday / Streetwear
617919017,Women,Garment Full body,Dress,Dress,dress,Black,Fall,2019,Everyday / Streetwear,Melody,Everyday / Streetwear
685823003,Women,Garment Full body,Dress,Dress,dress,Unknown,Summer,2019,Everyday / Streetwear,Napolitana Dress,Everyday / Streetwear
751913001,Women,Garment Full body,Dress,Dress,dress,White,Summer,2019,Everyday / Streetwear,Sila dress,Everyday / Streetwear
615269001,Women,Garment Full body,Dress,Dress,dress,Blue,Fall,2019,Everyday / Streetwear,Firenze 3/4,Everyday / Streetwear
793886001,Women,Garment Full body,Dress,Dress,dress,Khaki green,Summer,2019,Everyday / Streetwear,&Denim Lou shirtdress.,Everyday / Streetwear
629925001,Women,Garment Full body,Jumpsuit/Playsuit,Jumpsuit/Playsuit,dress,Blue,Summer,2019,Everyday / Streetwear,Got me good playsuit,Everyday / Streetwear
755090001,Women,Garment Full body,Dress,Dress,dress,Lilac Purple,Spring,2019,Everyday / Streetwear,POW RIver wrap dress,Everyday / Streetwear
850732002,Women,Garment Full body,Dress,Dress,dress,White,Spring,2019,Everyday / Streetwear,Slipper tunic,Everyday / Streetwear
834383002,Women,Garment Full body,Dress,Dress,dress,Blue,Summer,2019,Everyday / Streetwear,Carrie dress,Everyday / Streetwear
571169001,Women,Garment Full body,Dress,Dress,dress,Black,Fall,2019,Everyday / Streetwear,Elize dress,Everyday / Streetwear
615508003,Women,Garment Full body,Dress,Dress,dress,White,Winter,2019,Everyday / Streetwear,J Aloha,Everyday / Streetwear
914550001,Women,Garment Full body,Dress,Dress,dress,Blue,Summer,2019,Everyday / Streetwear,Dress Aries,Everyday / Streetwear
824312001,Women,Garment Full body,Dress,Dress,dress,Black,Winter,2019,Everyday / Streetwear,Twiggs trend dress,Everyday / Streetwear
724890001,Women,Garment Full body,Dress,Dress,dress,Red,Spring,2019,Everyday / Streetwear,Shanghai Tunic Dress,Everyday / Streetwear
638530002,Women,Garment Full body,Dress,Dress,dress,Black,Fall,2019,Everyday / Streetwear,Kira Kaftan,Everyday / Streetwear
879646004,Women,Garment Full body,Dress,Dress,dress,Black,Summer,2019,Everyday / Streetwear,Tamara dress,Everyday / Streetwear
878755001,Women,Garment Full body,Dress,Dress,dress,Beige,Winter,2019,Everyday / Streetwear,TREND Davis tunic,Everyday / Streetwear
589832002,Women,Garment Full body,Dress,Dress,dress,Red,Fall,2019,Everyday / Streetwear,Gin and Juice,Everyday / Streetwear
880059003,Women,Garment Full body,Jumpsuit/Playsuit,Jumpsuit/Playsuit,dress,Black,Summer,2019,Everyday / Streetwear,Lipa jumpsuit,Everyday / Streetwear
825577002,Women,Garment Full body,Dress,Dress,dress,White,Spring,2019,Everyday / Streetwear,PIXI TSHIRT DRESS,Everyday / Streetwear
795790001,Women,Garment Full body,Dress,Dress,dress,Black,Summer,2019,Everyday / Streetwear,Marrakesh dress,Everyday / Streetwear
633916001,Women,Garment Full body,Dress,Dress,dress,Blue,Winter,2019,Everyday / Streetwear,Orly dress,Everyday / Streetwear
814010004,Women,Garment Full body,Dress,Dress,dress,White,Spring,2019,Everyday / Streetwear,ED Dream dress,Everyday / Streetwear
736049004,Women,Garment Full body,Dress,Dress,dress,Orange,Winter,2019,Everyday / Streetwear,Tawny sweater dress,Everyday / Streetwear
836391001,Women,Garment Full body,Dress,Dress,dress,Green,Spring,2019,Everyday / Streetwear,Wayna Dress,Everyday / Streetwear
917402001,Women,Garment Full body,Dress,Dress,dress,Black,Summer,2019,Everyday / Streetwear,Sorrento Dress,Everyday / Streetwear
738731002,Women,Garment Full body,Dress,Dress,dress,Black,Summer,2019,Everyday / Streetwear,KISSY DRESS,Everyday / Streetwear
850641001,Women,Garment Full body,Jumpsuit/Playsuit,Jumpsuit/Playsuit,dress,Pink,Summer,2019,Everyday / Streetwear,Franklin jumpsuit,Everyday / Streetwear
892354003,Women,Garment Full body,Dress,Dress,dress,Black,Summer,2019,Everyday / Streetwear,Lolly dress long,Everyday / Streetwear
681181001,Women,Garment Full body,Jumpsuit/Playsuit,Jumpsuit/Playsuit,dress,Black,Summer,2019,Everyday / Streetwear,Ivy jumpsuit w,Everyday / Streetwear
886229001,Women,Garment Full body,Dress,Dress,dress,White,Summer,2019,Everyday / Streetwear,Lentil One Shoulder Dress,Everyday / Streetwear
850996002,Women,Garment Full body,Dress,Dress,dress,Pink,Spring,2019,Everyday / Streetwear,Apron dress cord,Everyday / Streetwear
819082002,Women,Garment Full body,Dress,Dress,dress,Red,Winter,2019,Everyday / Streetwear,ED Nottinghill dress,Everyday / Streetwear
727719003,Women,Garment Full body,Dress,Dress,dress,Orange,Summer,2019,Everyday / Streetwear,W PATRICIA DRESS EQ,Everyday / Streetwear
522918006,Women,Garment Full body,Dress,Dress,dress,Black,Summer,2019,Everyday / Streetwear,Lily dress W,Everyday / Streetwear
653911001,Women,Garment Full body,Dress,Dress,dress,Black,Fall,2019,Everyday / Streetwear,Wild cat Dress,Everyday / Streetwear
572507005,Women,Garment Full body,Dress,Dress,dress,Black,Winter,2019,Everyday / Streetwear,Sevilla dress,Everyday / Streetwear
538861005,Women,Garment Full body,Dress,Dress,dress,White,Summer,2019,Everyday / Streetwear,Bowie Lace dress,Everyday / Streetwear
663327002,Women,Garment Full body,Dress,Dress,dress,White,Fall,2019,Everyday / Streetwear,Lasagne,Everyday / Streetwear
776202001,Women,Garment Full body,Dress,Dress,dress,Blue,Summer,2019,Everyday / Streetwear,Micha knitted dress,Everyday / Streetwear
577512007,Women,Garment Full body,Dress,Dress,dress,Black,Fall,2019,Office / Formal,Hitchcock,Office / Formal
787521001,Women,Garment Full body,Dress,Dress,dress,Black,Summer,2019,Everyday / Streetwear,ED Sorrel petite,Everyday / Streetwear
823317001,Women,Garment Full body,Dress,Dress,dress,Beige,Fall,2019,Everyday / Streetwear,Rio OPT 2,Everyday / Streetwear
678224001,Women,Garment Full body,Dress,Dress,dress,Turquoise,Fall,2019,Everyday / Streetwear,MC Asta dress,Everyday / Streetwear
824804001,Women,Garment Full body,Dress,Dress,dress,Black,Fall,2019,Everyday / Streetwear,PC J Foxy,Everyday / Streetwear
751935001,Women,Garment Full body,Dress,Dress,dress,White,Summer,2019,Everyday / Streetwear,Nella Off-shoulder dress,Everyday / Streetwear
735063002,Women,Garment Full body,Dress,Dress,dress,Black,Summer,2019,Everyday / Streetwear,Eva dress,Everyday / Streetwear
763842007,Women,Garment Full body,Dress,Dress,dress,Blue,Summer,2019,Office / Formal,Clementine dress,Office / Formal
747195001,Women,Garment Full body,Dress,Dress,dress,Beige,Summer,2019,Everyday / Streetwear,SanFran dress,Everyday / Streetwear
648737002,Women,Garment Full body,Dress,Dress,dress,Black,Fall,2019,Everyday / Streetwear,Cassie maxi dress,Everyday / Streetwear
880716003,Women,Garment Full body,Dress,Dress,dress,Orange,Summer,2019,Everyday / Streetwear,Blast dress,Everyday / Streetwear
600791001,Women,Garment Full body,Dress,Dress,dress,Blue,Winter,2019,Everyday / Streetwear,Femme fatal,Everyday / Streetwear
777628001,Women,Garment Full body,Dress,Dress,dress,White,Summer,2019,Everyday / Streetwear,Tuna,Everyday / Streetwear
716107001,Women,Garment Full body,Jumpsuit/Playsuit,Jumpsuit/Playsuit,dress,Black,Spring,2019,Everyday / Streetwear,Cindy Jumpsuit TRIS,Everyday / Streetwear
627107003,Women,Garment Full body,Dress,Dress,dress,Blue,Fall,2019,Everyday / Streetwear,Electra dress,Everyday / Streetwear
915225001,Women,Garment Full body,Dress,Dress,dress,Pink,Summer,2019,Everyday / Streetwear,SHILAN MIDI DRESS,Everyday / Streetwear
707075006,Women,Garment Full body,Dress,Dress,dress,Yellow,Summer,2019,Everyday / Streetwear,Opera dress,Everyday / Streetwear
866137001,Women,Garment Full body,Dress,Dress,dress,Black,Winter,2019,Everyday / Streetwear,MC Leia dress,Everyday / Streetwear
916300001,Women,Garment Full body,Dress,Dress,dress,Red,Summer,2019,Everyday / Streetwear,PQ OLGA LEATHER DRESS,Everyday / Streetwear
892308001,Women,Garment Full body,Dress,Dress,dress,Beige,Summer,2019,Everyday / Streetwear,Atlas dress,Everyday / Streetwear
823317002,Women,Garment Full body,Dress,Dress,dress,Black,Fall,2019,Everyday / Streetwear,Rio OPT 2,Everyday / Streetwear
652746001,Women,Garment Full body,Dress,Dress,dress,Pink,Spring,2019,Office / Formal,Hugolina,Office / Formal
568838011,Women,Garment Full body,Dress,Dress,dress,Blue,Spring,2019,Office / Formal,Katsu,Office / Formal
618770003,Women,Garment Full body,Dress,Dress,dress,Orange,Fall,2019,Everyday / Streetwear,My Boo Dress,Everyday / Streetwear
671217006,Women,Garment Full body,Dress,Dress,dress,Beige,Fall,2019,Everyday / Streetwear,Katie Dress,Everyday / Streetwear
788107007,Women,Garment Full body,Dress,Dress,dress,Blue,Summer,2019,Everyday / Streetwear,Suraiya dress,Everyday / Streetwear
504113011,Women,Garment Full body,Dress,Dress,dress,White,Fall,2019,Everyday / Streetwear,Zoo,Everyday / Streetwear
874035009,Women,Garment Full body,Dress,Dress,dress,Pink,Spring,2019,Everyday / Streetwear,SPEED AUDERY A- LINE,Everyday / Streetwear
606009002,Women,Garment Full body,Dress,Dress,dress,Metal,Summer,2019,Everyday / Streetwear,Fanny,Everyday / Streetwear
829145011,Women,Garment Full body,Dress,Dress,dress,Green,Summer,2019,Everyday / Streetwear,London dress,Everyday / Streetwear
699220001,Women,Garment Full body,Jumpsuit/Playsuit,Jumpsuit/Playsuit,dress,Black,Spring,2019,Everyday / Streetwear,Tilly jumpsuit,Everyday / Streetwear
847277001,Women,Garment Full body,Dress,Dress,dress,Green,Spring,2019,Everyday / Streetwear,Pluto Dress,Everyday / Streetwear
763559001,Women,Garment Full body,Dress,Dress,dress,Blue,Summer,2019,Everyday / Streetwear,Bastia tencel dress,Everyday / Streetwear
817491003,Women,Garment Full body,Dress,Dress,dress,Black,Winter,2019,Everyday / Streetwear,Bowie,Everyday / Streetwear
605797006,Women,Garment Full body,Dress,Dress,dress,Pink,Spring,2019,Everyday / Streetwear,Vishnu,Everyday / Streetwear
220094021,Women,Garment Full body,Dress,Dress,dress,Orange,Summer,2019,Everyday / Streetwear,Aguilera maxidress,Everyday / Streetwear
611235003,Women,Garment Full body,Dress,Dress,dress,Khaki green,Summer,2019,Everyday / Streetwear,Twister,Everyday / Streetwear
691671002,Women,Garment Full body,Dress,Dress,dress,Red,Fall,2019,Everyday / Streetwear,Vera dress,Everyday / Streetwear
625795002,Women,Garment Full body,Dress,Dress,dress,Blue,Fall,2019,Everyday / Streetwear,Montana dress,Everyday / Streetwear
551462007,Women,Garment Full body,Dress,Dress,dress,Pink,Fall,2019,Everyday / Streetwear,Margret Dress W,Everyday / Streetwear
515740002,Women,Garment Full body,Dress,Dress,dress,Grey,Fall,2019,Everyday / Streetwear,Taurus tunic dress,Everyday / Streetwear
640156002,Women,Garment Full body,Dress,Dress,dress,Green,Winter,2019,Everyday / Streetwear,Krystal jumpsuit,Everyday / Streetwear
626794001,Women,Garment Full body,Dress,Dress,dress,Blue,Summer,2019,Everyday / Streetwear,BYN Put a ring on it,Everyday / Streetwear
923363001,Women,Garment Full body,Dress,Dress,dress,Beige,Summer,2019,Everyday / Streetwear,Dumpling dress,Everyday / Streetwear
795510001,Women,Garment Full body,Dress,Dress,dress,Black,Fall,2019,Everyday / Streetwear,Amy Floral Embroidery,Everyday / Streetwear
681180015,Women,Garment Full body,Dress,Dress,dress,Yellow,Summer,2019,Everyday / Streetwear,Panda skate dress j,Everyday / Streetwear
889379009,Women,Garment Full body,Dress,Dress,dress,Beige,Summer,2019,Everyday / Streetwear,Carmen,Everyday / Streetwear
692001004,Women,Garment Full body,Dress,Dress,dress,Blue,Spring,2019,Everyday / Streetwear,Ursula dress,Everyday / Streetwear
859399001,Women,Garment Full body,Dress,Dress,dress,Black,Summer,2019,Office / Formal,Sam Dress,Office / Formal
862693001,Women,Garment Full body,Dress,Dress,dress,Black,Summer,2019,Everyday / Streetwear,Topi Dress,Everyday / Streetwear
726227002,Women,Garment Full body,Dress,Dress,dress,Red,Summer,2019,Everyday / Streetwear,Lorena occasion dress,Everyday / Streetwear
886569003,Women,Garment Full body,Dress,Dress,dress,Black,Summer,2019,Everyday / Streetwear,ANGIE SHIRT SC SPEED P5,Everyday / Streetwear
847967002,Women,Garment Full body,Dress,Dress,dress,Black,Fall,2019,Everyday / Streetwear,Twiggy,Everyday / Streetwear
640769002,Women,Garment Full body,Dress,Dress,dress,Blue,Spring,2019,Everyday / Streetwear,Carly longleg jumpsuit,Everyday / Streetwear
770241001,Women,Garment Full body,Dress,Dress,dress,Black,Spring,2019,Everyday / Streetwear,Sneaky,Everyday / Streetwear
766435001,Women,Garment Full body,Dress,Dress,dress,Green,Summer,2019,Office / Formal,Dorothy,Office / Formal
816597008,Women,Garment Full body,Dress,Dress,dress,Pink,Spring,2019,Everyday / Streetwear,Rooney Dress,Everyday / Streetwear
913682001,Women,Garment Full body,Dress,Dress,dress,Khaki green,Summer,2019,Everyday / Streetwear,LOGG Riga Tunic dress,Everyday / Streetwear
851860001,Women,Garment Full body,Dress,Dress,dress,Black,Fall,2019,Everyday / Streetwear,Dubai blazer dress,Everyday / Streetwear
615525001,Women,Garment Full body,Dress,Dress,dress,Blue,Winter,2019,Everyday / Streetwear,J Jalapeno,Everyday / Streetwear
946095001,Women,Garment Full body,Dress,Dress,dress,Red,Summer,2019,Everyday / Streetwear,MARSH W DRESS,Everyday / Streetwear
887610001,Women,Garment Full body,Dress,Dress,dress,Grey,Spring,2019,Everyday / Streetwear,LA-JS-W-JS T-SHIRT DRESS,Everyday / Streetwear
876770001,Women,Garment Full body,Dress,Dress,dress,Unknown,Summer,2019,Everyday / Streetwear,Siesta,Everyday / Streetwear
746322001,Women,Garment Full body,Dress,Dress,dress,Red,Summer,2019,Everyday / Streetwear,Lyche dress,Everyday / Streetwear
772316001,Women,Garment Full body,Dress,Dress,dress,Blue,Summer,2019,Office / Formal,Sol,Office / Formal
897901003,Women,Garment Full body,Jumpsuit/Playsuit,Jumpsuit/Playsuit,dress,Pink,Spring,2019,Everyday / Streetwear,LUCKY JUMPSUIT-w,Everyday / Streetwear
662894005,Women,Garment Full body,Dress,Dress,dress,Black,Summer,2019,Everyday / Streetwear,Fudge dress J PRICE ITEAM,Everyday / Streetwear
766683003,Women,Garment Full body,Dress,Dress,dress,Yellow,Spring,2019,Everyday / Streetwear,Willie dress,Everyday / Streetwear
674649001,Women,Garment Full body,Dress,Dress,dress,Black,Fall,2019,Everyday / Streetwear,ED Pomme,Everyday / Streetwear
754132019,Women,Garment Full body,Jumpsuit/Playsuit,Jumpsuit/Playsuit,dress,Black,Winter,2019,Everyday / Streetwear,Danny Zuko jumpsuit,Everyday / Streetwear
694182004,Women,Garment Full body,Dress,Dress,dress,Turquoise,Spring,2019,Office / Formal,Han sleeve,Office / Formal
767699001,Women,Garment Full body,Dress,Dress,dress,Black,Winter,2019,Everyday / Streetwear,RR 47.4/5 Wrap dress,Everyday / Streetwear
584969001,Women,Garment Full body,Dress,Dress,dress,Blue,Fall,2019,Everyday / Streetwear,Goal dress,Everyday / Streetwear
731028001,Women,Garment Full body,Dress,Dress,dress,Grey,Summer,2019,Everyday / Streetwear,Chica,Everyday / Streetwear
607764001,Women,Garment Full body,Dress,Dress,dress,Blue,Fall,2019,Everyday / Streetwear,W Kyoto Dress EQ,Everyday / Streetwear
734113002,Women,Garment Full body,Dress,Dress,dress,Blue,Spring,2019,Everyday / Streetwear,Bambi,Everyday / Streetwear
646155001,Women,Garment Full body,Dress,Dress,dress,Grey,Fall,2019,Everyday / Streetwear,Champagne dress,Everyday / Streetwear
510025001,Women,Garment Full body,Dress,Dress,dress,Black,Fall,2019,Everyday / Streetwear,Benga bodycon,Everyday / Streetwear
682334002,Women,Garment Full body,Dress,Dress,dress,Grey,Winter,2019,Everyday / Streetwear,Ella Dress Sequin,Everyday / Streetwear
734435004,Women,Garment Full body,Dress,Dress,dress,Red,Spring,2019,Office / Formal,Saskia Dress,Office / Formal
651558004,Women,Garment Full body,Dress,Dress,dress,Red,Fall,2019,Everyday / Streetwear,Panda Dress,Everyday / Streetwear
454143001,Women,Garment Full body,Dress,Dress,dress,Black,Spring,2019,Everyday / Streetwear,Ada woven dress,Everyday / Streetwear
738420002,Women,Garment Full body,Dungarees,Dungarees,dress,Yellow,Spring,2019,Everyday / Streetwear,Cosmo jumpuit,Everyday / Streetwear
617821001,Women,Garment Full body,Dress,Dress,dress,Red,Fall,2019,Everyday / Streetwear,DIV Panda dress,Everyday / Streetwear
762033003,Women,Garment Full body,Dress,Dress,dress,Beige,Fall,2019,Everyday / Streetwear,Bowie tunic,Everyday / Streetwear
643192001,Women,Garment Full body,Dress,Dress,dress,White,Fall,2019,Everyday / Streetwear,Ravioli jumpsuit,Everyday / Streetwear
771116006,Women,Garment Full body,Dress,Dress,dress,Orange,Spring,2019,Everyday / Streetwear,Donatella,Everyday / Streetwear
830313001,Women,Garment Full body,Dress,Dress,dress,Pink,Winter,2019,Everyday / Streetwear,LOGG Celine dress,Everyday / Streetwear
846581002,Women,Garment Full body,Dress,Dress,dress,Black,Summer,2019,Office / Formal,Asta Dress (1),Office / Formal
640158002,Women,Garment Full body,Dress,Dress,dress,White,Spring,2019,Everyday / Streetwear,Tony jumpsuit,Everyday / Streetwear
838920003,Women,Garment Full body,Dress,Dress,dress,Green,Spring,2019,Everyday / Streetwear,Collins midi dress,Everyday / Streetwear
619907005,Women,Garment Full body,Dress,Dress,dress,Black,Summer,2019,Everyday / Streetwear,Tyler bodycon J,Everyday / Streetwear
852449001,Women,Garment Full body,Dress,Dress,dress,Yellow,Winter,2019,Everyday / Streetwear,Hereford One Shoulder,Everyday / Streetwear
617480001,Women,Garment Full body,Dress,Dress,dress,Yellow,Fall,2019,Everyday / Streetwear,Sangria dress,Everyday / Streetwear
756093001,Women,Garment Full body,Dress,Dress,dress,Red,Spring,2019,Everyday / Streetwear,LOGG Vanne dress,Everyday / Streetwear
838834001,Women,Garment Full body,Dress,Dress,dress,Black,Winter,2019,Everyday / Streetwear,Lindsey dress,Everyday / Streetwear
855816004,Women,Garment Full body,Dress,Dress,dress,Pink,Summer,2019,Everyday / Streetwear,Gwen F&F Pufflseave,Everyday / Streetwear
573740004,Women,Garment Full body,Dress,Dress,dress,Blue,Fall,2019,Everyday / Streetwear,Splash,Everyday / Streetwear
508227020,Women,Garment Full body,Dress,Dress,dress,Khaki green,Fall,2019,Everyday / Streetwear,Zipit Dress,Everyday / Streetwear
811333003,Women,Garment Full body,Dress,Dress,dress,Black,Summer,2019,Everyday / Streetwear,Bahama dress,Everyday / Streetwear
772747005,Women,Garment Full body,Dress,Dress,dress,White,Summer,2019,Everyday / Streetwear,Spectre dress (RW),Everyday / Streetwear
838846001,Women,Garment Full body,Dress,Dress,dress,Black,Fall,2019,Everyday / Streetwear,Celine Velvet Dress,Everyday / Streetwear
496923005,Women,Garment Full body,Dungarees,Dungarees,dress,Blue,Spring,2019,Everyday / Streetwear,Kenzy Denim Dungaree,Everyday / Streetwear
860549002,Women,Garment Full body,Dress,Dress,dress,White,Spring,2019,Everyday / Streetwear,Portia Midi Dress,Everyday / Streetwear
534258004,Women,Garment Full body,Dress,Dress,dress,Black,Fall,2019,Office / Formal,Paltrow SPEED,Office / Formal
903735003,Women,Garment Full body,Dress,Dress,dress,Blue,Summer,2019,Everyday / Streetwear,FIKUS DRESS,Everyday / Streetwear
874465006,Women,Garment Full body,Dress,Dress,dress,Blue,Summer,2019,Everyday / Streetwear,LOGG Citrine dress,Everyday / Streetwear
835216001,Women,Garment Full body,Dress,Dress,dress,Pink,Winter,2019,Everyday / Streetwear,Bibbi Dress,Everyday / Streetwear
683476001,Women,Garment Full body,Dress,Dress,dress,Black,Fall,2019,Everyday / Streetwear,Missy dress,Everyday / Streetwear
784175003,Women,Garment Full body,Dress,Dress,dress,Pink,Winter,2019,Office / Formal,Bravura dress,Office / Formal
852043001,Women,Garment Full body,Dress,Dress,dress,Black,Summer,2019,Everyday / Streetwear,Freja rib dress,Everyday / Streetwear
726227001,Women,Garment Full body,Dress,Dress,dress,Black,Spring,2019,Everyday / Streetwear,Lorena occasion dress,Everyday / Streetwear
887246002,Women,Garment Full body,Dress,Dress,dress,Blue,Summer,2019,Everyday / Streetwear,Tiffany dress,Everyday / Streetwear
874035006,Women,Garment Full body,Dress,Dress,dress,Black,Spring,2019,Everyday / Streetwear,SPEED AUDERY A- LINE,Everyday / Streetwear
692066002,Women,Garment Full body,Dress,Dress,dress,Black,Fall,2019,Everyday / Streetwear,Hanele dress,Everyday / Streetwear
665481001,Women,Garment Full body,Dress,Dress,dress,Red,Fall,2019,Office / Formal,Swift Dress,Office / Formal
673940006,Women,Garment Full body,Dress,Dress,dress,Red,Fall,2019,Everyday / Streetwear,Dragon J,Everyday / Streetwear
926593001,Women,Garment Full body,Dress,Dress,dress,Khaki green,Summer,2019,Everyday / Streetwear,Seattle dress,Everyday / Streetwear
801240003,Women,Garment Full body,Dungarees,Dungarees,dress,Blue,Spring,2019,Everyday / Streetwear,Boilersuit,Everyday / Streetwear
803324004,Women,Garment Full body,Dress,Dress,dress,Red,Summer,2019,Everyday / Streetwear,Pamela dress,Everyday / Streetwear
874879001,Women,Garment Full body,Dress,Dress,dress,Blue,Spring,2019,Everyday / Streetwear,Alison tencel,Everyday / Streetwear
607269004,Women,Garment Full body,Dress,Dress,dress,Blue,Summer,2019,Everyday / Streetwear,P Boogie SS,Everyday / Streetwear
733852001,Women,Garment Full body,Dress,Dress,dress,Pink,Spring,2019,Everyday / Streetwear,SC AMAZON dress,Everyday / Streetwear
733084002,Women,Garment Full body,Dress,Dress,dress,Black,Spring,2019,Everyday / Streetwear,Oregano,Everyday / Streetwear
738236002,Women,Garment Full body,Dress,Dress,dress,Blue,Spring,2019,Everyday / Streetwear,Holloway dress,Everyday / Streetwear
725293001,Women,Garment Full body,Jumpsuit/Playsuit,Jumpsuit/Playsuit,dress,Black,Spring,2019,Everyday / Streetwear,Marley jumpsuit,Everyday / Streetwear
869600001,Women,Garment Full body,Dress,Dress,dress,Blue,Summer,2019,Everyday / Streetwear,LE 2 Ombi Ombre Kaftan,Everyday / Streetwear
681358001,Women,Garment Full body,Dress,Dress,dress,Black,Fall,2019,Everyday / Streetwear,Lolly,Everyday / Streetwear
504113002,Women,Garment Full body,Dress,Dress,dress,White,Winter,2019,Everyday / Streetwear,Zoo,Everyday / Streetwear
864885002,Women,Garment Full body,Dress,Dress,dress,Blue,Summer,2019,Everyday / Streetwear,Julienne POW dress (RW),Everyday / Streetwear
589413001,Women,Garment Full body,Dress,Dress,dress,Black,Winter,2019,Everyday / Streetwear,Varda dress,Everyday / Streetwear
853839003,Women,Garment Full body,Dress,Dress,dress,White,Spring,2019,Office / Formal,Marc dress,Office / Formal
676979002,Women,Garment Full body,Dress,Dress,dress,Black,Summer,2019,Everyday / Streetwear,Inez Dress,Everyday / Streetwear
570268001,Women,Garment Full body,Dress,Dress,dress,Blue,Summer,2019,Everyday / Streetwear,Nicaragua dress,Everyday / Streetwear
735017001,Women,Garment Full body,Dress,Dress,dress,Beige,Summer,2019,Office / Formal,Alexa Dress AOP,Office / Formal
836274001,Women,Garment Full body,Dress,Dress,dress,Blue,Summer,2019,Everyday / Streetwear,Dundee Belted,Everyday / Streetwear
817579001,Women,Garment Full body,Dress,Dress,dress,Green,Fall,2019,Everyday / Streetwear,Twist dress velvet,Everyday / Streetwear
911192001,Women,Garment Full body,Dress,Dress,dress,Lilac Purple,Summer,2019,Everyday / Streetwear,LOLITA,Everyday / Streetwear
899795002,Women,Garment Full body,Dress,Dress,dress,Beige,Summer,2019,Everyday / Streetwear,Cosmos dress,Everyday / Streetwear
773897003,Women,Garment Full body,Dress,Dress,dress,Black,Summer,2019,Everyday / Streetwear,Bambini,Everyday / Streetwear
591948001,Women,Garment Full body,Dress,Dress,dress,Black,Winter,2019,Everyday / Streetwear,Scarlet tunic dress,Everyday / Streetwear
857227002,Women,Garment Full body,Dress,Dress,dress,Black,Summer,2019,Office / Formal,Cambridge dress,Office / Formal
801636002,Women,Garment Full body,Dress,Dress,dress,Green,Spring,2019,Everyday / Streetwear,ED Midnight dress,Everyday / Streetwear
851947001,Women,Garment Full body,Dress,Dress,dress,Red,Spring,2019,Everyday / Streetwear,Nice dress,Everyday / Streetwear
788107003,Women,Garment Full body,Dress,Dress,dress,Black,Spring,2019,Everyday / Streetwear,Suraiya dress,Everyday / Streetwear
583976003,Women,Garment Full body,Dress,Dress,dress,Green,Fall,2019,Everyday / Streetwear,Alba dress,Everyday / Streetwear
726416002,Women,Garment Full body,Dress,Dress,dress,Khaki green,Spring,2019,Everyday / Streetwear,Drake linen,Everyday / Streetwear
885315003,Women,Garment Full body,Dress,Dress,dress,Red,Summer,2019,Everyday / Streetwear,Brooklyn dress,Everyday / Streetwear
688881002,Women,Garment Full body,Dress,Dress,dress,Blue,Fall,2019,Everyday / Streetwear,Cookie,Everyday / Streetwear
597763003,Women,Garment Full body,Jumpsuit/Playsuit,Jumpsuit/Playsuit,dress,Khaki green,Spring,2019,Everyday / Streetwear,Kelly jumpsuit,Everyday / Streetwear
559013001,Women,Garment Full body,Dress,Dress,dress,Black,Fall,2019,Everyday / Streetwear,Carrie lace dress,Everyday / Streetwear
859927001,Women,Garment Full body,Dress,Dress,dress,Pink,Summer,2019,Everyday / Streetwear,LE Belle Tunic,Everyday / Streetwear
666354001,Women,Garment Full body,Dress,Dress,dress,Black,Summer,2019,Office / Formal,Christie Dress,Office / Formal
633541001,Women,Garment Full body,Dress,Dress,dress,Black,Fall,2019,Everyday / Streetwear,AG Turtle,Everyday / Streetwear
692331001,Women,Garment Full body,Dress,Dress,dress,Black,Fall,2019,Everyday / Streetwear,Julia jumpsuit J,Everyday / Streetwear
690193001,Women,Garment Full body,Dress,Dress,dress,Black,Winter,2019,Everyday / Streetwear,Doris dress,Everyday / Streetwear
661373001,Women,Garment Full body,Dress,Dress,dress,Green,Fall,2019,Everyday / Streetwear,Volt dress,Everyday / Streetwear
715927001,Women,Garment Full body,Dress,Dress,dress,Blue,Spring,2019,Everyday / Streetwear,Tilly Short dress,Everyday / Streetwear
663744001,Women,Garment Full body,Dress,Dress,dress,Grey,Winter,2019,Everyday / Streetwear,Amber off-shoulder dress,Everyday / Streetwear
708098001,Women,Garment Full body,Dress,Dress,dress,Black,Summer,2019,Everyday / Streetwear,Anika,Everyday / Streetwear
733348001,Women,Garment Full body,Dress,Dress,dress,Red,Spring,2019,Office / Formal,Tequila,Office / Formal
692452001,Women,Garment Full body,Dress,Dress,dress,Pink,Fall,2019,Everyday / Streetwear,SC NICCOLA slip dress,Everyday / Streetwear
457292021,Women,Garment Full body,Dress,Dress,dress,Pink,Fall,2019,Everyday / Streetwear,Cherry dress,Everyday / Streetwear
504113012,Women,Garment Full body,Dress,Dress,dress,White,Spring,2019,Everyday / Streetwear,Zoo,Everyday / Streetwear
859400004,Women,Garment Full body,Dress,Dress,dress,Pink,Summer,2019,Office / Formal,Kendall Dress,Office / Formal
634153003,Women,Garment Full body,Dress,Dress,dress,Unknown,Summer,2019,Everyday / Streetwear,CS Egyptian Goddess,Everyday / Streetwear
685017002,Women,Garment Full body,Dress,Dress,dress,Khaki green,Spring,2019,Everyday / Streetwear,Vivian wrap Dress,Everyday / Streetwear
761515002,Women,Garment Full body,Dress,Dress,dress,Black,Spring,2019,Everyday / Streetwear,Leila dress,Everyday / Streetwear
858453002,Women,Garment Full body,Dress,Dress,dress,White,Spring,2019,Office / Formal,Hills dress,Office / Formal
589836001,Women,Garment Full body,Dress,Dress,dress,Black,Fall,2019,Everyday / Streetwear,Pierced dress,Everyday / Streetwear
819717001,Women,Garment Full body,Dress,Dress,dress,Black,Fall,2019,Everyday / Streetwear,DIV Biker dress ls,Everyday / Streetwear
795052007,Women,Garment Full body,Dress,Dress,dress,Beige,Fall,2019,Everyday / Streetwear,Delilah Plisse Dress,Everyday / Streetwear
836226001,Women,Garment Full body,Jumpsuit/Playsuit,Jumpsuit/Playsuit,dress,Khaki green,Winter,2019,Everyday / Streetwear,Jackson jumpsuit 1,Everyday / Streetwear
631231003,Women,Garment Full body,Jumpsuit/Playsuit,Jumpsuit/Playsuit,dress,Black,Fall,2019,Everyday / Streetwear,W Skye jumpsuit EQ,Everyday / Streetwear
611039003,Women,Garment Full body,Dress,Dress,dress,Green,Fall,2019,Office / Formal,Ariel,Office / Formal
872813001,Women,Garment Full body,Dress,Dress,dress,Khaki green,Spring,2019,Everyday / Streetwear,Carey Dress w,Everyday / Streetwear
751910001,Women,Garment Full body,Dress,Dress,dress,White,Summer,2019,Office / Formal,Imani Dress,Office / Formal
672594001,Women,Garment Full body,Dress,Dress,dress,Black,Fall,2019,Everyday / Streetwear,All for Fame,Everyday / Streetwear
664862002,Women,Garment Full body,Dress,Dress,dress,Blue,Fall,2019,Everyday / Streetwear,Klint,Everyday / Streetwear
584327005,Women,Garment Full body,Dress,Dress,dress,Black,Fall,2019,Everyday / Streetwear,MACY OTS DR V5 OR FLOUNCE,Everyday / Streetwear
773463003,Women,Garment Full body,Dress,Dress,dress,Beige,Spring,2019,Office / Formal,Margret dress,Office / Formal
809798002,Women,Garment Full body,Dress,Dress,dress,Red,Summer,2019,Everyday / Streetwear,ED Mac dress,Everyday / Streetwear
890450001,Women,Garment Full body,Dress,Dress,dress,Blue,Summer,2019,Office / Formal,Emma dress,Office / Formal
572820001,Women,Garment Full body,Dress,Dress,dress,Orange,Fall,2019,Everyday / Streetwear,Premium Anam,Everyday / Streetwear
674010008,Women,Garment Full body,Dress,Dress,dress,Black,Fall,2019,Everyday / Streetwear,SPEED Veronica dress w,Everyday / Streetwear
794389003,Women,Garment Full body,Dress,Dress,dress,Brown,Fall,2019,Office / Formal,Ficus dress,Office / Formal
611821006,Women,Garment Full body,Dress,Dress,dress,Green,Fall,2019,Office / Formal,Savanna dress,Office / Formal
849938005,Women,Garment Full body,Dress,Dress,dress,Yellow,Summer,2019,Everyday / Streetwear,Matey dress,Everyday / Streetwear
887144001,Women,Garment Full body,Dress,Dress,dress,Black,Winter,2019,Everyday / Streetwear,Carey Dress,Everyday / Streetwear
759231002,Women,Garment Full body,Dress,Dress,dress,White,Summer,2019,Everyday / Streetwear,Amalfi,Everyday / Streetwear
568829002,Women,Garment Full body,Dress,Dress,dress,Black,Fall,2019,Office / Formal,Bruno,Office / Formal
834378002,Women,Garment Full body,Dress,Dress,dress,White,Spring,2019,Everyday / Streetwear,Rosie Dress,Everyday / Streetwear
905614002,Women,Garment Full body,Dress,Dress,dress,Beige,Spring,2019,Everyday / Streetwear,Angel,Everyday / Streetwear
716348002,Women,Garment Full body,Dress,Dress,dress,Blue,Summer,2019,Everyday / Streetwear,Marcie,Everyday / Streetwear
714424001,Women,Garment Full body,Jumpsuit/Playsuit,Jumpsuit/Playsuit,dress,Black,Fall,2019,Everyday / Streetwear,RR 32 5 JUMPSUIT worker,Everyday / Streetwear
852370004,Women,Garment Full body,Dress,Dress,dress,Black,Winter,2019,Everyday / Streetwear,Rosalia,Everyday / Streetwear
742083002,Women,Garment Full body,Dress,Dress,dress,Black,Spring,2019,Everyday / Streetwear,Wakkiki strap dress,Everyday / Streetwear
873001002,Women,Garment Full body,Dress,Dress,dress,White,Summer,2019,Everyday / Streetwear,Sonia linen dress,Everyday / Streetwear
843284002,Women,Garment Full body,Dress,Dress,dress,Pink,Summer,2019,Everyday / Streetwear,Banoffe,Everyday / Streetwear
895451001,Women,Garment Full body,Dress,Dress,dress,White,Spring,2019,Everyday / Streetwear,Sahara dress,Everyday / Streetwear
855071001,Women,Garment Full body,Dress,Dress,dress,Green,Spring,2019,Everyday / Streetwear,Nala Dress,Everyday / Streetwear
794378001,Women,Garment Full body,Dress,Dress,dress,White,Summer,2019,Everyday / Streetwear,Biker dress Pinafore,Everyday / Streetwear
714410001,Women,Garment Full body,Dress,Dress,dress,Black,Fall,2019,Everyday / Streetwear,RR 27.3 Dress V -neck Maxi,Everyday / Streetwear
865440004,Women,Garment Full body,Dress,Dress,dress,Unknown,Spring,2019,Everyday / Streetwear,ED Sorrel dress.,Everyday / Streetwear
609379001,Women,Garment Full body,Dress,Dress,dress,Black,Summer,2019,Everyday / Streetwear,Penny playsuit,Everyday / Streetwear
822201001,Women,Garment Full body,Dress,Dress,dress,Beige,Summer,2019,Everyday / Streetwear,Lolo dress,Everyday / Streetwear
708721003,Women,Garment Full body,Dress,Dress,dress,Pink,Winter,2019,Everyday / Streetwear,EQ PANDA Dress,Everyday / Streetwear
688508001,Women,Garment Full body,Dress,Dress,dress,Turquoise,Fall,2019,Everyday / Streetwear,sheffield dress,Everyday / Streetwear
834844001,Women,Garment Full body,Dress,Dress,dress,Turquoise,Summer,2019,Office / Formal,Ltd Nala dress,Office / Formal
674010003,Women,Garment Full body,Dress,Dress,dress,Green,Fall,2019,Everyday / Streetwear,SPEED Veronica dress w,Everyday / Streetwear
737616004,Women,Garment Full body,Dress,Dress,dress,Red,Spring,2019,Everyday / Streetwear,CE Moonstone dress,Everyday / Streetwear
566618004,Women,Garment Full body,Dress,Dress,dress,Turquoise,Fall,2019,Everyday / Streetwear,All Inclusive Dress,Everyday / Streetwear
753724004,Women,Garment Full body,Dress,Dress,dress,Blue,Summer,2019,Everyday / Streetwear,Rosemary,Everyday / Streetwear
756076001,Women,Garment Full body,Dress,Dress,dress,Blue,Spring,2019,Everyday / Streetwear,Newcastle Dress,Everyday / Streetwear
522076001,Women,Garment Full body,Dress,Dress,dress,Blue,Spring,2019,Everyday / Streetwear,Mollie dress,Everyday / Streetwear
866755001,Women,Garment Full body,Dress,Dress,dress,Beige,Spring,2019,Everyday / Streetwear,Blije bodycon w,Everyday / Streetwear
656377003,Women,Garment Full body,Dress,Dress,dress,Blue,Summer,2019,Everyday / Streetwear,Andrea stripe dress,Everyday / Streetwear
786603001,Women,Garment Full body,Dungarees,Dungarees,dress,Black,Fall,2019,Everyday / Streetwear,Dungarees,Everyday / Streetwear
739819001,Women,Garment Full body,Dress,Dress,dress,Red,Spring,2019,Office / Formal,Polly dress,Office / Formal
747637006,Women,Garment Full body,Dress,Dress,dress,White,Summer,2019,Everyday / Streetwear,Banana dress,Everyday / Streetwear
597901003,Women,Garment Full body,Dress,Dress,dress,Orange,Fall,2019,Everyday / Streetwear,Spectre Short Dress,Everyday / Streetwear
594697001,Women,Garment Full body,Dress,Dress,dress,Black,Fall,2019,Everyday / Streetwear,Evelyn Dress W SPEED,Everyday / Streetwear
909216001,Women,Garment Full body,Dress,Dress,dress,White,Summer,2019,Everyday / Streetwear,Grant tunic,Everyday / Streetwear
795714002,Women,Garment Full body,Dress,Dress,dress,Blue,Summer,2019,Everyday / Streetwear,Jaqueline dress,Everyday / Streetwear
656304001,Women,Garment Full body,Dress,Dress,dress,White,Fall,2019,Everyday / Streetwear,Bahamas jumpsuit,Everyday / Streetwear
595692002,Women,Garment Full body,Dungarees,Dungarees,dress,Blue,Fall,2019,Everyday / Streetwear,Belinda Pinafore,Everyday / Streetwear
739819010,Women,Garment Full body,Dress,Dress,dress,Pink,Summer,2019,Office / Formal,Polly strap dress,Office / Formal
829017007,Women,Garment Full body,Dress,Dress,dress,Black,Winter,2019,Everyday / Streetwear,Husky,Everyday / Streetwear
788846001,Women,Garment Full body,Dress,Dress,dress,Green,Fall,2019,Everyday / Streetwear,Midnight,Everyday / Streetwear
708485001,Women,Garment Full body,Dress,Dress,dress,Black,Spring,2019,Everyday / Streetwear,Klaudia dress,Everyday / Streetwear
741117006,Women,Garment Full body,Dress,Dress,dress,Beige,Spring,2019,Everyday / Streetwear,Rosemary Tunic,Everyday / Streetwear
516709004,Women,Garment Full body,Dress,Dress,dress,Beige,Winter,2019,Everyday / Streetwear,Gwyneth,Everyday / Streetwear
762936001,Women,Garment Full body,Dress,Dress,dress,Black,Spring,2019,Everyday / Streetwear,DIV Gemma basic dress,Everyday / Streetwear
766448002,Women,Garment Full body,Dress,Dress,dress,Orange,Summer,2019,Office / Formal,Mocca,Office / Formal
744042002,Women,Garment Full body,Dress,Dress,dress,Pink,Summer,2019,Office / Formal,Carly Dress,Office / Formal
895506001,Women,Garment Full body,Dress,Dress,dress,Black,Summer,2019,Everyday / Streetwear,AVRIL DRESS,Everyday / Streetwear
751551004,Women,Garment Full body,Dress,Dress,dress,Khaki green,Spring,2019,Everyday / Streetwear,HM+ Track dress,Everyday / Streetwear
612730001,Women,Garment Full body,Dungarees,Dungarees,dress,Black,Summer,2019,Everyday / Streetwear,Jonas Pinafore (1),Everyday / Streetwear
766667001,Women,Garment Full body,Dress,Dress,dress,Black,Summer,2019,Everyday / Streetwear,Valencia,Everyday / Streetwear
580263001,Women,Garment Full body,Dress,Dress,dress,Black,Winter,2019,Everyday / Streetwear,Travis woven shirtdress,Everyday / Streetwear
765926001,Women,Garment Full body,Dress,Dress,dress,Black,Summer,2019,Everyday / Streetwear,Gjelina,Everyday / Streetwear
771337002,Women,Garment Full body,Dress,Dress,dress,Pink,Spring,2019,Everyday / Streetwear,ES LENA DRESS,Everyday / Streetwear
598176001,Women,Garment Full body,Dress,Dress,dress,Blue,Fall,2019,Everyday / Streetwear,Lee dress,Everyday / Streetwear
763159001,Women,Garment Full body,Dungarees,Dungarees,dress,Black,Spring,2019,Everyday / Streetwear,Peaches jumpsuit,Everyday / Streetwear
791812001,Women,Garment Full body,Dress,Dress,dress,White,Summer,2019,Everyday / Streetwear,Rosalind dot,Everyday / Streetwear
756130001,Women,Garment Full body,Dress,Dress,dress,White,Summer,2019,Everyday / Streetwear,Edinburg midi dress,Everyday / Streetwear
747192001,Women,Garment Full body,Jumpsuit/Playsuit,Jumpsuit/Playsuit,dress,Black,Summer,2019,Everyday / Streetwear,Ivy jumpsuit w,Everyday / Streetwear
724570002,Women,Garment Full body,Dress,Dress,dress,Black,Summer,2019,Office / Formal,Chia,Office / Formal
678392005,Women,Garment Full body,Dress,Dress,dress,Yellow,Fall,2019,Everyday / Streetwear,Turtle dress,Everyday / Streetwear
761577001,Women,Garment Full body,Dress,Dress,dress,Black,Summer,2019,Everyday / Streetwear,Rebound Dress,Everyday / Streetwear
696126001,Women,Garment Full body,Dress,Dress,dress,Red,Winter,2019,Everyday / Streetwear,W MARCIE DRESS CNY,Everyday / Streetwear
765267001,Women,Garment Full body,Dress,Dress,dress,Blue,Summer,2019,Everyday / Streetwear,NT Juno wrap dress,Everyday / Streetwear
832291001,Women,Garment Full body,Dress,Dress,dress,Black,Summer,2019,Everyday / Streetwear,Cadeau dress,Everyday / Streetwear
762637001,Women,Garment Full body,Dress,Dress,dress,Black,Summer,2019,Everyday / Streetwear,Sydney maxi dress,Everyday / Streetwear
929226002,Women,Garment Full body,Dress,Dress,dress,Black,Summer,2019,Everyday / Streetwear,KIM PINAFORE FANCY,Everyday / Streetwear
681182012,Women,Garment Full body,Dress,Dress,dress,Red,Summer,2019,Everyday / Streetwear,Harper dress w,Everyday / Streetwear
827349002,Women,Garment Full body,Dress,Dress,dress,Green,Winter,2019,Everyday / Streetwear,CS December,Everyday / Streetwear
752574001,Women,Garment Full body,Dress,Dress,dress,Black,Spring,2019,Everyday / Streetwear,Separate Dress,Everyday / Streetwear
856886001,Women,Garment Full body,Dress,Dress,dress,Black,Summer,2019,Everyday / Streetwear,Bonnie dress,Everyday / Streetwear
681180010,Women,Garment Full body,Dress,Dress,dress,Black,Summer,2019,Everyday / Streetwear,Panda skate dress j,Everyday / Streetwear
875398001,Women,Garment Full body,Dress,Dress,dress,Pink,Spring,2019,Everyday / Streetwear,LE Petunia Jersey Kaftan,Everyday / Streetwear
749340001,Women,Garment Full body,Dress,Dress,dress,Yellow,Summer,2019,Everyday / Streetwear,LE Amina Dress,Everyday / Streetwear
717811001,Women,Garment Full body,Dress,Dress,dress,Turquoise,Summer,2019,Office / Formal,Chiba Dress,Office / Formal
684096003,Women,Garment Full body,Dress,Dress,dress,Black,Spring,2019,Everyday / Streetwear,Malta dress,Everyday / Streetwear
767799022,Women,Garment Full body,Dress,Dress,dress,Yellow,Summer,2019,Everyday / Streetwear,JUST PINK DRESS(1),Everyday / Streetwear
878602002,Women,Garment Full body,Dress,Dress,dress,Blue,Summer,2019,Everyday / Streetwear,AK Aires dress,Everyday / Streetwear
633840001,Women,Garment Full body,Dress,Dress,dress,Blue,Fall,2019,Everyday / Streetwear,CS Forest,Everyday / Streetwear
815028001,Women,Garment Full body,Dress,Dress,dress,Black,Spring,2019,Office / Formal,Dry Martini Dress,Office / Formal
597745002,Women,Garment Full body,Dress,Dress,dress,Black,Fall,2019,Everyday / Streetwear,Ziggy maxi dress,Everyday / Streetwear
831460002,Women,Garment Full body,Dress,Dress,dress,White,Summer,2019,Everyday / Streetwear,Tale Maxi Dress,Everyday / Streetwear
651845001,Women,Garment Full body,Dress,Dress,dress,Black,Fall,2019,Everyday / Streetwear,Biker Dress LS,Everyday / Streetwear
874146002,Women,Garment Full body,Dress,Dress,dress,Khaki green,Spring,2019,Everyday / Streetwear,Sorrel dress,Everyday / Streetwear
816597005,Women,Garment Full body,Dress,Dress,dress,Green,Fall,2019,Everyday / Streetwear,New Rooney Dress,Everyday / Streetwear
220094016,Women,Garment Full body,Dress,Dress,dress,White,Spring,2019,Everyday / Streetwear,Aguilera maxidress,Everyday / Streetwear
867357001,Women,Garment Full body,Dress,Dress,dress,Black,Summer,2019,Everyday / Streetwear,Stunning dress,Everyday / Streetwear
757743006,Women,Garment Full body,Dress,Dress,dress,Orange,Spring,2019,Everyday / Streetwear,Banoffee bodycon dress,Everyday / Streetwear
880740003,Women,Garment Full body,Dress,Dress,dress,Pink,Summer,2019,Everyday / Streetwear,Lindsay s/s,Everyday / Streetwear
874676002,Women,Garment Full body,Dress,Dress,dress,Pink,Spring,2019,Everyday / Streetwear,Savage L/S dress,Everyday / Streetwear
633543001,Women,Garment Full body,Dress,Dress,dress,Beige,Spring,2019,Everyday / Streetwear,AG Odette,Everyday / Streetwear
798826002,Women,Garment Full body,Dress,Dress,dress,Black,Winter,2019,Everyday / Streetwear,Bebe dress,Everyday / Streetwear
798868001,Women,Garment Full body,Dress,Dress,dress,Beige,Winter,2019,Everyday / Streetwear,Shelly polo dress,Everyday / Streetwear
834428001,Women,Garment Full body,Dress,Dress,dress,Blue,Spring,2019,Everyday / Streetwear,Nico Denim Dress,Everyday / Streetwear
740461001,Women,Garment Full body,Dress,Dress,dress,White,Summer,2019,Everyday / Streetwear,Lola dress,Everyday / Streetwear
879294001,Women,Garment Full body,Dress,Dress,dress,Black,Spring,2019,Everyday / Streetwear,Molly dress,Everyday / Streetwear
619636001,Women,Garment Full body,Dress,Dress,dress,Green,Summer,2019,Office / Formal,Tekla off shoulder,Office / Formal
761968001,Women,Garment Full body,Dress,Dress,dress,Black,Summer,2019,Everyday / Streetwear,Elisabeth dress (1),Everyday / Streetwear
709996002,Women,Garment Full body,Dress,Dress,dress,Green,Spring,2019,Office / Formal,Cilantro,Office / Formal
630339001,Women,Garment Full body,Dress,Dress,dress,Blue,Fall,2019,Everyday / Streetwear,Daphne Dress,Everyday / Streetwear
942062001,Unisex,Garment Full body,Garment Set,Garment Set,dress,Green,Summer,2019,Sportswear / Gym,SEAMLESS SET 2 pc New,Sportswear / Gym
854883002,Women,Garment Full body,Dress,Dress,dress,Beige,Summer,2019,Everyday / Streetwear,Rosa dress,Everyday / Streetwear
617245002,Women,Garment Full body,Dress,Dress,dress,Orange,Summer,2019,Everyday / Streetwear,Daquiri,Everyday / Streetwear
758578001,Women,Garment Full body,Dress,Dress,dress,Black,Summer,2019,Everyday / Streetwear,Minnie Dress tee,Everyday / Streetwear
714379001,Women,Garment Full body,Dress,Dress,dress,Black,Winter,2019,Everyday / Streetwear,RR 27 Wrap 3/4 sleeve dress so,Everyday / Streetwear
929598001,Women,Garment Full body,Dress,Dress,dress,Black,Summer,2019,Everyday / Streetwear,Mally short dress,Everyday / Streetwear
572573002,Women,Garment Full body,Dress,Dress,dress,Blue,Fall,2019,Office / Formal,CS Patric,Office / Formal
859957001,Women,Garment Full body,Dress,Dress,dress,Orange,Summer,2019,Everyday / Streetwear,LE Good Ada Dress,Everyday / Streetwear
905929001,Women,Garment Full body,Dress,Dress,dress,Blue,Summer,2019,Everyday / Streetwear,Judy tencel dress,Everyday / Streetwear
509014008,Women,Garment Full body,Dress,Dress,dress,Blue,Winter,2019,Everyday / Streetwear,Senja nursing dress,Everyday / Streetwear
822044001,Women,Garment Full body,Dress,Dress,dress,Red,Winter,2019,Everyday / Streetwear,Los Gallos Dress,Everyday / Streetwear
747346001,Women,Garment Full body,Dress,Dress,dress,Blue,Summer,2019,Everyday / Streetwear,Dress Midi Wrap,Everyday / Streetwear
669360002,Women,Garment Full body,Dress,Dress,dress,Black,Fall,2019,Everyday / Streetwear,Sabini dress,Everyday / Streetwear
640743002,Women,Garment Full body,Dress,Dress,dress,White,Summer,2019,Everyday / Streetwear,Natalie jumpsuit,Everyday / Streetwear
933885004,Women,Garment Full body,Dress,Dress,dress,Blue,Summer,2019,Everyday / Streetwear,Whirl dress,Everyday / Streetwear
595526002,Women,Garment Full body,Dress,Dress,dress,Green,Fall,2019,Everyday / Streetwear,Fruity dress,Everyday / Streetwear
610234001,Women,Garment Full body,Dress,Dress,dress,White,Spring,2019,Everyday / Streetwear,dean dress,Everyday / Streetwear
925777001,Women,Garment Full body,Dress,Dress,dress,Brown,Summer,2019,Everyday / Streetwear,Frillstyler dress,Everyday / Streetwear
868507001,Women,Garment Full body,Dungarees,Dungarees,dress,Blue,Spring,2019,Everyday / Streetwear,Boilersuit Utility,Everyday / Streetwear
701262002,Women,Garment Full body,Dress,Dress,dress,Red,Fall,2019,Everyday / Streetwear,Breeze dress,Everyday / Streetwear
545908004,Women,Garment Full body,Dress,Dress,dress,Yellow,Fall,2019,Everyday / Streetwear,Sri Lanka dress,Everyday / Streetwear
579468001,Women,Garment Full body,Dress,Dress,dress,Black,Fall,2019,Everyday / Streetwear,Rooney dress,Everyday / Streetwear
716781002,Women,Garment Full body,Dress,Dress,dress,Pink,Summer,2019,Office / Formal,Fresia plísse dress,Office / Formal
774012002,Women,Garment Full body,Dress,Dress,dress,Black,Fall,2019,Everyday / Streetwear,Leo dress,Everyday / Streetwear
401044020,Women,Garment Full body,Dress,Dress,dress,Pink,Fall,2019,Everyday / Streetwear,Cora Dress,Everyday / Streetwear
890639002,Women,Garment Full body,Dress,Dress,dress,Orange,Summer,2019,Everyday / Streetwear,Pepe dress,Everyday / Streetwear
855915005,Women,Garment Full body,Dress,Dress,dress,Black,Summer,2019,Everyday / Streetwear,ED Sun dress,Everyday / Streetwear
740237001,Women,Garment Full body,Dress,Dress,dress,Pink,Winter,2019,Everyday / Streetwear,RR 37 4. Knot dress,Everyday / Streetwear
869612001,Women,Garment Full body,Dress,Dress,dress,Blue,Summer,2019,Everyday / Streetwear,LE 2 Narcissa V Kaftan,Everyday / Streetwear
638958012,Women,Garment Full body,Dress,Dress,dress,Black,Winter,2019,Everyday / Streetwear,J Ravioli,Everyday / Streetwear
824821002,Women,Garment Full body,Dress,Dress,dress,Beige,Winter,2019,Everyday / Streetwear,PC Waterfall,Everyday / Streetwear
615269002,Women,Garment Full body,Dress,Dress,dress,Black,Fall,2019,Everyday / Streetwear,Firenze 3/4,Everyday / Streetwear
589831001,Women,Garment Full body,Dress,Dress,dress,Black,Summer,2019,Everyday / Streetwear,Swing it dress,Everyday / Streetwear
707742001,Women,Garment Full body,Dress,Dress,dress,Blue,Spring,2019,Everyday / Streetwear,Juno,Everyday / Streetwear
535682002,Women,Garment Full body,Dress,Dress,dress,Pink,Fall,2019,Everyday / Streetwear,Maple woven dress,Everyday / Streetwear
796059001,Women,Garment Full body,Dress,Dress,dress,Black,Summer,2019,Office / Formal,Piano dress,Office / Formal
829168001,Women,Garment Full body,Dress,Dress,dress,Black,Spring,2019,Everyday / Streetwear,SC speed Melissa tierd dress,Everyday / Streetwear
766183001,Women,Garment Full body,Dress,Dress,dress,Black,Fall,2019,Everyday / Streetwear,ED Brother dress,Everyday / Streetwear
766654005,Women,Garment Full body,Dress,Dress,dress,Green,Winter,2019,Everyday / Streetwear,Rio,Everyday / Streetwear
870662001,Women,Garment Full body,Dress,Dress,dress,Red,Summer,2019,Everyday / Streetwear,POW Moto Dress,Everyday / Streetwear
784397001,Women,Garment Full body,Dress,Dress,dress,Beige,Summer,2019,Everyday / Streetwear,Janero maxi dress,Everyday / Streetwear
764514001,Women,Garment Full body,Dress,Dress,dress,Beige,Fall,2019,Everyday / Streetwear,Mac,Everyday / Streetwear
612730004,Women,Garment Full body,Dungarees,Dungarees,dress,Yellow,Summer,2019,Everyday / Streetwear,Jonas Pinafore (1),Everyday / Streetwear
775482001,Women,Garment Full body,Dress,Dress,dress,Yellow,Summer,2019,Everyday / Streetwear,Revlon,Everyday / Streetwear
834368005,Women,Garment Full body,Dress,Dress,dress,Blue,Summer,2019,Everyday / Streetwear,Chimie Dress,Everyday / Streetwear
827636001,Women,Garment Full body,Dress,Dress,dress,Black,Winter,2019,Everyday / Streetwear,Nadia dress,Everyday / Streetwear
611906001,Women,Garment Full body,Dungarees,Dungarees,dress,Black,Fall,2019,Everyday / Streetwear,June jumpsuit,Everyday / Streetwear
681176049,Women,Garment Full body,Dress,Dress,dress,Grey,Summer,2019,Everyday / Streetwear,Topi bodycon dress j,Everyday / Streetwear
810872001,Women,Garment Full body,Dress,Dress,dress,Black,Winter,2019,Everyday / Streetwear,PQ AGDA LEATHER DRESS,Everyday / Streetwear
642739002,Women,Garment Full body,Dress,Dress,dress,Green,Fall,2019,Everyday / Streetwear,Britney,Everyday / Streetwear
750260001,Women,Garment Full body,Dress,Dress,dress,Black,Spring,2019,Everyday / Streetwear,Tara slip dress,Everyday / Streetwear
790505006,Women,Garment Full body,Dress,Dress,dress,Pink,Winter,2019,Everyday / Streetwear,MC Swift dress,Everyday / Streetwear
759610001,Men,Garment Full body,Jumpsuit/Playsuit,Jumpsuit/Playsuit,dress,Blue,Spring,2019,Everyday / Streetwear,FESTIVAL Jimmy Dungaree,Everyday / Streetwear
838787002,Women,Garment Full body,Dress,Dress,dress,Green,Spring,2019,Everyday / Streetwear,Spring,Everyday / Streetwear
740235002,Women,Garment Full body,Dress,Dress,dress,Blue,Fall,2019,Everyday / Streetwear,RR 37 2 Button LS dress 2 col,Everyday / Streetwear
543310004,Women,Garment Full body,Dress,Dress,dress,Grey,Fall,2019,Everyday / Streetwear,Dionne Dress,Everyday / Streetwear
820601001,Women,Garment Full body,Dress,Dress,dress,Grey,Fall,2019,Everyday / Streetwear,Dalila dress,Everyday / Streetwear
695126007,Women,Garment Full body,Dress,Dress,dress,Khaki green,Winter,2019,Everyday / Streetwear,Sorrell dress,Everyday / Streetwear
727615001,Women,Garment Full body,Jumpsuit/Playsuit,Jumpsuit/Playsuit,dress,Black,Spring,2019,Everyday / Streetwear,Toucan jumpsuit,Everyday / Streetwear
910701002,Women,Garment Full body,Dress,Dress,dress,Lilac Purple,Summer,2019,Everyday / Streetwear,Rosa dress-j,Everyday / Streetwear
785643001,Women,Garment Full body,Dress,Dress,dress,White,Spring,2019,Everyday / Streetwear,Bermuda embroidery,Everyday / Streetwear
809206002,Women,Garment Full body,Dress,Dress,dress,Red,Fall,2019,Everyday / Streetwear,Amber knitted dress,Everyday / Streetwear
615668003,Women,Garment Full body,Dress,Dress,dress,White,Fall,2019,Everyday / Streetwear,SC WONDER dress,Everyday / Streetwear
647077002,Women,Garment Full body,Dress,Dress,dress,White,Spring,2019,Everyday / Streetwear,Offred dress,Everyday / Streetwear
834724001,Women,Garment Full body,Dress,Dress,dress,Black,Winter,2019,Everyday / Streetwear,Linnea jersey dress,Everyday / Streetwear
789361001,Women,Garment Full body,Dress,Dress,dress,Brown,Summer,2019,Everyday / Streetwear,SC MYSTIC dress,Everyday / Streetwear
733868003,Women,Garment Full body,Dress,Dress,dress,Brown,Summer,2019,Everyday / Streetwear,SC DIVINE jsy dress,Everyday / Streetwear
638383001,Women,Garment Full body,Dress,Dress,dress,Black,Fall,2019,Everyday / Streetwear,Dung pinafore W,Everyday / Streetwear
897763001,Women,Garment Full body,Dress,Dress,dress,Black,Summer,2019,Everyday / Streetwear,DIV+ Seduna dress,Everyday / Streetwear
847209001,Women,Garment Full body,Dress,Dress,dress,Blue,Summer,2019,Everyday / Streetwear,OC Martina,Everyday / Streetwear
917984001,Women,Garment Full body,Dress,Dress,dress,Black,Summer,2019,Everyday / Streetwear,ED Chicago dress,Everyday / Streetwear
845610001,Women,Garment Full body,Dress,Dress,dress,Grey,Spring,2019,Everyday / Streetwear,Dionne speed dress,Everyday / Streetwear
570900001,Women,Garment Full body,Dress,Dress,dress,Black,Winter,2019,Everyday / Streetwear,Stud tee dress,Everyday / Streetwear
820873004,Women,Garment Full body,Dress,Dress,dress,Grey,Fall,2019,Everyday / Streetwear,Kat dress,Everyday / Streetwear
607367010,Women,Garment Full body,Dress,Dress,dress,Red,Fall,2019,Everyday / Streetwear,Roman dress,Everyday / Streetwear
841434007,Women,Garment Full body,Dress,Dress,dress,Orange,Spring,2019,Everyday / Streetwear,Amalia dress,Everyday / Streetwear
588772002,Women,Garment Full body,Dress,Dress,dress,Blue,Fall,2019,Everyday / Streetwear,Lily strap dress,Everyday / Streetwear
884726001,Women,Garment Full body,Dress,Dress,dress,Blue,Summer,2019,Everyday / Streetwear,POW Chiba Dress,Everyday / Streetwear
788006002,Women,Garment Full body,Dress,Dress,dress,Red,Winter,2019,Everyday / Streetwear,J Blossom lace,Everyday / Streetwear
844991001,Women,Garment Full body,Dress,Dress,dress,Khaki green,Spring,2019,Everyday / Streetwear,PQ BRADLEY CTN/SILK DRESS,Everyday / Streetwear
909357001,Women,Garment Full body,Dress,Dress,dress,Black,Summer,2019,Everyday / Streetwear,Rome Maxi Dress,Everyday / Streetwear
879646001,Women,Garment Full body,Dress,Dress,dress,White,Spring,2019,Everyday / Streetwear,Tamara dress,Everyday / Streetwear
697119002,Women,Garment Full body,Dress,Dress,dress,Black,Spring,2019,Everyday / Streetwear,Tora,Everyday / Streetwear
849334001,Women,Garment Full body,Dress,Dress,dress,Green,Spring,2019,Everyday / Streetwear,Chipper Dress,Everyday / Streetwear
649495002,Women,Garment Full body,Dress,Dress,dress,Black,Spring,2019,Everyday / Streetwear,KORA DRESS,Everyday / Streetwear
781833012,Women,Garment Full body,Dress,Dress,dress,Yellow,Spring,2019,Everyday / Streetwear,Chicago dress,Everyday / Streetwear
794772001,Women,Garment Full body,Dress,Dress,dress,Mole,Summer,2019,Office / Formal,New Girl,Office / Formal
714482001,Women,Garment Full body,Dress,Dress,dress,Black,Winter,2019,Everyday / Streetwear,POW Make a scene dress,Everyday / Streetwear
910701001,Women,Garment Full body,Dress,Dress,dress,Blue,Summer,2019,Everyday / Streetwear,Rosa dress-j,Everyday / Streetwear
496762005,Women,Garment Full body,Dress,Dress,dress,Grey,Summer,2019,Everyday / Streetwear,Summer strap dress,Everyday / Streetwear
472341002,Women,Garment Full body,Dress,Dress,dress,Black,Fall,2019,Everyday / Streetwear,Twist Dress,Everyday / Streetwear
708993004,Women,Garment Full body,Dress,Dress,dress,Red,Winter,2019,Office / Formal,Jasmine,Office / Formal
803118001,Women,Garment Full body,Dress,Dress,dress,Black,Winter,2019,Loungewear / Home,Heart,Loungewear / Home
860489003,Women,Garment Full body,Dress,Dress,dress,Lilac Purple,Summer,2019,Everyday / Streetwear,NEW Jill,Everyday / Streetwear
848438003,Women,Garment Full body,Dress,Dress,dress,Pink,Spring,2019,Everyday / Streetwear,Break-up Dress,Everyday / Streetwear
693911003,Women,Garment Full body,Dress,Dress,dress,Red,Spring,2019,Everyday / Streetwear,Tao bodycon dresses,Everyday / Streetwear
597745001,Women,Garment Full body,Dress,Dress,dress,Grey,Winter,2019,Everyday / Streetwear,Ziggy maxi dress,Everyday / Streetwear
717727006,Women,Garment Full body,Dress,Dress,dress,Red,Summer,2019,Everyday / Streetwear,Mel maxi dress  W,Everyday / Streetwear
664485001,Women,Garment Full body,Dress,Dress,dress,Red,Fall,2019,Everyday / Streetwear,Milk,Everyday / Streetwear
912091002,Women,Garment Full body,Dress,Dress,dress,Red,Summer,2019,Office / Formal,Elza lace dress,Office / Formal
926799001,Women,Garment Full body,Dress,Dress,dress,White,Summer,2019,Everyday / Streetwear,Montmartre,Everyday / Streetwear
680901002,Women,Garment Full body,Dress,Dress,dress,Black,Winter,2019,Everyday / Streetwear,SPEED Jill dress,Everyday / Streetwear
751794003,Women,Garment Full body,Dress,Dress,dress,Blue,Spring,2019,Everyday / Streetwear,Maybelline,Everyday / Streetwear
928097001,Women,Garment Full body,Dress,Dress,dress,Beige,Summer,2019,Everyday / Streetwear,Cher dress,Everyday / Streetwear
755092001,Women,Garment Full body,Dress,Dress,dress,Green,Spring,2019,Everyday / Streetwear,POW Orianne dress,Everyday / Streetwear
735122001,Women,Garment Full body,Dress,Dress,dress,Grey,Summer,2019,Everyday / Streetwear,Bermuda,Everyday / Streetwear
615804002,Women,Garment Full body,Dress,Dress,dress,Pink,Fall,2019,Office / Formal,Murphy dress,Office / Formal
763868001,Women,Garment Full body,Dress,Dress,dress,Red,Summer,2019,Office / Formal,Nella off-shoulder dress,Office / Formal
587813006,Women,Garment Full body,Jumpsuit/Playsuit,Jumpsuit/Playsuit,dress,White,Winter,2019,Everyday / Streetwear,Zidane jumpsuit,Everyday / Streetwear
738393001,Women,Garment Full body,Dress,Dress,dress,Black,Winter,2019,Everyday / Streetwear,DIV Kim pinafore dress,Everyday / Streetwear
716257002,Women,Garment Full body,Dress,Dress,dress,Red,Winter,2019,Everyday / Streetwear,Rebecka dress SPEED,Everyday / Streetwear
867365002,Women,Garment Full body,Dress,Dress,dress,Pink,Summer,2019,Office / Formal,Niccolo dress,Office / Formal
482130002,Women,Garment Full body,Dress,Dress,dress,Blue,Fall,2019,Office / Formal,Han,Office / Formal
800157001,Women,Garment Full body,Dress,Dress,dress,Blue,Fall,2019,Everyday / Streetwear,LOGG Cohen long sweater,Everyday / Streetwear
885450002,Women,Garment Full body,Dress,Dress,dress,Black,Summer,2019,Everyday / Streetwear,Flamenco dress(1),Everyday / Streetwear
888919001,Women,Garment Full body,Dress,Dress,dress,Pink,Summer,2019,Everyday / Streetwear,LOGG Cartagena dress,Everyday / Streetwear
663956001,Women,Garment Full body,Dress,Dress,dress,Black,Fall,2019,Everyday / Streetwear,Bambi,Everyday / Streetwear
618730001,Women,Garment Full body,Dress,Dress,dress,Blue,Fall,2019,Everyday / Streetwear,PE Ezra dress,Everyday / Streetwear
708706001,Women,Garment Full body,Dress,Dress,dress,White,Winter,2019,Everyday / Streetwear,Princess Lea,Everyday / Streetwear
767799020,Women,Garment Full body,Dress,Dress,dress,Orange,Summer,2019,Everyday / Streetwear,JUST PINK DRESS(1),Everyday / Streetwear
619829001,Women,Garment Full body,Dress,Dress,dress,Black,Fall,2019,Office / Formal,Frankie,Office / Formal
752451001,Women,Garment Full body,Dress,Dress,dress,Black,Summer,2019,Everyday / Streetwear,Petite Mel maxi dress,Everyday / Streetwear
887236001,Women,Garment Full body,Dress,Dress,dress,Unknown,Spring,2019,Everyday / Streetwear,ED Marina dress,Everyday / Streetwear
301656018,Women,Garment Full body,Dress,Dress,dress,Blue,Fall,2019,Everyday / Streetwear,Lou Shirt Dress,Everyday / Streetwear
641237001,Women,Garment Full body,Dress,Dress,dress,White,Fall,2019,Everyday / Streetwear,Denerys dress,Everyday / Streetwear
810675001,Women,Garment Full body,Dress,Dress,dress,Turquoise,Winter,2019,Everyday / Streetwear,Gold Coast,Everyday / Streetwear
855778002,Women,Garment Full body,Dress,Dress,dress,Pink,Summer,2019,Everyday / Streetwear,LOGG Oslo dress,Everyday / Streetwear
699197001,Women,Garment Full body,Dress,Dress,dress,Black,Fall,2019,Everyday / Streetwear,Phantom N dress,Everyday / Streetwear
915459003,Women,Garment Full body,Dress,Dress,dress,Brown,Summer,2019,Everyday / Streetwear,Toulouse dress,Everyday / Streetwear
682953001,Women,Garment Full body,Dress,Dress,dress,Black,Winter,2019,Everyday / Streetwear,Envy Lace Dress,Everyday / Streetwear
721299002,Women,Garment Full body,Dress,Dress,dress,Red,Spring,2019,Everyday / Streetwear,Carmencita ss dress j,Everyday / Streetwear
685417001,Women,Garment Full body,Dress,Dress,dress,Black,Winter,2019,Everyday / Streetwear,Milk,Everyday / Streetwear
643273003,Women,Garment Full body,Dress,Dress,dress,White,Fall,2019,Everyday / Streetwear,Princess Lea,Everyday / Streetwear
678063002,Women,Garment Full body,Dress,Dress,dress,Yellow,Fall,2019,Everyday / Streetwear,Cherry dress w,Everyday / Streetwear
886908002,Women,Garment Full body,Dress,Dress,dress,Beige,Summer,2019,Everyday / Streetwear,ED Carmen dress,Everyday / Streetwear
456007001,Women,Garment Full body,Jumpsuit/Playsuit,Jumpsuit/Playsuit,dress,Khaki green,Winter,2019,Everyday / Streetwear,Mia playsuit,Everyday / Streetwear
633685001,Women,Garment Full body,Dress,Dress,dress,Mole,Summer,2019,Everyday / Streetwear,The Message Dress,Everyday / Streetwear
890855004,Women,Garment Full body,Dress,Dress,dress,Unknown,Summer,2019,Everyday / Streetwear,CS Alma dress,Everyday / Streetwear
663566003,Women,Garment Full body,Dress,Dress,dress,White,Fall,2019,Office / Formal,Dawn deco,Office / Formal
816166011,Women,Garment Full body,Dress,Dress,dress,White,Summer,2019,Everyday / Streetwear,Sorrel,Everyday / Streetwear
720384002,Women,Garment Full body,Dress,Dress,dress,Blue,Fall,2019,Everyday / Streetwear,EDT Amber dress,Everyday / Streetwear
878602001,Women,Garment Full body,Dress,Dress,dress,Pink,Summer,2019,Everyday / Streetwear,AK Aires dress,Everyday / Streetwear
618750001,Women,Garment Full body,Dress,Dress,dress,Blue,Fall,2019,Everyday / Streetwear,Aston dress,Everyday / Streetwear
681180002,Women,Garment Full body,Dress,Dress,dress,Red,Summer,2019,Everyday / Streetwear,Panda skate dress j,Everyday / Streetwear
575839012,Women,Garment Full body,Dress,Dress,dress,Black,Fall,2019,Everyday / Streetwear,Milk dress,Everyday / Streetwear
790315002,Women,Garment Full body,Dress,Dress,dress,Black,Fall,2019,Everyday / Streetwear,Snow Dress,Everyday / Streetwear
929872001,Women,Garment Full body,Dress,Dress,dress,Black,Summer,2019,Everyday / Streetwear,ED Saint dress,Everyday / Streetwear
812241008,Women,Garment Full body,Dress,Dress,dress,Beige,Winter,2019,Everyday / Streetwear,ED Bowie dress,Everyday / Streetwear
862693009,Women,Garment Full body,Dress,Dress,dress,Green,Summer,2019,Everyday / Streetwear,Topi Dress,Everyday / Streetwear
506411009,Unisex,Garment Full body,Garment Set,Garment Set,dress,Blue,Summer,2019,Sportswear / Gym,BB Tyler Sport Set,Sportswear / Gym
758862001,Women,Garment Full body,Dress,Dress,dress,Black,Spring,2019,Everyday / Streetwear,Nettan strap dress,Everyday / Streetwear
518729001,Women,Garment Full body,Dress,Dress,dress,Pink,Summer,2019,Everyday / Streetwear,Dove dress,Everyday / Streetwear
747356001,Women,Garment Full body,Dungarees,Dungarees,dress,Blue,Summer,2019,Everyday / Streetwear,Romper,Everyday / Streetwear
776885003,Women,Garment Full body,Dress,Dress,dress,White,Summer,2019,Everyday / Streetwear,J Soulmate.,Everyday / Streetwear
746509001,Women,Garment Full body,Dress,Dress,dress,Black,Spring,2019,Everyday / Streetwear,TEAL T-SHIRT PRICE DRESS,Everyday / Streetwear
890855002,Women,Garment Full body,Dress,Dress,dress,Black,Summer,2019,Everyday / Streetwear,CS Alma dress,Everyday / Streetwear
613535001,Women,Garment Full body,Dress,Dress,dress,Blue,Fall,2019,Everyday / Streetwear,CE Snowdrop dress,Everyday / Streetwear
866587002,Women,Garment Full body,Dress,Dress,dress,White,Spring,2019,Everyday / Streetwear,Molly dress,Everyday / Streetwear
877014005,Women,Garment Full body,Dress,Dress,dress,Pink,Spring,2019,Everyday / Streetwear,Kiwi,Everyday / Streetwear
570367001,Women,Garment Full body,Dress,Dress,dress,Red,Summer,2019,Everyday / Streetwear,Fulham dress,Everyday / Streetwear
724046002,Women,Garment Full body,Jumpsuit/Playsuit,Jumpsuit/Playsuit,dress,Red,Summer,2019,Everyday / Streetwear,Jessie Jumpsuit,Everyday / Streetwear
696128002,Women,Garment Full body,Dress,Dress,dress,Red,Winter,2019,Everyday / Streetwear,W AERO DRESS CNY,Everyday / Streetwear
792851002,Women,Garment Full body,Dress,Dress,dress,Black,Fall,2019,Everyday / Streetwear,Dalston dress,Everyday / Streetwear
668579001,Women,Garment Full body,Dress,Dress,dress,Black,Winter,2019,Everyday / Streetwear,J Aloha,Everyday / Streetwear
755876002,Women,Garment Full body,Dress,Dress,dress,Orange,Fall,2019,Office / Formal,Melinda Dress,Office / Formal
646903001,Women,Garment Full body,Dress,Dress,dress,Black,Fall,2019,Everyday / Streetwear,OC Fudge new dress,Everyday / Streetwear
733308001,Women,Garment Full body,Dress,Dress,dress,Khaki green,Spring,2019,Everyday / Streetwear,Pim dress RW,Everyday / Streetwear
856806001,Women,Garment Full body,Dress,Dress,dress,White,Summer,2019,Everyday / Streetwear,Lychee emb ang,Everyday / Streetwear
628720003,Women,Garment Full body,Dress,Dress,dress,Beige,Summer,2019,Everyday / Streetwear,AK SLICK shirt dress D3,Everyday / Streetwear
863665004,Women,Garment Full body,Dress,Dress,dress,Yellow,Summer,2019,Everyday / Streetwear,Jenkins dress,Everyday / Streetwear
718313007,Women,Garment Full body,Dress,Dress,dress,Metal,Fall,2019,Everyday / Streetwear,Nat dress,Everyday / Streetwear
879646002,Women,Garment Full body,Dress,Dress,dress,Black,Spring,2019,Everyday / Streetwear,Tamara dress,Everyday / Streetwear
617350001,Women,Garment Full body,Dress,Dress,dress,Blue,Fall,2019,Everyday / Streetwear,Roxy 3/4 J,Everyday / Streetwear
834794001,Women,Garment Full body,Dress,Dress,dress,Green,Spring,2019,Office / Formal,Oriane Dress,Office / Formal
433252004,Women,Garment Full body,Dress,Dress,dress,Black,Fall,2019,Everyday / Streetwear,Beatle dress,Everyday / Streetwear
675657001,Women,Garment Full body,Dress,Dress,dress,Black,Winter,2019,Everyday / Streetwear,ED Titti dress,Everyday / Streetwear
534665003,Women,Garment Full body,Dress,Dress,dress,Black,Fall,2019,Everyday / Streetwear,Buffalo,Everyday / Streetwear
678063001,Women,Garment Full body,Dress,Dress,dress,Black,Fall,2019,Everyday / Streetwear,Cherry dress w,Everyday / Streetwear
905718001,Women,Garment Full body,Dress,Dress,dress,White,Summer,2019,Everyday / Streetwear,Nicole,Everyday / Streetwear
669953003,Women,Garment Full body,Dress,Dress,dress,Beige,Fall,2019,Everyday / Streetwear,Cozima dress,Everyday / Streetwear
911950001,Women,Garment Full body,Dress,Dress,dress,Black,Summer,2019,Everyday / Streetwear,Jinny smock dress,Everyday / Streetwear
636608002,Women,Garment Full body,Jumpsuit/Playsuit,Jumpsuit/Playsuit,dress,Pink,Summer,2019,Office / Formal,Rambo,Office / Formal
839478001,Women,Garment Full body,Dress,Dress,dress,White,Winter,2019,Everyday / Streetwear,PQ SUSAN LEATHER TUNIC,Everyday / Streetwear
671217009,Women,Garment Full body,Dress,Dress,dress,Yellow,Spring,2019,Everyday / Streetwear,Katie Dress (1),Everyday / Streetwear
866247001,Women,Garment Full body,Dress,Dress,dress,Beige,Spring,2019,Everyday / Streetwear,CE Matisse dress V6.,Everyday / Streetwear
817219001,Women,Garment Full body,Dress,Dress,dress,White,Spring,2019,Everyday / Streetwear,Hansel romantic dress,Everyday / Streetwear
663564006,Women,Garment Full body,Dress,Dress,dress,Black,Fall,2019,Office / Formal,Tea (1),Office / Formal
697256002,Women,Garment Full body,Dress,Dress,dress,Green,Summer,2019,Everyday / Streetwear,Bell smock dress,Everyday / Streetwear
638039003,Women,Garment Full body,Dress,Dress,dress,Mole,Summer,2019,Everyday / Streetwear,Ursula dress,Everyday / Streetwear
619198001,Women,Garment Full body,Dress,Dress,dress,Pink,Spring,2019,Everyday / Streetwear,One dance,Everyday / Streetwear
796046001,Women,Garment Full body,Jumpsuit/Playsuit,Jumpsuit/Playsuit,dress,Black,Fall,2019,Everyday / Streetwear,Grace Jones jumpsuit,Everyday / Streetwear
659046001,Women,Garment Full body,Dress,Dress,dress,Green,Winter,2019,Everyday / Streetwear,Pontus,Everyday / Streetwear
542131001,Women,Garment Full body,Dress,Dress,dress,Black,Winter,2019,Everyday / Streetwear,SC HOUSTON DRESS,Everyday / Streetwear
916861002,Women,Garment Full body,Dress,Dress,dress,Blue,Summer,2019,Everyday / Streetwear,Somerset off-shoulder dress,Everyday / Streetwear
736927004,Women,Garment Full body,Dress,Dress,dress,Red,Winter,2019,Everyday / Streetwear,EQ Topi dress new,Everyday / Streetwear
516724001,Women,Garment Full body,Dress,Dress,dress,Beige,Fall,2019,Everyday / Streetwear,J Bingo,Everyday / Streetwear
744668001,Women,Garment Full body,Dress,Dress,dress,Blue,Summer,2019,Everyday / Streetwear,Manzana Dress,Everyday / Streetwear
664485004,Women,Garment Full body,Dress,Dress,dress,Black,Fall,2019,Everyday / Streetwear,Milk,Everyday / Streetwear
765210001,Women,Garment Full body,Dress,Dress,dress,Red,Winter,2019,Everyday / Streetwear,Beyonce dress,Everyday / Streetwear
539869001,Women,Garment Full body,Jumpsuit/Playsuit,Jumpsuit/Playsuit,dress,Khaki green,Fall,2019,Everyday / Streetwear,Fiona,Everyday / Streetwear
909292001,Women,Garment Full body,Dress,Dress,dress,Pink,Summer,2019,Everyday / Streetwear,DIV+ Malmo dress,Everyday / Streetwear
843272001,Women,Garment Full body,Dress,Dress,dress,Pink,Spring,2019,Everyday / Streetwear,GP Guava,Everyday / Streetwear
817864001,Women,Garment Full body,Jumpsuit/Playsuit,Jumpsuit/Playsuit,dress,Khaki green,Fall,2019,Everyday / Streetwear,Florence Jumpsuit,Everyday / Streetwear
747828001,Women,Garment Full body,Garment Set,Garment Set,dress,White,Winter,2019,Everyday / Streetwear,NW Sara SL Set.,Everyday / Streetwear
688658001,Women,Garment Full body,Dress,Dress,dress,Black,Fall,2019,Everyday / Streetwear,Terrance,Everyday / Streetwear
644797001,Women,Garment Full body,Dress,Dress,dress,Lilac Purple,Fall,2019,Everyday / Streetwear,The worlds Greatest Dres ISW19,Everyday / Streetwear
563043002,Women,Garment Full body,Dress,Dress,dress,Pink,Spring,2019,Everyday / Streetwear,Sidney dress,Everyday / Streetwear
737619001,Women,Garment Full body,Dress,Dress,dress,Lilac Purple,Spring,2019,Everyday / Streetwear,CE Titanite dress,Everyday / Streetwear
608590001,Women,Garment Full body,Dress,Dress,dress,Blue,Fall,2019,Everyday / Streetwear,Alba dress,Everyday / Streetwear
868734001,Women,Garment Full body,Dress,Dress,dress,White,Spring,2019,Everyday / Streetwear,Grad Lula Offshoulder,Everyday / Streetwear
737618004,Women,Garment Full body,Dress,Dress,dress,Red,Spring,2019,Everyday / Streetwear,CE Sodalite dress,Everyday / Streetwear
816166001,Women,Garment Full body,Dress,Dress,dress,Black,Summer,2019,Everyday / Streetwear,Sorrel,Everyday / Streetwear
720654001,Women,Garment Full body,Dress,Dress,dress,Turquoise,Spring,2019,Everyday / Streetwear,Filippa dress,Everyday / Streetwear
877261003,Women,Garment Full body,Dress,Dress,dress,Black,Summer,2019,Everyday / Streetwear,Lauren dress,Everyday / Streetwear
691781001,Women,Garment Full body,Dress,Dress,dress,Blue,Winter,2019,Everyday / Streetwear,Pim tencel dress,Everyday / Streetwear
810790001,Women,Garment Full body,Dress,Dress,dress,Blue,Summer,2019,Everyday / Streetwear,Ellen Tencel Dress,Everyday / Streetwear
927559002,Women,Garment Full body,Dress,Dress,dress,Lilac Purple,Summer,2019,Everyday / Streetwear,CLOUDBERRY DRESS,Everyday / Streetwear
782634001,Women,Garment Full body,Dress,Dress,dress,White,Summer,2019,Everyday / Streetwear,Parma Dress,Everyday / Streetwear
743594003,Women,Garment Full body,Dress,Dress,dress,White,Summer,2019,Everyday / Streetwear,Sorrento(1),Everyday / Streetwear
782859004,Women,Garment Full body,Dress,Dress,dress,Blue,Summer,2019,Everyday / Streetwear,The Hill dress,Everyday / Streetwear
637280004,Women,Garment Full body,Dress,Dress,dress,Red,Winter,2019,Office / Formal,Chantei,Office / Formal
646183006,Women,Garment Full body,Dress,Dress,dress,Yellow,Fall,2019,Everyday / Streetwear,King bodycon,Everyday / Streetwear
554008001,Women,Garment Full body,Dress,Dress,dress,Black,Fall,2019,Everyday / Streetwear,Speed dress Nova,Everyday / Streetwear
832084003,Women,Garment Full body,Dress,Dress,dress,Black,Summer,2019,Everyday / Streetwear,Sanfran,Everyday / Streetwear
689132001,Women,Garment Full body,Dress,Dress,dress,Black,Winter,2019,Everyday / Streetwear,Jeanne Darc Dress,Everyday / Streetwear
796609001,Women,Garment Full body,Dress,Dress,dress,Black,Fall,2019,Everyday / Streetwear,PARTY Gloria dress,Everyday / Streetwear
890639001,Women,Garment Full body,Dress,Dress,dress,undefined,Summer,2019,Everyday / Streetwear,Pepe dress(1),Everyday / Streetwear
742084001,Women,Garment Full body,Jumpsuit/Playsuit,Jumpsuit/Playsuit,dress,White,Summer,2019,Everyday / Streetwear,Acerola jumpsuit,Everyday / Streetwear
697119004,Women,Garment Full body,Dress,Dress,dress,Red,Spring,2019,Everyday / Streetwear,Tora,Everyday / Streetwear
768549002,Women,Garment Full body,Dress,Dress,dress,Orange,Spring,2019,Everyday / Streetwear,PE HELIOS SOLID 3,Everyday / Streetwear
670946001,Women,Garment Full body,Dress,Dress,dress,Blue,Summer,2019,Everyday / Streetwear,W TROPEA DRESS EQ,Everyday / Streetwear
863013003,Women,Garment Full body,Dress,Dress,dress,Lilac Purple,Spring,2019,Everyday / Streetwear,Inverness shirt dress,Everyday / Streetwear
799444001,Women,Garment Full body,Dress,Dress,dress,Blue,Fall,2019,Everyday / Streetwear,Pom shirt dress,Everyday / Streetwear
608013006,Women,Garment Full body,Dress,Dress,dress,Pink,Spring,2019,Office / Formal,Moto ISW19,Office / Formal
665668002,Women,Garment Full body,Dress,Dress,dress,Pink,Fall,2019,Everyday / Streetwear,J CINNAMON DRESS EQ,Everyday / Streetwear
733419003,Women,Garment Full body,Dress,Dress,dress,Black,Spring,2019,Everyday / Streetwear,Pearl Jam,Everyday / Streetwear
707742004,Women,Garment Full body,Dress,Dress,dress,Blue,Spring,2019,Everyday / Streetwear,Juno,Everyday / Streetwear
717345002,Women,Garment Full body,Dress,Dress,dress,Black,Winter,2019,Everyday / Streetwear,Emelina midi dress,Everyday / Streetwear
702936001,Women,Garment Full body,Dress,Dress,dress,Black,Winter,2019,Everyday / Streetwear,Stork dress,Everyday / Streetwear
795052003,Women,Garment Full body,Dress,Dress,dress,Black,Fall,2019,Everyday / Streetwear,Delilah Plisse Dress,Everyday / Streetwear
811291006,Women,Garment Full body,Dress,Dress,dress,Black,Winter,2019,Everyday / Streetwear,Rania tee dress,Everyday / Streetwear
842318001,Women,Garment Full body,Dress,Dress,dress,Black,Summer,2019,Office / Formal,Spago dress,Office / Formal
902163004,Women,Garment Full body,Dress,Dress,dress,Blue,Summer,2019,Everyday / Streetwear,Archie dress,Everyday / Streetwear
869660001,Women,Garment Full body,Dress,Dress,dress,White,Summer,2019,Everyday / Streetwear,Palermo romantic dress,Everyday / Streetwear
884252001,Women,Garment Full body,Dress,Dress,dress,Blue,Summer,2019,Everyday / Streetwear,LOGG Lorna tencel tunic,Everyday / Streetwear
547629002,Women,Garment Full body,Dress,Dress,dress,Lilac Purple,Fall,2019,Everyday / Streetwear,Lele,Everyday / Streetwear
856812001,Women,Garment Full body,Dress,Dress,dress,White,Summer,2019,Everyday / Streetwear,Festival Snowpaws,Everyday / Streetwear
811099003,Women,Garment Full body,Dress,Dress,dress,Red,Summer,2019,Everyday / Streetwear,Winnie dress,Everyday / Streetwear
749205001,Women,Garment Full body,Dress,Dress,dress,Yellow,Spring,2019,Office / Formal,Alexa dress,Office / Formal
639022001,Women,Garment Full body,Dress,Dress,dress,White,Fall,2019,Everyday / Streetwear,J Harris dress EQ,Everyday / Streetwear
897138001,Women,Garment Full body,Dress,Dress,dress,Blue,Summer,2019,Everyday / Streetwear,LOGG Riga tencel tunic dress,Everyday / Streetwear
829783005,Women,Garment Full body,Dress,Dress,dress,Orange,Fall,2019,Everyday / Streetwear,Amazing  Dress,Everyday / Streetwear
538280005,Women,Garment Full body,Dress,Dress,dress,White,Summer,2019,Everyday / Streetwear,J Persilja,Everyday / Streetwear
812683013,Women,Garment Full body,Dress,Dress,dress,Black,Winter,2019,Everyday / Streetwear,Notting Hill,Everyday / Streetwear
832860002,Women,Garment Full body,Dress,Dress,dress,Green,Summer,2019,Everyday / Streetwear,CS Mette DRess,Everyday / Streetwear
618287010,Women,Garment Full body,Dress,Dress,dress,Green,Spring,2019,Office / Formal,Malena Dress,Office / Formal
909289002,Women,Garment Full body,Dress,Dress,dress,Red,Summer,2019,Everyday / Streetwear,DIV+ Rooney dress,Everyday / Streetwear
839672002,Women,Garment Full body,Dress,Dress,dress,Green,Fall,2019,Everyday / Streetwear,PC J Silver,Everyday / Streetwear
735439001,Women,Garment Full body,Dress,Dress,dress,Black,Summer,2019,Loungewear / Home,Rebel Dress,Loungewear / Home
640154007,Women,Garment Full body,Dress,Dress,dress,Green,Summer,2019,Everyday / Streetwear,Panama dress (1),Everyday / Streetwear
829045009,Women,Garment Full body,Dress,Dress,dress,Black,Spring,2019,Everyday / Streetwear,Tina dress,Everyday / Streetwear
603540001,Women,Garment Full body,Dress,Dress,dress,White,Fall,2019,Everyday / Streetwear,Kling dress,Everyday / Streetwear
872233001,Women,Garment Full body,Dress,Dress,dress,Turquoise,Summer,2019,Office / Formal,Nova Dress,Office / Formal
595124004,Women,Garment Full body,Jumpsuit/Playsuit,Jumpsuit/Playsuit,dress,Green,Fall,2019,Everyday / Streetwear,Saga dress W SPEED SO,Everyday / Streetwear
839478002,Women,Garment Full body,Dress,Dress,dress,Black,Winter,2019,Everyday / Streetwear,PQ SUSAN LEATHER TUNIC,Everyday / Streetwear
710879001,Women,Garment Full body,Dress,Dress,dress,Black,Fall,2019,Everyday / Streetwear,Mel dress,Everyday / Streetwear
355421003,Women,Garment Full body,Dress,Dress,dress,Black,Fall,2019,Everyday / Streetwear,Colette dress,Everyday / Streetwear
745947001,Women,Garment Full body,Dress,Dress,dress,Black,Spring,2019,Everyday / Streetwear,Petite DIV Mel Maxi,Everyday / Streetwear
923111001,Women,Garment Full body,Dress,Dress,dress,Black,Summer,2019,Everyday / Streetwear,Sally Dress,Everyday / Streetwear
651072001,Women,Garment Full body,Dress,Dress,dress,Black,Fall,2019,Everyday / Streetwear,Cher dress,Everyday / Streetwear
823741001,Women,Garment Full body,Dress,Dress,dress,Black,Spring,2019,Everyday / Streetwear,Fredrika Dress,Everyday / Streetwear
570806001,Women,Garment Full body,Dress,Dress,dress,Black,Winter,2019,Everyday / Streetwear,Celebration dress,Everyday / Streetwear
868876001,Women,Garment Full body,Dress,Dress,dress,Khaki green,Summer,2019,Everyday / Streetwear,Palace strapdress,Everyday / Streetwear
829438001,Women,Garment Full body,Dress,Dress,dress,Grey,Summer,2019,Everyday / Streetwear,Maneater Dress,Everyday / Streetwear
852374006,Women,Garment Full body,Dress,Dress,dress,Black,Summer,2019,Everyday / Streetwear,Berry,Everyday / Streetwear
625358001,Women,Garment Full body,Dress,Dress,dress,Blue,Fall,2019,Office / Formal,Nova,Office / Formal
702800007,Women,Garment Full body,Dress,Dress,dress,Grey,Spring,2019,Everyday / Streetwear,Rio,Everyday / Streetwear
821683002,Women,Garment Full body,Dress,Dress,dress,Black,Fall,2019,Everyday / Streetwear,Sparkle,Everyday / Streetwear
859965001,Women,Garment Full body,Dress,Dress,dress,White,Spring,2019,Everyday / Streetwear,LE Fiorelli Dress,Everyday / Streetwear
760565002,Women,Garment Full body,Dress,Dress,dress,White,Summer,2019,Everyday / Streetwear,Odessa dress,Everyday / Streetwear
782566001,Women,Garment Full body,Dress,Dress,dress,Black,Spring,2019,Everyday / Streetwear,Velma Maxi,Everyday / Streetwear
525335020,Women,Garment Full body,Dress,Dress,dress,Blue,Winter,2019,Everyday / Streetwear,Drake dress (1),Everyday / Streetwear
752948001,Women,Garment Full body,Dress,Dress,dress,Blue,Spring,2019,Everyday / Streetwear,FOREVER FLOUNCE DRESS,Everyday / Streetwear
504196002,Women,Garment Full body,Dress,Dress,dress,Khaki green,Winter,2019,Everyday / Streetwear,Cosmo maxi,Everyday / Streetwear
643193001,Women,Garment Full body,Dress,Dress,dress,Black,Winter,2019,Everyday / Streetwear,Lily dress,Everyday / Streetwear
913088002,Women,Garment Full body,Dress,Dress,dress,Blue,Summer,2019,Everyday / Streetwear,Lulu dress,Everyday / Streetwear
835045002,Women,Garment Full body,Dress,Dress,dress,Pink,Fall,2019,Everyday / Streetwear,Mint dress,Everyday / Streetwear
864316002,Women,Garment Full body,Dress,Dress,dress,Pink,Summer,2019,Everyday / Streetwear,Lily Dress,Everyday / Streetwear
682604001,Women,Garment Full body,Dress,Dress,dress,Black,Fall,2019,Everyday / Streetwear,SPEED Piper W,Everyday / Streetwear
778534001,Women,Garment Full body,Dress,Dress,dress,Black,Summer,2019,Office / Formal,Dolly dress,Office / Formal
595526001,Women,Garment Full body,Dress,Dress,dress,Black,Fall,2019,Everyday / Streetwear,Fruity dress,Everyday / Streetwear
668174001,Women,Garment Full body,Dress,Dress,dress,Blue,Winter,2019,Everyday / Streetwear,Cannes dress,Everyday / Streetwear
735499001,Women,Garment Full body,Dress,Dress,dress,White,Spring,2019,Everyday / Streetwear,EDC Tangerine Blouse,Everyday / Streetwear
753061002,Women,Garment Full body,Dress,Dress,dress,Black,Summer,2019,Everyday / Streetwear,Drake,Everyday / Streetwear
852577002,Women,Garment Full body,Dress,Dress,dress,White,Summer,2019,Everyday / Streetwear,Ava,Everyday / Streetwear
714482002,Women,Garment Full body,Dress,Dress,dress,Red,Fall,2019,Everyday / Streetwear,POW Make a scene dress,Everyday / Streetwear
769344002,Women,Garment Full body,Dress,Dress,dress,Brown,Summer,2019,Everyday / Streetwear,Make up dress,Everyday / Streetwear
847202002,Women,Garment Full body,Dress,Dress,dress,Pink,Spring,2019,Everyday / Streetwear,OC Seamus,Everyday / Streetwear
766441001,Women,Garment Full body,Dress,Dress,dress,Blue,Summer,2019,Office / Formal,Nalle,Office / Formal
709187001,Women,Garment Full body,Dress,Dress,dress,Black,Winter,2019,Office / Formal,Azalea V5,Office / Formal
649223002,Women,Garment Full body,Dress,Dress,dress,Blue,Fall,2019,Everyday / Streetwear,Nice throw on dress,Everyday / Streetwear
714377001,Women,Garment Full body,Dress,Dress,dress,White,Fall,2019,Everyday / Streetwear,RR 26 Long-leg Jumsuit,Everyday / Streetwear
401044002,Women,Garment Full body,Dress,Dress,dress,Grey,Spring,2019,Everyday / Streetwear,Cora Dress,Everyday / Streetwear
783822003,Women,Garment Full body,Dress,Dress,dress,White,Summer,2019,Everyday / Streetwear,Venus Dress,Everyday / Streetwear
691629001,Women,Garment Full body,Dress,Dress,dress,Blue,Winter,2019,Everyday / Streetwear,Reno,Everyday / Streetwear
770336003,Women,Garment Full body,Dress,Dress,dress,Pink,Summer,2019,Office / Formal,SPEED Post dress,Office / Formal
761579001,Women,Garment Full body,Dress,Dress,dress,Black,Winter,2019,Everyday / Streetwear,Cameo Dress,Everyday / Streetwear
525926002,Women,Garment Full body,Dress,Dress,dress,Grey,Fall,2019,Everyday / Streetwear,Sun dress,Everyday / Streetwear
518585001,Women,Garment Full body,Dress,Dress,dress,Black,Fall,2019,Everyday / Streetwear,Gloria maxi dress,Everyday / Streetwear
851856001,Women,Garment Full body,Dress,Dress,dress,Black,Fall,2019,Everyday / Streetwear,Shirley dress,Everyday / Streetwear
849005001,Women,Garment Full body,Dress,Dress,dress,Red,Summer,2019,Everyday / Streetwear,MC Saskia dress,Everyday / Streetwear
746888001,Women,Garment Full body,Dress,Dress,dress,White,Spring,2019,Everyday / Streetwear,Lance dress,Everyday / Streetwear
681180009,Women,Garment Full body,Dress,Dress,dress,White,Summer,2019,Everyday / Streetwear,Panda skate dress j,Everyday / Streetwear
595115002,Women,Garment Full body,Dress,Dress,dress,White,Fall,2019,Everyday / Streetwear,Miami dress J SPEED SO,Everyday / Streetwear
737722001,Women,Garment Full body,Dress,Dress,dress,Black,Spring,2019,Everyday / Streetwear,DIV Estelle dress,Everyday / Streetwear
759423001,Women,Garment Full body,Dress,Dress,dress,White,Spring,2019,Office / Formal,Sangria,Office / Formal
652434001,Women,Garment Full body,Dress,Dress,dress,Green,Spring,2019,Everyday / Streetwear,ME KIDS EBELLE EMBR DRESS 2,Everyday / Streetwear
506410008,Unisex,Garment Full body,Garment Set,Garment Set,dress,Blue,Summer,2019,Sportswear / Gym,SB Tyler Sport Set,Sportswear / Gym
879702001,Women,Garment Full body,Dress,Dress,dress,Green,Summer,2019,Office / Formal,Emilia dress,Office / Formal
872454004,Women,Garment Full body,Dress,Dress,dress,Black,Summer,2019,Everyday / Streetwear,Mandy mesh,Everyday / Streetwear
719258001,Women,Garment Full body,Dress,Dress,dress,Unknown,Winter,2019,Everyday / Streetwear,W GAIL DRESS EQ,Everyday / Streetwear
633814002,Women,Garment Full body,Dress,Dress,dress,White,Fall,2019,Everyday / Streetwear,Lilly,Everyday / Streetwear
891407001,Women,Garment Full body,Dress,Dress,dress,Khaki green,Summer,2019,Everyday / Streetwear,HM+ Wade dress,Everyday / Streetwear
613643003,Women,Garment Full body,Dress,Dress,dress,Black,Fall,2019,Everyday / Streetwear,Carry Dress,Everyday / Streetwear
917829001,Women,Garment Full body,Dress,Dress,dress,Black,Summer,2019,Everyday / Streetwear,PQ GENEVE SILK DRESS,Everyday / Streetwear
589871001,Women,Garment Full body,Dress,Dress,dress,Blue,Winter,2019,Everyday / Streetwear,J T Sunflower Dress EQ,Everyday / Streetwear
836699001,Women,Garment Full body,Dress,Dress,dress,White,Spring,2019,Everyday / Streetwear,CL EMB SMOCK TOP,Everyday / Streetwear
605966001,Women,Garment Full body,Dress,Dress,dress,Green,Fall,2019,Everyday / Streetwear,Gerda Wrap,Everyday / Streetwear
673933001,Women,Garment Full body,Dress,Dress,dress,White,Fall,2019,Everyday / Streetwear,Linnea linnen dress,Everyday / Streetwear
681179027,Women,Garment Full body,Dress,Dress,dress,Blue,Spring,2019,Everyday / Streetwear,Kim pinafore dress,Everyday / Streetwear
733854002,Women,Garment Full body,Dress,Dress,dress,Yellow,Summer,2019,Everyday / Streetwear,SC DIVINE dress,Everyday / Streetwear
857812006,Women,Garment Full body,Dress,Dress,dress,Unknown,Summer,2019,Everyday / Streetwear,Marina,Everyday / Streetwear
734440002,Women,Garment Full body,Dress,Dress,dress,White,Spring,2019,Office / Formal,Vesper,Office / Formal
567594002,Women,Garment Full body,Dress,Dress,dress,Pink,Fall,2019,Everyday / Streetwear,Cosy tunic,Everyday / Streetwear
627107002,Women,Garment Full body,Dress,Dress,dress,Khaki green,Fall,2019,Everyday / Streetwear,Electra dress,Everyday / Streetwear
604852001,Women,Garment Full body,Dress,Dress,dress,Black,Summer,2019,Everyday / Streetwear,Tyrell dress,Everyday / Streetwear
711465018,Women,Garment Full body,Dress,Dress,dress,Black,Spring,2019,Everyday / Streetwear,DIV Rivera dress,Everyday / Streetwear
708722004,Women,Garment Full body,Jumpsuit/Playsuit,Jumpsuit/Playsuit,dress,Blue,Spring,2019,Everyday / Streetwear,EQ IVY Jumpsuit,Everyday / Streetwear
546150002,Women,Garment Full body,Dress,Dress,dress,Green,Winter,2019,Office / Formal,Anam price dress,Office / Formal
890601005,Women,Garment Full body,Dress,Dress,dress,Beige,Summer,2019,Everyday / Streetwear,Adeline linnen dress,Everyday / Streetwear
738244002,Women,Garment Full body,Dungarees,Dungarees,dress,Turquoise,Summer,2019,Everyday / Streetwear,Archer jumpsuit,Everyday / Streetwear
566360008,Women,Garment Full body,Dress,Dress,dress,Blue,Fall,2019,Office / Formal,Chickory (1),Office / Formal
426019008,Women,Garment Full body,Dungarees,Dungarees,dress,Blue,Winter,2019,Everyday / Streetwear,Dungaree Alicia,Everyday / Streetwear
720651002,Women,Garment Full body,Dress,Dress,dress,Blue,Summer,2019,Office / Formal,Lily Dress,Office / Formal
523657003,Women,Garment Full body,Dress,Dress,dress,Black,Fall,2019,Office / Formal,Ruby,Office / Formal
865533001,Women,Garment Full body,Dress,Dress,dress,Unknown,Spring,2019,Everyday / Streetwear,HS PI Bea kaftan,Everyday / Streetwear
747050002,Women,Garment Full body,Dress,Dress,dress,Black,Winter,2019,Everyday / Streetwear,ED Nevada dress,Everyday / Streetwear
583915001,Women,Garment Full body,Dress,Dress,dress,Black,Fall,2019,Everyday / Streetwear,Susanne dress,Everyday / Streetwear
714803007,Women,Garment Full body,Dress,Dress,dress,Lilac Purple,Summer,2019,Everyday / Streetwear,Melody dress,Everyday / Streetwear
374762001,Women,Garment Full body,Dress,Dress,dress,Black,Fall,2019,Everyday / Streetwear,Wilma dress (1),Everyday / Streetwear
739341002,Women,Garment Full body,Dress,Dress,dress,Blue,Spring,2019,Everyday / Streetwear,Drogba tunic dress,Everyday / Streetwear
612891008,Women,Garment Full body,Dress,Dress,dress,Black,Spring,2019,Office / Formal,Phantom Dress (1),Office / Formal
648968001,Women,Garment Full body,Dress,Dress,dress,Black,Spring,2019,Everyday / Streetwear,Louisisana,Everyday / Streetwear
672301001,Women,Garment Full body,Dress,Dress,dress,Black,Spring,2019,Everyday / Streetwear,Penny plisse,Everyday / Streetwear
524152001,Women,Garment Full body,Dress,Dress,dress,Blue,Fall,2019,Everyday / Streetwear,Rehab dress,Everyday / Streetwear
637255001,Women,Garment Full body,Dress,Dress,dress,Black,Fall,2019,Everyday / Streetwear,Gloss,Everyday / Streetwear
570890001,Women,Garment Full body,Dress,Dress,dress,Black,Fall,2019,Everyday / Streetwear,Stina Dress,Everyday / Streetwear
607535001,Women,Garment Full body,Dress,Dress,dress,Blue,Fall,2019,Office / Formal,Angel V5,Office / Formal
621963001,Women,Garment Full body,Dress,Dress,dress,Green,Fall,2019,Everyday / Streetwear,Hannele dress,Everyday / Streetwear
664076003,Women,Garment Full body,Dress,Dress,dress,Red,Spring,2019,Everyday / Streetwear,DIV Alcazar dress.,Everyday / Streetwear
659669001,Women,Garment Full body,Dress,Dress,dress,Yellow,Fall,2019,Everyday / Streetwear,AK EL PASO dress,Everyday / Streetwear
822201002,Women,Garment Full body,Dress,Dress,dress,Black,Fall,2019,Everyday / Streetwear,Lolo dress,Everyday / Streetwear
888878001,Women,Garment Full body,Jumpsuit/Playsuit,Jumpsuit/Playsuit,dress,Blue,Summer,2019,Everyday / Streetwear,DIV+ Lucky jumpsuit,Everyday / Streetwear
663970005,Women,Garment Full body,Dress,Dress,dress,Green,Fall,2019,Everyday / Streetwear,Pomme tunic,Everyday / Streetwear
668005001,Women,Garment Full body,Dress,Dress,dress,Black,Winter,2019,Everyday / Streetwear,Evelyn dress,Everyday / Streetwear
481093014,Women,Garment Full body,Jumpsuit/Playsuit,Jumpsuit/Playsuit,dress,White,Fall,2019,Everyday / Streetwear,Doris jumpsuit,Everyday / Streetwear
865430001,Women,Garment Full body,Dress,Dress,dress,Yellow,Summer,2019,Everyday / Streetwear,LOGG Barcelona tunic dress,Everyday / Streetwear
531490001,Women,Garment Full body,Dress,Dress,dress,Orange,Winter,2019,Everyday / Streetwear,Premium Madoka,Everyday / Streetwear
738244001,Women,Garment Full body,Dungarees,Dungarees,dress,Yellow,Spring,2019,Everyday / Streetwear,Archer jumpsuit,Everyday / Streetwear
893351003,Women,Garment Full body,Dress,Dress,dress,Black,Spring,2019,Everyday / Streetwear,JORDAN F&F DRESS,Everyday / Streetwear
763285003,Women,Garment Full body,Jumpsuit/Playsuit,Jumpsuit/Playsuit,dress,Blue,Spring,2019,Everyday / Streetwear,Rana jumpsuit,Everyday / Streetwear
488311001,Women,Garment Full body,Dress,Dress,dress,Red,Summer,2019,Everyday / Streetwear,Milly,Everyday / Streetwear
921298003,Women,Garment Full body,Dress,Dress,dress,Blue,Summer,2019,Everyday / Streetwear,Ace Dress,Everyday / Streetwear
747229001,Women,Garment Full body,Dress,Dress,dress,Green,Summer,2019,Office / Formal,Blossom Beaded Dress,Office / Formal
579468004,Women,Garment Full body,Dress,Dress,dress,White,Fall,2019,Everyday / Streetwear,Rooney dress,Everyday / Streetwear
624556003,Women,Garment Full body,Dress,Dress,dress,Khaki green,Fall,2019,Everyday / Streetwear,Sam,Everyday / Streetwear
878013001,Women,Garment Full body,Dress,Dress,dress,Black,Spring,2019,Everyday / Streetwear,Florida,Everyday / Streetwear
681181016,Women,Garment Full body,Jumpsuit/Playsuit,Jumpsuit/Playsuit,dress,Beige,Spring,2019,Everyday / Streetwear,Ivy jumpsuit w,Everyday / Streetwear
834534001,Women,Garment Full body,Dress,Dress,dress,Black,Winter,2019,Everyday / Streetwear,Rio,Everyday / Streetwear
925022001,Women,Garment Full body,Dress,Dress,dress,Khaki green,Summer,2019,Everyday / Streetwear,Julia dress,Everyday / Streetwear
875395001,Women,Garment Full body,Dress,Dress,dress,Green,Summer,2019,Everyday / Streetwear,LE Amaryllis Kaftan,Everyday / Streetwear
623745004,Women,Garment Full body,Dress,Dress,dress,Pink,Summer,2019,Everyday / Streetwear,Can't Resist Dress,Everyday / Streetwear
608155003,Women,Garment Full body,Dungarees,Dungarees,dress,Khaki green,Fall,2019,Everyday / Streetwear,Queenie Jumpsuit,Everyday / Streetwear
717727002,Women,Garment Full body,Dress,Dress,dress,Black,Spring,2019,Everyday / Streetwear,Mel maxi dress  W,Everyday / Streetwear
811398007,Women,Garment Full body,Dress,Dress,dress,White,Summer,2019,Everyday / Streetwear,Harper strap dress,Everyday / Streetwear
830955002,Women,Garment Full body,Dress,Dress,dress,Black,Spring,2019,Everyday / Streetwear,Rio long,Everyday / Streetwear
611587001,Women,Garment Full body,Dress,Dress,dress,Blue,Fall,2019,Everyday / Streetwear,Memory dress,Everyday / Streetwear
825550003,Women,Garment Full body,Dress,Dress,dress,Red,Spring,2019,Everyday / Streetwear,RIHANNA DRESS,Everyday / Streetwear
932383002,Women,Garment Full body,Dress,Dress,dress,Black,Summer,2019,Everyday / Streetwear,Irina,Everyday / Streetwear
865470002,Women,Garment Full body,Dress,Dress,dress,Pink,Spring,2019,Office / Formal,Ushi dress,Office / Formal
752090003,Women,Garment Full body,Garment Set,Garment Set,dress,Grey,Fall,2019,Everyday / Streetwear,Mama Basic Pack,Everyday / Streetwear
732671004,Women,Garment Full body,Dress,Dress,dress,Brown,Summer,2019,Loungewear / Home,Lucas,Loungewear / Home
613539001,Women,Garment Full body,Dress,Dress,dress,Unknown,Fall,2019,Everyday / Streetwear,CE Ivy lace dress,Everyday / Streetwear
738761002,Women,Garment Full body,Dress,Dress,dress,Orange,Spring,2019,Everyday / Streetwear,PE HELIOS PRINT KAFTAN,Everyday / Streetwear
619198003,Women,Garment Full body,Dress,Dress,dress,Grey,Fall,2019,Everyday / Streetwear,One dance,Everyday / Streetwear
956217002,Women,Garment Full body,Dress,Dress,dress,Black,Summer,2019,Everyday / Streetwear,Cartwheel dress,Everyday / Streetwear
874378001,Women,Garment Full body,Dress,Dress,dress,Black,Spring,2019,Everyday / Streetwear,ED Missy off shoulder dress,Everyday / Streetwear
762286002,Women,Garment Full body,Dress,Dress,dress,Grey,Spring,2019,Everyday / Streetwear,Common(1),Everyday / Streetwear
792695001,Women,Garment Full body,Dress,Dress,dress,Brown,Fall,2019,Everyday / Streetwear,Vickan dress,Everyday / Streetwear
812888001,Women,Garment Full body,Dress,Dress,dress,Black,Fall,2019,Everyday / Streetwear,PARTY Isabel dress,Everyday / Streetwear
898315001,Women,Garment Full body,Dress,Dress,dress,Black,Summer,2019,Everyday / Streetwear,Poppy,Everyday / Streetwear
542435003,Women,Garment Full body,Dress,Dress,dress,Metal,Winter,2019,Everyday / Streetwear,Lights camera action dress,Everyday / Streetwear
625358003,Women,Garment Full body,Dress,Dress,dress,Beige,Fall,2019,Office / Formal,Nova,Office / Formal
642684001,Women,Garment Full body,Dress,Dress,dress,Black,Fall,2019,Everyday / Streetwear,Kiara dress,Everyday / Streetwear
744910002,Women,Garment Full body,Dress,Dress,dress,White,Fall,2019,Everyday / Streetwear,Mimi dress,Everyday / Streetwear
617350002,Women,Garment Full body,Dress,Dress,dress,Black,Fall,2019,Everyday / Streetwear,Roxy 3/4 J,Everyday / Streetwear
773463002,Women,Garment Full body,Dress,Dress,dress,Black,Summer,2019,Office / Formal,Margret dress,Office / Formal
878754001,Women,Garment Full body,Dress,Dress,dress,Pink,Summer,2019,Everyday / Streetwear,Phyllis Midi Dress,Everyday / Streetwear
873645002,Women,Garment Full body,Dress,Dress,dress,Grey,Spring,2019,Everyday / Streetwear,Kicki bodycon puff dress,Everyday / Streetwear
759637004,Women,Garment Full body,Dress,Dress,dress,Blue,Spring,2019,Everyday / Streetwear,Lisbon tencel dress,Everyday / Streetwear
780314001,Women,Garment Full body,Dress,Dress,dress,Black,Spring,2019,Everyday / Streetwear,Nantes dress,Everyday / Streetwear
774109004,Women,Garment Full body,Dress,Dress,dress,White,Summer,2019,Everyday / Streetwear,Bounty,Everyday / Streetwear
862970001,Women,Garment Full body,Dress,Dress,dress,Black,Summer,2019,Everyday / Streetwear,Mariah fancy dobby,Everyday / Streetwear
709516007,Women,Garment Full body,Dress,Dress,dress,Black,Winter,2019,Everyday / Streetwear,Roxy blouse,Everyday / Streetwear
579470001,Women,Garment Full body,Dress,Dress,dress,Black,Fall,2019,Everyday / Streetwear,Hermione dress,Everyday / Streetwear
921033005,Women,Garment Full body,Dress,Dress,dress,Black,Summer,2019,Everyday / Streetwear,Salt dress,Everyday / Streetwear
896635001,Women,Garment Full body,Dress,Dress,dress,Blue,Summer,2019,Everyday / Streetwear,LE 2 Reese Dress,Everyday / Streetwear
707075002,Women,Garment Full body,Dress,Dress,dress,Red,Winter,2019,Everyday / Streetwear,Opera dress,Everyday / Streetwear
783497001,Women,Garment Full body,Dress,Dress,dress,Black,Fall,2019,Office / Formal,Anka dress,Office / Formal
496762018,Women,Garment Full body,Dress,Dress,dress,Red,Summer,2019,Everyday / Streetwear,Summer strap dress,Everyday / Streetwear
653277002,Women,Garment Full body,Dress,Dress,dress,Black,Fall,2019,Everyday / Streetwear,Brussels Tunic,Everyday / Streetwear
864231003,Women,Garment Full body,Dress,Dress,dress,Blue,Summer,2019,Everyday / Streetwear,Dean dresss,Everyday / Streetwear
893752001,Women,Garment Full body,Dress,Dress,dress,Orange,Summer,2019,Everyday / Streetwear,Mauritius dress,Everyday / Streetwear
790976003,Women,Garment Full body,Dress,Dress,dress,Pink,Spring,2019,Everyday / Streetwear,Ford dress,Everyday / Streetwear
681748006,Women,Garment Full body,Dress,Dress,dress,Red,Fall,2019,Everyday / Streetwear,SPEED Tyler bodycon J,Everyday / Streetwear
666204001,Women,Garment Full body,Dress,Dress,dress,Blue,Fall,2019,Office / Formal,Kosmos,Office / Formal
654647005,Women,Garment Full body,Dress,Dress,dress,Blue,Fall,2019,Everyday / Streetwear,Lemon Dress,Everyday / Streetwear
563043001,Women,Garment Full body,Dress,Dress,dress,Blue,Spring,2019,Everyday / Streetwear,Sidney dress,Everyday / Streetwear
612730003,Women,Garment Full body,Dungarees,Dungarees,dress,Black,Fall,2019,Everyday / Streetwear,Jonas Pinafore,Everyday / Streetwear
678065001,Women,Garment Full body,Dress,Dress,dress,Black,Fall,2019,Everyday / Streetwear,Franca,Everyday / Streetwear
808597001,Women,Garment Full body,Dress,Dress,dress,Black,Winter,2019,Everyday / Streetwear,Isolde jumpsuite,Everyday / Streetwear
872813002,Women,Garment Full body,Dress,Dress,dress,Beige,Spring,2019,Everyday / Streetwear,Carey Dress w,Everyday / Streetwear
501316006,Women,Garment Full body,Dress,Dress,dress,Black,Fall,2019,Everyday / Streetwear,Inez jumpsuit,Everyday / Streetwear
857974001,Women,Garment Full body,Dress,Dress,dress,Pink,Summer,2019,Office / Formal,Julia Dress,Office / Formal
738404001,Women,Garment Full body,Dress,Dress,dress,Pink,Summer,2019,Everyday / Streetwear,PE REESE DRESS,Everyday / Streetwear
736785001,Women,Garment Full body,Dress,Dress,dress,Black,Winter,2019,Everyday / Streetwear,Glans Tunic,Everyday / Streetwear
546335002,Women,Garment Full body,Dress,Dress,dress,Black,Fall,2019,Office / Formal,Fox,Office / Formal
496762015,Women,Garment Full body,Dress,Dress,dress,Red,Fall,2019,Everyday / Streetwear,SUMMER STRAP DRESS_09-090,Everyday / Streetwear
732729001,Women,Garment Full body,Dress,Dress,dress,Blue,Spring,2019,Everyday / Streetwear,Dress Frill,Everyday / Streetwear
871377005,Women,Garment Full body,Dress,Dress,dress,Red,Spring,2019,Everyday / Streetwear,New Holloway Dress,Everyday / Streetwear
316553025,Women,Garment Full body,Dress,Dress,dress,Black,Fall,2019,Everyday / Streetwear,Washington dress,Everyday / Streetwear
862065001,Women,Garment Full body,Dress,Dress,dress,Pink,Summer,2019,Everyday / Streetwear,POW TWG,Everyday / Streetwear
920394004,Women,Garment Full body,Dress,Dress,dress,Blue,Summer,2019,Everyday / Streetwear,Rose dress,Everyday / Streetwear
912100001,Women,Garment Full body,Dress,Dress,dress,Black,Summer,2019,Office / Formal,Elizabeth dress,Office / Formal
612907001,Women,Garment Full body,Dress,Dress,dress,White,Fall,2019,Everyday / Streetwear,AK Daisy dress,Everyday / Streetwear
877448002,Women,Garment Full body,Dungarees,Dungarees,dress,Beige,Summer,2019,Everyday / Streetwear,Johanna Woven Dungaree,Everyday / Streetwear
815564001,Women,Garment Full body,Dress,Dress,dress,Red,Winter,2019,Everyday / Streetwear,CNY EQ Celeste,Everyday / Streetwear
657251004,Women,Garment Full body,Dress,Dress,dress,Yellow,Fall,2019,Everyday / Streetwear,Jaxon Dress,Everyday / Streetwear
592303001,Women,Garment Full body,Dress,Dress,dress,Black,Winter,2019,Everyday / Streetwear,Clubba,Everyday / Streetwear
615523001,Women,Garment Full body,Dress,Dress,dress,Beige,Summer,2019,Everyday / Streetwear,Rose,Everyday / Streetwear
751794005,Women,Garment Full body,Dress,Dress,dress,Khaki green,Spring,2019,Everyday / Streetwear,Maybelline,Everyday / Streetwear
859101005,Women,Garment Full body,Dress,Dress,dress,Black,Spring,2019,Everyday / Streetwear,Shirley bodycon,Everyday / Streetwear
927530006,Women,Garment Full body,Dress,Dress,dress,Blue,Summer,2019,Everyday / Streetwear,Battleship dress,Everyday / Streetwear
915567001,Women,Garment Full body,Dress,Dress,dress,Red,Summer,2019,Everyday / Streetwear,MC Elizabeth dress,Everyday / Streetwear
834383001,Women,Garment Full body,Dress,Dress,dress,White,Spring,2019,Everyday / Streetwear,Carrie dress,Everyday / Streetwear
649536001,Women,Garment Full body,Dress,Dress,dress,Blue,Fall,2019,Everyday / Streetwear,Lola Dress,Everyday / Streetwear
850626002,Women,Garment Full body,Dress,Dress,dress,Khaki green,Summer,2019,Everyday / Streetwear,Kylie knitted midi dress,Everyday / Streetwear
659204002,Women,Garment Full body,Dress,Dress,dress,White,Spring,2019,Everyday / Streetwear,Wanda Dress,Everyday / Streetwear
732418003,Women,Garment Full body,Dress,Dress,dress,White,Winter,2019,Everyday / Streetwear,Emerald,Everyday / Streetwear
662257001,Women,Garment Full body,Dress,Dress,dress,Black,Fall,2019,Everyday / Streetwear,Selma sport dress J,Everyday / Streetwear
726226001,Women,Garment Full body,Dress,Dress,dress,Pink,Summer,2019,Everyday / Streetwear,Felix occasion dress,Everyday / Streetwear
899003002,Women,Garment Full body,Dress,Dress,dress,Blue,Spring,2019,Everyday / Streetwear,PANDA DRESS,Everyday / Streetwear
675274001,Women,Garment Full body,Dress,Dress,dress,Blue,Spring,2019,Everyday / Streetwear,DIV Phoebe dress,Everyday / Streetwear
917229001,Women,Garment Full body,Dress,Dress,dress,Black,Summer,2019,Everyday / Streetwear,Pauline dress (J),Everyday / Streetwear
759637009,Women,Garment Full body,Dress,Dress,dress,Blue,Spring,2019,Everyday / Streetwear,Lisbon tencel dress,Everyday / Streetwear
751556005,Women,Garment Full body,Dress,Dress,dress,Black,Summer,2019,Everyday / Streetwear,Bahama dress,Everyday / Streetwear
553383002,Women,Garment Full body,Dress,Dress,dress,Blue,Fall,2019,Everyday / Streetwear,Sana velvet dress,Everyday / Streetwear
695648001,Women,Garment Full body,Dress,Dress,dress,Red,Fall,2019,Everyday / Streetwear,All inclusive dress,Everyday / Streetwear
766435005,Women,Garment Full body,Dress,Dress,dress,Blue,Summer,2019,Office / Formal,Dorothy dress,Office / Formal
526029001,Women,Garment Full body,Dress,Dress,dress,Black,Fall,2019,Everyday / Streetwear,Common,Everyday / Streetwear
697256001,Women,Garment Full body,Dress,Dress,dress,Red,Summer,2019,Everyday / Streetwear,Bell smock dress,Everyday / Streetwear
724729004,Women,Garment Full body,Dress,Dress,dress,Grey,Spring,2019,Office / Formal,Solo dress,Office / Formal
844456002,Women,Garment Full body,Dress,Dress,dress,Green,Spring,2019,Everyday / Streetwear,Lilo Dress,Everyday / Streetwear
666364001,Women,Garment Full body,Dress,Dress,dress,Blue,Winter,2019,Everyday / Streetwear,CS Hot Dog,Everyday / Streetwear
846383001,Women,Garment Full body,Dungarees,Dungarees,dress,Black,Spring,2019,Everyday / Streetwear,Moon Jersey Jumpsuit,Everyday / Streetwear
868747001,Women,Garment Full body,Dress,Dress,dress,Beige,Spring,2019,Everyday / Streetwear,Neveah Dress,Everyday / Streetwear
591444007,Women,Garment Full body,Dress,Dress,dress,Black,Spring,2019,Everyday / Streetwear,Briony dress W,Everyday / Streetwear
881251001,Women,Garment Full body,Dress,Dress,dress,Orange,Spring,2019,Everyday / Streetwear,AK Umbrella dress,Everyday / Streetwear
815046001,Women,Garment Full body,Dress,Dress,dress,Pink,Fall,2019,Office / Formal,Megan dress,Office / Formal
711022002,Women,Garment Full body,Dress,Dress,dress,Blue,Winter,2019,Everyday / Streetwear,Noel denim dress,Everyday / Streetwear
767065002,Women,Garment Full body,Dress,Dress,dress,White,Summer,2019,Everyday / Streetwear,Krabi RTW dress,Everyday / Streetwear
823330001,Women,Garment Full body,Dungarees,Dungarees,dress,Blue,Spring,2019,Everyday / Streetwear,Dungaree Relaxed (1),Everyday / Streetwear
617488001,Women,Garment Full body,Dress,Dress,dress,Turquoise,Spring,2019,Everyday / Streetwear,wheeler jumpsuit,Everyday / Streetwear
852041001,Women,Garment Full body,Dress,Dress,dress,Blue,Winter,2019,Everyday / Streetwear,Cyrus fancy denim shirt dress,Everyday / Streetwear
750960001,Women,Garment Full body,Dress,Dress,dress,Black,Fall,2019,Everyday / Streetwear,RR 41 .1/2 Button dress,Everyday / Streetwear
764514002,Women,Garment Full body,Dress,Dress,dress,Black,Summer,2019,Everyday / Streetwear,Mac,Everyday / Streetwear
870657001,Women,Garment Full body,Dress,Dress,dress,Green,Spring,2019,Everyday / Streetwear,Faye dress,Everyday / Streetwear
539744001,Women,Shoes,Boots,Boots,shoe,Black,Fall,2019,Everyday / Streetwear,ESTEVEZ,Everyday / Streetwear
875914001,Women,Shoes,Flip flop,Flip flop,shoe,Black,Summer,2019,Everyday / Streetwear,Puffa Sandal,Everyday / Streetwear
488697025,Men,Shoes,Sneakers,Sneakers,shoe,White,Summer,2019,Everyday / Streetwear,Nohar Sneaker,Everyday / Streetwear
578762001,Women,Shoes,Sneakers,Sneakers,shoe,Black,Fall,2019,Everyday / Streetwear,OL MICA PQ sneaker,Everyday / Streetwear
622969005,Women,Shoes,Boots,Boots,shoe,Grey,Fall,2019,Everyday / Streetwear,Sweetheart boot,Everyday / Streetwear
760747001,Women,Shoes,Sneakers,Sneakers,shoe,Black,Fall,2019,Everyday / Streetwear,Hannah WL sneaker,Everyday / Streetwear
718936001,Men,Shoes,Other shoe,Other shoe,shoe,Black,Spring,2019,Everyday / Streetwear,Ingrosso Oxford Shoe,Everyday / Streetwear
808669001,Women,Shoes,Sandals,Sandals,shoe,Metal,Spring,2019,Everyday / Streetwear,Abigail PQ sandal,Everyday / Streetwear
789540002,Men,Shoes,Boots,Boots,shoe,Black,Winter,2019,Everyday / Streetwear,Axl Buckle boot,Everyday / Streetwear
595573002,Women,Shoes,Sneakers,Sneakers,shoe,Red,Fall,2019,Everyday / Streetwear,Millie sneaker,Everyday / Streetwear
742943001,Women,Shoes,Pumps,Pumps,shoe,Turquoise,Spring,2019,Everyday / Streetwear,CE - Zone Strappy heel OL,Everyday / Streetwear
796156003,Women,Shoes,Ballerinas,Ballerinas,shoe,Black,Fall,2019,Everyday / Streetwear,Arabella ballerina,Everyday / Streetwear
706487005,Women,Shoes,Ballerinas,Ballerinas,shoe,White,Summer,2019,Everyday / Streetwear,Holly fancy,Everyday / Streetwear
459756011,Women,Shoes,Sneakers,Sneakers,shoe,Grey,Fall,2019,Everyday / Streetwear,CLEO HIGHLIFT SNEAKER (1),Everyday / Streetwear
622220017,Men,Shoes,Sneakers,Sneakers,shoe,Black,Summer,2019,Everyday / Streetwear,Gus sneaker,Everyday / Streetwear
568253001,Women,Shoes,Boots,Boots,shoe,Beige,Fall,2019,Everyday / Streetwear,OL ZANDRA,Everyday / Streetwear
715528001,Women,Shoes,Sandals,Sandals,shoe,Red,Summer,2019,Everyday / Streetwear,Knotty Sandal,Everyday / Streetwear
686032001,Women,Shoes,Sneakers,Sneakers,shoe,Black,Spring,2019,Everyday / Streetwear,Tape Sneaker,Everyday / Streetwear
643145014,Men,Shoes,Sneakers,Sneakers,shoe,Black,Winter,2019,Everyday / Streetwear,Liam runner,Everyday / Streetwear
735093001,Men,Shoes,Other shoe,Other shoe,shoe,Mole,Spring,2019,Everyday / Streetwear,Edwin monkstrap shoe,Everyday / Streetwear
845088001,Men,Shoes,Sneakers,Sneakers,shoe,White,Spring,2019,Everyday / Streetwear,Bamba Runner,Everyday / Streetwear
674101002,Women,Shoes,Boots,Boots,shoe,Brown,Fall,2019,Everyday / Streetwear,OL SAM PQ Boot,Everyday / Streetwear
599742001,Women,Shoes,Heeled sandals,Heeled sandals,shoe,Black,Fall,2019,Everyday / Streetwear,OL CALYPSO Sandalette,Everyday / Streetwear
674292001,Women,Shoes,Flat shoe,Flat shoe,shoe,Black,Fall,2019,Everyday / Streetwear,Curtis menshoe,Everyday / Streetwear
721280001,Women,Shoes,Flat shoe,Flat shoe,shoe,Black,Spring,2019,Everyday / Streetwear,Debbie derby,Everyday / Streetwear
533675003,Men,Shoes,Other shoe,Other shoe,shoe,Black,Winter,2019,Everyday / Streetwear,Ace brogue shoe PQ,Everyday / Streetwear
622963002,Women,Shoes,Boots,Boots,shoe,Brown,Summer,2019,Everyday / Streetwear,Hansel Boot,Everyday / Streetwear
808659003,Women,Shoes,Sandals,Sandals,shoe,Black,Spring,2019,Everyday / Streetwear,Lynn PQ sandal,Everyday / Streetwear
853931005,Women,Shoes,Sandals,Sandals,shoe,Beige,Spring,2019,Everyday / Streetwear,Nina Sandal,Everyday / Streetwear
892983004,Women,Shoes,Sneakers,Sneakers,shoe,Grey,Summer,2019,Everyday / Streetwear,Thania Sneaker,Everyday / Streetwear
837139001,Women,Shoes,Pumps,Pumps,shoe,Black,Winter,2019,Everyday / Streetwear,Lewin CNY,Everyday / Streetwear
494088025,Men,Shoes,Sneakers,Sneakers,shoe,Brown,Spring,2019,Everyday / Streetwear,Skule sneaker,Everyday / Streetwear
507181001,Women,Shoes,Sneakers,Sneakers,shoe,Black,Fall,2019,Everyday / Streetwear,David bow sneaker,Everyday / Streetwear
763743001,Men,Shoes,Other shoe,Other shoe,shoe,Brown,Spring,2019,Everyday / Streetwear,Lawrence Loafer,Everyday / Streetwear
649018001,Women,Shoes,Sandals,Sandals,shoe,Brown,Fall,2019,Everyday / Streetwear,Daisy Fancy Sandal,Everyday / Streetwear
838383001,Women,Shoes,Heeled sandals,Heeled sandals,shoe,Black,Summer,2019,Everyday / Streetwear,Scarlet sandalette,Everyday / Streetwear
671809008,Men,Shoes,Sneakers,Sneakers,shoe,Beige,Spring,2019,Everyday / Streetwear,Malin court sneaker,Everyday / Streetwear
643833006,Women,Shoes,Flip flop,Flip flop,shoe,Black,Fall,2019,Everyday / Streetwear,Liquorice flipflop,Everyday / Streetwear
643145009,Men,Shoes,Sneakers,Sneakers,shoe,Black,Fall,2019,Everyday / Streetwear,Liam runner,Everyday / Streetwear
783019003,Women,Shoes,Pumps,Pumps,shoe,Black,Fall,2019,Everyday / Streetwear,Lewin pump,Everyday / Streetwear
650657001,Women,Shoes,Heeled sandals,Heeled sandals,shoe,Black,Spring,2019,Everyday / Streetwear,OL KRISTEN PQ sandalette,Everyday / Streetwear
656121006,Men,Shoes,Other shoe,Other shoe,shoe,Mole,Spring,2019,Everyday / Streetwear,Akoni Shoe,Everyday / Streetwear
591061007,Women,Shoes,Flat shoe,Flat shoe,shoe,Blue,Fall,2019,Everyday / Streetwear,Gibson sandal,Everyday / Streetwear
738747001,Women,Shoes,Wedge,Wedge,shoe,Black,Spring,2019,Everyday / Streetwear,Kahleesi wedge,Everyday / Streetwear
613811002,Women,Shoes,Ballerinas,Ballerinas,shoe,Metal,Summer,2019,Everyday / Streetwear,OL DAME ballerina,Everyday / Streetwear
411499006,Men,Shoes,Other shoe,Other shoe,shoe,Blue,Fall,2019,Everyday / Streetwear,Emil (1),Everyday / Streetwear
606712001,Women,Shoes,Heeled sandals,Heeled sandals,shoe,Black,Winter,2019,Everyday / Streetwear,Valerie sandalette,Everyday / Streetwear
698470006,Women,Shoes,Sneakers,Sneakers,shoe,Black,Spring,2019,Everyday / Streetwear,Elena sneaker,Everyday / Streetwear
611785002,Women,Shoes,Sneakers,Sneakers,shoe,White,Fall,2019,Everyday / Streetwear,Alana sneaker,Everyday / Streetwear
742934001,Women,Shoes,Boots,Boots,shoe,Beige,Spring,2019,Everyday / Streetwear,CE - Ganesha bootie OL,Everyday / Streetwear
663382002,Men,Shoes,Boots,Boots,shoe,Brown,Fall,2019,Everyday / Streetwear,Winston chelsea boot,Everyday / Streetwear
897340001,Men,Shoes,Sandals,Sandals,shoe,Black,Spring,2019,Everyday / Streetwear,Billy Sandal 2,Everyday / Streetwear
502621001,Women,Shoes,Boots,Boots,shoe,Black,Fall,2019,Everyday / Streetwear,Jenny Elastic,Everyday / Streetwear
522680004,Men,Shoes,Sneakers,Sneakers,shoe,White,Fall,2019,Everyday / Streetwear,Daniel runner,Everyday / Streetwear
893562002,Women,Shoes,Flat shoe,Flat shoe,shoe,White,Summer,2019,Everyday / Streetwear,Antonia Loafer,Everyday / Streetwear
727059005,Women,Shoes,Sneakers,Sneakers,shoe,Beige,Spring,2019,Everyday / Streetwear,Lucy scallop sneaker,Everyday / Streetwear
789681001,Women,Shoes,Pumps,Pumps,shoe,Black,Winter,2019,Everyday / Streetwear,Rianne strappy pump,Everyday / Streetwear
747816001,Women,Shoes,Sandals,Sandals,shoe,Black,Spring,2019,Everyday / Streetwear,Cristobal sandal,Everyday / Streetwear
713205001,Women,Shoes,Sneakers,Sneakers,shoe,Orange,Summer,2019,Everyday / Streetwear,OL HILLA PQ sneaker,Everyday / Streetwear
712411001,Women,Shoes,Other shoe,Other shoe,shoe,Black,Winter,2019,Everyday / Streetwear,Jim semi boot,Everyday / Streetwear
661064002,Men,Shoes,Sneakers,Sneakers,shoe,Black,Fall,2019,Everyday / Streetwear,Victory runner,Everyday / Streetwear
631984005,Men,Shoes,Sneakers,Sneakers,shoe,White,Spring,2019,Everyday / Streetwear,Gogo slip on sneaker,Everyday / Streetwear
558746002,Men,Shoes,Other shoe,Other shoe,shoe,Black,Fall,2019,Everyday / Streetwear,Cay shoe,Everyday / Streetwear
631870014,Men,Shoes,Sneakers,Sneakers,shoe,White,Summer,2019,Everyday / Streetwear,Christer sock runner (1),Everyday / Streetwear
808662002,Women,Shoes,Sandals,Sandals,shoe,Yellow,Summer,2019,Everyday / Streetwear,Noor PQ sandal,Everyday / Streetwear
686030003,Women,Shoes,Sneakers,Sneakers,shoe,Black,Winter,2019,Everyday / Streetwear,Adan sneaker,Everyday / Streetwear
858969002,Women,Shoes,Sandals,Sandals,shoe,Brown,Spring,2019,Everyday / Streetwear,Henny Sandal,Everyday / Streetwear
858866001,Women,Shoes,Sandals,Sandals,shoe,Orange,Summer,2019,Everyday / Streetwear,Dunham PQ espadrille,Everyday / Streetwear
580477002,Women,Shoes,Pumps,Pumps,shoe,Pink,Fall,2019,Everyday / Streetwear,OL NIXON PQ pump,Everyday / Streetwear
579838002,Women,Shoes,Sneakers,Sneakers,shoe,Beige,Fall,2019,Everyday / Streetwear,Dolores Sneaker,Everyday / Streetwear
889666001,Women,Shoes,Wedge,Wedge,shoe,Metal,Summer,2019,Everyday / Streetwear,Ava wedge,Everyday / Streetwear
575916001,Men,Shoes,Other shoe,Other shoe,shoe,Black,Fall,2019,Everyday / Streetwear,Adde blusher shoe,Everyday / Streetwear
853284002,Men,Shoes,Sandals,Sandals,shoe,Brown,Summer,2019,Everyday / Streetwear,Billy Sandal PQ,Everyday / Streetwear
538358020,Men,Shoes,Sneakers,Sneakers,shoe,Blue,Spring,2019,Everyday / Streetwear,Henry court PQ,Everyday / Streetwear
676640001,Women,Shoes,Boots,Boots,shoe,Black,Fall,2019,Everyday / Streetwear,Chicago,Everyday / Streetwear
890722001,Women,Shoes,Heeled sandals,Heeled sandals,shoe,Metal,Summer,2019,Everyday / Streetwear,Pia PQ sandalette,Everyday / Streetwear
510414005,Women,Shoes,Sandals,Sandals,shoe,Pink,Summer,2019,Everyday / Streetwear,Nora sandal,Everyday / Streetwear
586955016,Women,Shoes,Ballerinas,Ballerinas,shoe,Brown,Fall,2019,Everyday / Streetwear,Amie ballerina,Everyday / Streetwear
655287002,Women,Shoes,Sneakers,Sneakers,shoe,White,Winter,2019,Everyday / Streetwear,Sesam sneaker (1),Everyday / Streetwear
741474001,Women,Shoes,Slippers,Slippers,shoe,Brown,Spring,2019,Everyday / Streetwear,SC - BABOUCHE slipper,Everyday / Streetwear
573695001,Women,Shoes,Pumps,Pumps,shoe,Blue,Fall,2019,Everyday / Streetwear,Destiny bow pump,Everyday / Streetwear
856332002,Women,Shoes,Sandals,Sandals,shoe,Metal,Spring,2019,Everyday / Streetwear,Darcy PQ sandal,Everyday / Streetwear
438702007,Women,Shoes,Sneakers,Sneakers,shoe,Pink,Summer,2019,Everyday / Streetwear,LENA SNEAKER,Everyday / Streetwear
488697031,Men,Shoes,Sneakers,Sneakers,shoe,Black,Summer,2019,Everyday / Streetwear,Nohar Sneaker,Everyday / Streetwear
811458001,Women,Shoes,Boots,Boots,shoe,Black,Summer,2019,Everyday / Streetwear,Berlin boot,Everyday / Streetwear
869059003,Women,Shoes,Sneakers,Sneakers,shoe,Black,Summer,2019,Everyday / Streetwear,Serisha Sneaker Sandal,Everyday / Streetwear
799069001,Women,Shoes,Heels,Heels,shoe,Black,Fall,2019,Everyday / Streetwear,Jackie heel,Everyday / Streetwear
565090002,Women,Shoes,Boots,Boots,shoe,Black,Fall,2019,Everyday / Streetwear,SANREMO,Everyday / Streetwear
545902001,Women,Shoes,Boots,Boots,shoe,Metal,Fall,2019,Everyday / Streetwear,Hadid boot fancy,Everyday / Streetwear
723874002,Women,Shoes,Heeled sandals,Heeled sandals,shoe,Beige,Summer,2019,Everyday / Streetwear,Marielle sandalette,Everyday / Streetwear
765915007,Women,Shoes,Sneakers,Sneakers,shoe,Black,Spring,2019,Everyday / Streetwear,Missy highlift sneaker,Everyday / Streetwear
580469008,Women,Shoes,Pumps,Pumps,shoe,Brown,Fall,2019,Everyday / Streetwear,OL WASHINGTON PQ pump,Everyday / Streetwear
601728030,Men,Shoes,Sneakers,Sneakers,shoe,Grey,Spring,2019,Everyday / Streetwear,Tyko,Everyday / Streetwear
494088017,Men,Shoes,Sneakers,Sneakers,shoe,Blue,Spring,2019,Everyday / Streetwear,Skule sneaker,Everyday / Streetwear
883440001,Men,Shoes,Other shoe,Other shoe,shoe,Blue,Spring,2019,Everyday / Streetwear,Dan casual loafer,Everyday / Streetwear
651059001,Women,Shoes,Wedge,Wedge,shoe,Black,Fall,2019,Everyday / Streetwear,OL ROOSEWELT PQ Wedge,Everyday / Streetwear
181160009,Women,Shoes,Boots,Boots,shoe,Brown,Fall,2019,Everyday / Streetwear,Eva chelsea boot,Everyday / Streetwear
795928001,Women,Shoes,Boots,Boots,shoe,Black,Summer,2019,Everyday / Streetwear,Tacoma fancy boot,Everyday / Streetwear
903333002,Women,Shoes,Flat shoe,Flat shoe,shoe,Red,Summer,2019,Everyday / Streetwear,Camilla Loafer,Everyday / Streetwear
789674004,Women,Shoes,Sneakers,Sneakers,shoe,Black,Winter,2019,Everyday / Streetwear,Carly fancy sneaker,Everyday / Streetwear
683176003,Women,Shoes,Flip flop,Flip flop,shoe,Red,Summer,2019,Everyday / Streetwear,Yaz flip flop (1),Everyday / Streetwear
642687001,Men,Shoes,Other shoe,Other shoe,shoe,Black,Summer,2019,Everyday / Streetwear,Palle loafer PQ,Everyday / Streetwear
891848001,Women,Shoes,Flat shoe,Flat shoe,shoe,Black,Spring,2019,Everyday / Streetwear,Luger Loafer,Everyday / Streetwear
890502001,Women,Shoes,Sneakers,Sneakers,shoe,Lilac Purple,Summer,2019,Everyday / Streetwear,Licett Runner,Everyday / Streetwear
530166001,Men,Shoes,Boots,Boots,shoe,Brown,Summer,2019,Everyday / Streetwear,Wade Chukka Boot,Everyday / Streetwear
808608003,Women,Shoes,Boots,Boots,shoe,Mole,Winter,2019,Everyday / Streetwear,Sies PQ boot,Everyday / Streetwear
808621003,Women,Shoes,Ballerinas,Ballerinas,shoe,Yellow,Summer,2019,Everyday / Streetwear,Munch ballerina,Everyday / Streetwear
673905003,Women,Shoes,Pumps,Pumps,shoe,Brown,Summer,2019,Everyday / Streetwear,OL LONDONE PQ Pump,Everyday / Streetwear
658148002,Men,Shoes,Sneakers,Sneakers,shoe,White,Winter,2019,Everyday / Streetwear,Stanley slip on PQ,Everyday / Streetwear
349301040,Women,Shoes,Ballerinas,Ballerinas,shoe,Beige,Spring,2019,Everyday / Streetwear,GLASSIG ESPADRILLE,Everyday / Streetwear
721435005,Women,Shoes,Sandals,Sandals,shoe,Pink,Spring,2019,Everyday / Streetwear,Love Espadrille,Everyday / Streetwear
808659002,Women,Shoes,Sandals,Sandals,shoe,Metal,Spring,2019,Everyday / Streetwear,Lynn PQ sandal,Everyday / Streetwear
319906008,Men,Shoes,Slippers,Slippers,shoe,Brown,Summer,2019,Everyday / Streetwear,Steve Slipper,Everyday / Streetwear
475791010,Men,Shoes,Sandals,Sandals,shoe,Grey,Summer,2019,Everyday / Streetwear,Pontus Espadrill.,Everyday / Streetwear
894681001,Women,Shoes,Flat shoe,Flat shoe,shoe,Black,Summer,2019,Everyday / Streetwear,North Mens Shoe,Everyday / Streetwear
545894002,Men,Shoes,Other shoe,Other shoe,shoe,Orange,Summer,2019,Everyday / Streetwear,River Loafer PQ,Everyday / Streetwear
489217006,Women,Shoes,Boots,Boots,shoe,Red,Fall,2019,Everyday / Streetwear,Carolina Boot,Everyday / Streetwear
787677001,Women,Shoes,Boots,Boots,shoe,Black,Summer,2019,Everyday / Streetwear,Jenny lace up,Everyday / Streetwear
621915002,Women,Shoes,Sandals,Sandals,shoe,Brown,Fall,2019,Everyday / Streetwear,Jupiter Sandal,Everyday / Streetwear
784856005,Women,Shoes,Slippers,Slippers,shoe,White,Fall,2019,Loungewear / Home,OL Excl Chenille Boot,Loungewear / Home
771157006,Women,Shoes,Sneakers,Sneakers,shoe,Mole,Summer,2019,Everyday / Streetwear,Kinen sneaker,Everyday / Streetwear
723874001,Women,Shoes,Heeled sandals,Heeled sandals,shoe,Black,Summer,2019,Everyday / Streetwear,Marielle sandalette,Everyday / Streetwear
899244001,Women,Shoes,Boots,Boots,shoe,Black,Summer,2019,Everyday / Streetwear,Moss Boot,Everyday / Streetwear
654984001,Women,Shoes,Sandals,Sandals,shoe,Black,Winter,2019,Everyday / Streetwear,OL WILOW slip-in,Everyday / Streetwear
717745001,Men,Shoes,Other shoe,Other shoe,shoe,Red,Fall,2019,Everyday / Streetwear,Hefner Loafer,Everyday / Streetwear
893733001,Men,Shoes,Sneakers,Sneakers,shoe,White,Summer,2019,Everyday / Streetwear,Cappy Sneaker,Everyday / Streetwear
565090003,Women,Shoes,Boots,Boots,shoe,Beige,Fall,2019,Everyday / Streetwear,SANREMO,Everyday / Streetwear
754351001,Women,Shoes,Sneakers,Sneakers,shoe,Black,Winter,2019,Everyday / Streetwear,Indra sneaker,Everyday / Streetwear
732515003,Men,Shoes,Sandals,Sandals,shoe,Black,Spring,2019,Everyday / Streetwear,Clifton Cross Sandal PQ,Everyday / Streetwear
647338011,Men,Shoes,Boots,Boots,shoe,Black,Winter,2019,Everyday / Streetwear,Kobe Chelsea Boot,Everyday / Streetwear
578316001,Women,Shoes,Sandals,Sandals,shoe,Black,Summer,2019,Everyday / Streetwear,OL GIOVANNA PQ sandal,Everyday / Streetwear
605230010,Women,Shoes,Pumps,Pumps,shoe,White,Fall,2019,Everyday / Streetwear,Tyga heel,Everyday / Streetwear
585861005,Men,Shoes,Other shoe,Other shoe,shoe,Black,Winter,2019,Everyday / Streetwear,Paco loafer,Everyday / Streetwear
570303003,Women,Shoes,Boots,Boots,shoe,Grey,Fall,2019,Everyday / Streetwear,TOSCANA,Everyday / Streetwear
581103002,Women,Shoes,Slippers,Slippers,shoe,Pink,Fall,2019,Everyday / Streetwear,Eve slipper,Everyday / Streetwear
632642006,Women,Shoes,Other shoe,Other shoe,shoe,Yellow,Summer,2019,Everyday / Streetwear,OL CELESTE PQ Espadrille,Everyday / Streetwear
704629002,Women,Shoes,Sneakers,Sneakers,shoe,Brown,Winter,2019,Everyday / Streetwear,Sally sneaker,Everyday / Streetwear
661061003,Men,Shoes,Sneakers,Sneakers,shoe,White,Spring,2019,Everyday / Streetwear,Jack Sock Runner,Everyday / Streetwear
808473002,Women,Shoes,Other shoe,Other shoe,shoe,Beige,Spring,2019,Everyday / Streetwear,Donatella semi-boot,Everyday / Streetwear
807093001,Women,Shoes,Slippers,Slippers,shoe,White,Winter,2019,Loungewear / Home,Slipper BENNY ANIMAL,Loungewear / Home
651059002,Women,Shoes,Wedge,Wedge,shoe,Red,Spring,2019,Everyday / Streetwear,OL ROOSEWELT PQ Wedge,Everyday / Streetwear
745186006,Women,Shoes,Sandals,Sandals,shoe,Brown,Summer,2019,Everyday / Streetwear,Rainbow sandal,Everyday / Streetwear
562763002,Women,Shoes,Boots,Boots,shoe,Mole,Fall,2019,Everyday / Streetwear,KELLY PQ,Everyday / Streetwear
599742006,Women,Shoes,Heeled sandals,Heeled sandals,shoe,Metal,Fall,2019,Everyday / Streetwear,OL CALYPSO Sandalette,Everyday / Streetwear
777056001,Men,Shoes,Other shoe,Other shoe,shoe,Brown,Summer,2019,Everyday / Streetwear,Brad Derby Shoe,Everyday / Streetwear
742472001,Women,Shoes,Sneakers,Sneakers,shoe,White,Spring,2019,Everyday / Streetwear,Emil espadrill,Everyday / Streetwear
581275010,Women,Shoes,Sandals,Sandals,shoe,Khaki green,Summer,2019,Everyday / Streetwear,Polly sandal,Everyday / Streetwear
581275005,Women,Shoes,Sandals,Sandals,shoe,Red,Winter,2019,Everyday / Streetwear,Polly sandal,Everyday / Streetwear
808648002,Women,Shoes,Heeled sandals,Heeled sandals,shoe,Orange,Summer,2019,Everyday / Streetwear,Stanton PQ sandalette,Everyday / Streetwear
614734001,Women,Shoes,Pumps,Pumps,shoe,Orange,Winter,2019,Everyday / Streetwear,OL TRUMP pump,Everyday / Streetwear
764479003,Women,Shoes,Wedge,Wedge,shoe,Orange,Summer,2019,Everyday / Streetwear,Strappy wedge,Everyday / Streetwear
550879007,Men,Shoes,Boots,Boots,shoe,Black,Winter,2019,Everyday / Streetwear,Sergei boot PQ,Everyday / Streetwear
640989001,Women,Shoes,Sandals,Sandals,shoe,White,Fall,2019,Everyday / Streetwear,OL ENZO PQ Sandal,Everyday / Streetwear
495864003,Women,Shoes,Boots,Boots,shoe,Grey,Fall,2019,Everyday / Streetwear,Sweetheart boot,Everyday / Streetwear
529321001,Men,Shoes,Sneakers,Sneakers,shoe,Beige,Winter,2019,Everyday / Streetwear,Tommen(1),Everyday / Streetwear
512630008,Women,Shoes,Boots,Boots,shoe,Pink,Winter,2019,Everyday / Streetwear,OL TRANCE (1),Everyday / Streetwear
898892001,Women,Shoes,Boots,Boots,shoe,Black,Summer,2019,Everyday / Streetwear,Delila WL boot,Everyday / Streetwear
581298006,Women,Shoes,Flip flop,Flip flop,shoe,White,Spring,2019,Everyday / Streetwear,Patty flip-flop,Everyday / Streetwear
411974005,Women,Shoes,Sneakers,Sneakers,shoe,Grey,Fall,2019,Everyday / Streetwear,OL BLIXTEN PQ sneaker,Everyday / Streetwear
777059004,Men,Shoes,Other shoe,Other shoe,shoe,Blue,Spring,2019,Everyday / Streetwear,Ashton Shoe,Everyday / Streetwear
581153008,Women,Shoes,Flat shoe,Flat shoe,shoe,Beige,Spring,2019,Everyday / Streetwear,Maggi espadrille,Everyday / Streetwear
815314001,Men,Shoes,Sneakers,Sneakers,shoe,White,Winter,2019,Everyday / Streetwear,Florian Sneaker,Everyday / Streetwear
528931002,Women,Shoes,Flat shoe,Flat shoe,shoe,Black,Fall,2019,Everyday / Streetwear,Jane espandrille,Everyday / Streetwear
558392001,Women,Shoes,Pumps,Pumps,shoe,Red,Fall,2019,Everyday / Streetwear,OL SASHA pump,Everyday / Streetwear
592007001,Women,Shoes,Boots,Boots,shoe,Black,Fall,2019,Everyday / Streetwear,LIMONE,Everyday / Streetwear
564372002,Men,Shoes,Sneakers,Sneakers,shoe,Khaki green,Fall,2019,Everyday / Streetwear,Knut knitted runner,Everyday / Streetwear
662310001,Men,Shoes,Sneakers,Sneakers,shoe,Blue,Winter,2019,Everyday / Streetwear,Johnson chunky runner,Everyday / Streetwear
857097003,Women,Shoes,Wedge,Wedge,shoe,Black,Summer,2019,Everyday / Streetwear,York espadrille,Everyday / Streetwear
734179003,Women,Shoes,Wedge,Wedge,shoe,Orange,Summer,2019,Everyday / Streetwear,OL BELWAL PQ wedge,Everyday / Streetwear
808686001,Women,Shoes,Heeled sandals,Heeled sandals,shoe,Beige,Spring,2019,Everyday / Streetwear,Mandy sandalette,Everyday / Streetwear
731743003,Women,Shoes,Flip flop,Flip flop,shoe,Orange,Spring,2019,Everyday / Streetwear,Ocasio flip flop,Everyday / Streetwear
510420009,Women,Shoes,Sandals,Sandals,shoe,Khaki green,Summer,2019,Everyday / Streetwear,DOLLY PQ sandal,Everyday / Streetwear
902067001,Women,Shoes,Boots,Boots,shoe,Black,Summer,2019,Everyday / Streetwear,Megan over knee boot,Everyday / Streetwear
782066004,Women,Shoes,Pumps,Pumps,shoe,Yellow,Summer,2019,Everyday / Streetwear,Bros PQ pump,Everyday / Streetwear
686027003,Women,Shoes,Boots,Boots,shoe,Pink,Spring,2019,Everyday / Streetwear,Cashie Boot,Everyday / Streetwear
545258010,Women,Shoes,Pumps,Pumps,shoe,Red,Fall,2019,Everyday / Streetwear,OL DONALD pump,Everyday / Streetwear
657220001,Women,Shoes,Boots,Boots,shoe,Beige,Fall,2019,Everyday / Streetwear,Malaga,Everyday / Streetwear
820732001,Women,Shoes,Boots,Boots,shoe,Black,Fall,2019,Everyday / Streetwear,Cleopatra WL PQ boot,Everyday / Streetwear
620745001,Women,Shoes,Flat shoe,Flat shoe,shoe,Black,Winter,2019,Everyday / Streetwear,OL BARNES Espadrille,Everyday / Streetwear
853931001,Women,Shoes,Sandals,Sandals,shoe,Metal,Summer,2019,Everyday / Streetwear,Nina Sandal,Everyday / Streetwear
591550001,Women,Shoes,Other shoe,Other shoe,shoe,Black,Fall,2019,Everyday / Streetwear,OL BILL PQ Semi-Boot,Everyday / Streetwear
802871007,Women,Shoes,Boots,Boots,shoe,Khaki green,Summer,2019,Everyday / Streetwear,Darling Flat boot,Everyday / Streetwear
657184001,Women,Shoes,Boots,Boots,shoe,Black,Winter,2019,Everyday / Streetwear,Calanda kitten high-shaft,Everyday / Streetwear
673911003,Women,Shoes,Sneakers,Sneakers,shoe,Pink,Winter,2019,Everyday / Streetwear,OL BORGIA PQ Sneaker,Everyday / Streetwear
838898001,Women,Shoes,Sneakers,Sneakers,shoe,Green,Winter,2019,Everyday / Streetwear,Banksy Sneaker,Everyday / Streetwear
683176002,Women,Shoes,Flip flop,Flip flop,shoe,Beige,Summer,2019,Everyday / Streetwear,Yaz flip flop (1),Everyday / Streetwear
574211002,Women,Shoes,Sneakers,Sneakers,shoe,Pink,Fall,2019,Everyday / Streetwear,Lola sneakerboot,Everyday / Streetwear
854794001,Women,Shoes,Boots,Boots,shoe,Black,Winter,2019,Everyday / Streetwear,LING HIGHSHAFT,Everyday / Streetwear
494088019,Men,Shoes,Sneakers,Sneakers,shoe,Black,Summer,2019,Everyday / Streetwear,Skule sneaker,Everyday / Streetwear
585733003,Women,Shoes,Sneakers,Sneakers,shoe,Grey,Fall,2019,Everyday / Streetwear,Livka Fancy Sneaker,Everyday / Streetwear
869203003,Women,Shoes,Sandals,Sandals,shoe,Black,Summer,2019,Everyday / Streetwear,Maxi Tassel Sandal,Everyday / Streetwear
747563008,Women,Shoes,Heels,Heels,shoe,White,Summer,2019,Everyday / Streetwear,Hedda Espadrille Wedge,Everyday / Streetwear
649046004,Women,Shoes,Boots,Boots,shoe,Black,Fall,2019,Everyday / Streetwear,Christina boot,Everyday / Streetwear
743724001,Men,Shoes,Sneakers,Sneakers,shoe,Black,Spring,2019,Everyday / Streetwear,Pedro Runner,Everyday / Streetwear
748344003,Women,Shoes,Sandals,Sandals,shoe,Brown,Summer,2019,Everyday / Streetwear,IMARI PQ sandal,Everyday / Streetwear
589268003,Women,Shoes,Boots,Boots,shoe,Brown,Spring,2019,Everyday / Streetwear,TURIN,Everyday / Streetwear
725112003,Women,Shoes,Boots,Boots,shoe,Brown,Winter,2019,Everyday / Streetwear,Maui semiboot,Everyday / Streetwear
673980002,Women,Shoes,Sneakers,Sneakers,shoe,Orange,Winter,2019,Everyday / Streetwear,OL SOLANA PQ Sneaker,Everyday / Streetwear
854931001,Women,Shoes,Pumps,Pumps,shoe,Orange,Summer,2019,Everyday / Streetwear,Alice pump,Everyday / Streetwear
553611002,Women,Shoes,Pumps,Pumps,shoe,Pink,Fall,2019,Everyday / Streetwear,Rhea pump,Everyday / Streetwear
575955003,Women,Shoes,Flat shoe,Flat shoe,shoe,Black,Fall,2019,Everyday / Streetwear,LINA LOAFER,Everyday / Streetwear
663382003,Men,Shoes,Boots,Boots,shoe,Brown,Winter,2019,Everyday / Streetwear,Winston chelsea boot,Everyday / Streetwear
682509001,Women,Shoes,Boots,Boots,shoe,Black,Winter,2019,Everyday / Streetwear,Wille boot,Everyday / Streetwear
510419001,Women,Shoes,Sandals,Sandals,shoe,Black,Winter,2019,Everyday / Streetwear,Nilla leather sandal,Everyday / Streetwear
740361002,Women,Shoes,Sandals,Sandals,shoe,Khaki green,Summer,2019,Everyday / Streetwear,Camilo thong sandal,Everyday / Streetwear
493995001,Women,Shoes,Boots,Boots,shoe,Black,Fall,2019,Everyday / Streetwear,Manacor,Everyday / Streetwear
538358018,Men,Shoes,Sneakers,Sneakers,shoe,Grey,Summer,2019,Everyday / Streetwear,Henry court PQ,Everyday / Streetwear
882034001,Women,Shoes,Sneakers,Sneakers,shoe,White,Spring,2019,Everyday / Streetwear,Carlito Sneaker,Everyday / Streetwear
471566004,Women,Shoes,Sneakers,Sneakers,shoe,Beige,Fall,2019,Everyday / Streetwear,OL STAFFAN PQ loafer,Everyday / Streetwear
593409001,Women,Shoes,Boots,Boots,shoe,Black,Winter,2019,Everyday / Streetwear,RIMINI,Everyday / Streetwear
699341003,Women,Shoes,Slippers,Slippers,shoe,Khaki green,Spring,2019,Everyday / Streetwear,Escota slipper,Everyday / Streetwear
810724002,Women,Shoes,Boots,Boots,shoe,Black,Fall,2019,Everyday / Streetwear,Carolina padded,Everyday / Streetwear
782060001,Women,Shoes,Flat shoe,Flat shoe,shoe,Black,Fall,2019,Everyday / Streetwear,Sachs PQ,Everyday / Streetwear
601814004,Men,Shoes,Other shoe,Other shoe,shoe,Black,Winter,2019,Everyday / Streetwear,Rille loafer,Everyday / Streetwear
752857009,Women,Shoes,Boots,Boots,shoe,Black,Winter,2019,Everyday / Streetwear,Patsy Platform,Everyday / Streetwear
864363001,Women,Shoes,Flat shoe,Flat shoe,shoe,Black,Summer,2019,Everyday / Streetwear,Dolly Derby,Everyday / Streetwear
586955019,Women,Shoes,Ballerinas,Ballerinas,shoe,Beige,Fall,2019,Everyday / Streetwear,Amie ballerina,Everyday / Streetwear
881880001,Women,Shoes,Sandals,Sandals,shoe,Pink,Summer,2019,Everyday / Streetwear,Zippi Sandal,Everyday / Streetwear
489435002,Women,Shoes,Sandals,Sandals,shoe,Black,Spring,2019,Everyday / Streetwear,Riri sandalina,Everyday / Streetwear
533518005,Men,Shoes,Sneakers,Sneakers,shoe,Khaki green,Fall,2019,Everyday / Streetwear,Willow PQ,Everyday / Streetwear
740888001,Women,Shoes,Sneakers,Sneakers,shoe,White,Winter,2019,Everyday / Streetwear,Kinen sneaker speed P1 c/w,Everyday / Streetwear
553932006,Men,Shoes,Flip flop,Flip flop,shoe,Green,Summer,2019,Everyday / Streetwear,Ritz flip flop OL,Everyday / Streetwear
723926001,Women,Shoes,Wedge,Wedge,shoe,Black,Summer,2019,Everyday / Streetwear,Matilda wedge,Everyday / Streetwear
870281002,Women,Shoes,Ballerinas,Ballerinas,shoe,Black,Spring,2019,Everyday / Streetwear,Arabella Ballerina,Everyday / Streetwear
622141008,Men,Shoes,Other shoe,Other shoe,shoe,Black,Winter,2019,Everyday / Streetwear,Sonny loafer (1),Everyday / Streetwear
723874003,Women,Shoes,Heeled sandals,Heeled sandals,shoe,Orange,Summer,2019,Everyday / Streetwear,Marielle sandalette,Everyday / Streetwear
620755001,Women,Shoes,Sandals,Sandals,shoe,Black,Winter,2019,Everyday / Streetwear,OL RIVERS PQ espadrille,Everyday / Streetwear
593447002,Women,Shoes,Boots,Boots,shoe,Grey,Fall,2019,Everyday / Streetwear,GARDA,Everyday / Streetwear
799344001,Men,Shoes,Boots,Boots,shoe,Black,Winter,2019,Everyday / Streetwear,Igor Chelsea Boot PQ,Everyday / Streetwear
716868002,Women,Shoes,Sneakers,Sneakers,shoe,White,Winter,2019,Everyday / Streetwear,Raven sneaker SPEED,Everyday / Streetwear
853504001,Women,Shoes,Sneakers,Sneakers,shoe,White,Summer,2019,Everyday / Streetwear,Tua sneaker,Everyday / Streetwear
622955005,Women,Shoes,Boots,Boots,shoe,Brown,Fall,2019,Everyday / Streetwear,Carolina ankle,Everyday / Streetwear
805009001,Women,Shoes,Flat shoe,Flat shoe,shoe,Black,Winter,2019,Everyday / Streetwear,Dragon Loafer,Everyday / Streetwear
927172004,Women,Shoes,Boots,Boots,shoe,Black,Summer,2019,Everyday / Streetwear,Patsy high chelsea,Everyday / Streetwear
621915004,Women,Shoes,Sandals,Sandals,shoe,Metal,Spring,2019,Everyday / Streetwear,Jupiter Sandal,Everyday / Streetwear
647338001,Men,Shoes,Boots,Boots,shoe,Black,Winter,2019,Everyday / Streetwear,Kobe Chelsea Boot,Everyday / Streetwear
818146001,Women,Shoes,Boots,Boots,shoe,Black,Fall,2019,Everyday / Streetwear,CE- CATOS boot,Everyday / Streetwear
765915003,Women,Shoes,Sneakers,Sneakers,shoe,Red,Summer,2019,Everyday / Streetwear,Missy highlift sneaker,Everyday / Streetwear
658013001,Women,Shoes,Other shoe,Other shoe,shoe,Black,Fall,2019,Everyday / Streetwear,Honey Boo Boo,Everyday / Streetwear
891902006,Women,Shoes,Ballerinas,Ballerinas,shoe,Red,Summer,2019,Everyday / Streetwear,Kitty Ballerina,Everyday / Streetwear
460363017,Women,Shoes,Sneakers,Sneakers,shoe,Black,Summer,2019,Everyday / Streetwear,Sivert sneaker,Everyday / Streetwear
789674005,Women,Shoes,Sneakers,Sneakers,shoe,Brown,Summer,2019,Everyday / Streetwear,Carly fancy sneaker,Everyday / Streetwear
564375001,Men,Shoes,Sneakers,Sneakers,shoe,Black,Winter,2019,Everyday / Streetwear,Willow runner,Everyday / Streetwear
608370003,Women,Shoes,Wedge,Wedge,shoe,Brown,Fall,2019,Everyday / Streetwear,Muriel mule wedge,Everyday / Streetwear
488697007,Men,Shoes,Sneakers,Sneakers,shoe,Red,Fall,2019,Everyday / Streetwear,Nohar.,Everyday / Streetwear
744272002,Women,Shoes,Boots,Boots,shoe,Black,Winter,2019,Everyday / Streetwear,Brenda lace up,Everyday / Streetwear
529321003,Men,Shoes,Sneakers,Sneakers,shoe,Black,Fall,2019,Everyday / Streetwear,Tommen(1),Everyday / Streetwear
634241001,Women,Shoes,Pumps,Pumps,shoe,Black,Fall,2019,Everyday / Streetwear,PE Tamsin Heel Leather,Everyday / Streetwear
607788001,Women,Shoes,Pumps,Pumps,shoe,Black,Summer,2019,Everyday / Streetwear,Gabriella slip-in,Everyday / Streetwear
569355007,Women,Shoes,Sneakers,Sneakers,shoe,Beige,Winter,2019,Everyday / Streetwear,Alma Sneaker,Everyday / Streetwear
650672002,Women,Shoes,Sandals,Sandals,shoe,White,Fall,2019,Everyday / Streetwear,Frankie sandal,Everyday / Streetwear
777441001,Women,Shoes,Boots,Boots,shoe,Black,Winter,2019,Everyday / Streetwear,Carolina chelsea pile boot,Everyday / Streetwear
894534001,Women,Shoes,Pumps,Pumps,shoe,Beige,Summer,2019,Everyday / Streetwear,Ani pump,Everyday / Streetwear
909319001,Women,Shoes,Boots,Boots,shoe,Black,Summer,2019,Everyday / Streetwear,Jelnik high shaft,Everyday / Streetwear
557184001,Women,Shoes,Wedge,Wedge,shoe,White,Summer,2019,Everyday / Streetwear,Milla espadrille,Everyday / Streetwear
698465004,Women,Shoes,Sneakers,Sneakers,shoe,White,Spring,2019,Everyday / Streetwear,Jadyn sneaker speed,Everyday / Streetwear
637254001,Women,Shoes,Flip flop,Flip flop,shoe,Black,Fall,2019,Everyday / Streetwear,Patty fancy flip-flop,Everyday / Streetwear
482733006,Women,Shoes,Ballerinas,Ballerinas,shoe,Metal,Fall,2019,Everyday / Streetwear,EDWIN BALLERINA,Everyday / Streetwear
809525002,Women,Shoes,Boots,Boots,shoe,White,Winter,2019,Everyday / Streetwear,Filippa boot,Everyday / Streetwear
888542001,Men,Shoes,Sneakers,Sneakers,shoe,White,Summer,2019,Everyday / Streetwear,Mondrian Runner,Everyday / Streetwear
594453001,Women,Shoes,Ballerinas,Ballerinas,shoe,Black,Spring,2019,Everyday / Streetwear,OL SELBY PQ Ballerina,Everyday / Streetwear
563113001,Women,Shoes,Sneakers,Sneakers,shoe,Black,Winter,2019,Everyday / Streetwear,Vega fancy sneaker,Everyday / Streetwear
669631001,Men,Shoes,Other shoe,Other shoe,shoe,Grey,Winter,2019,Everyday / Streetwear,BRONN sneaker,Everyday / Streetwear
658495001,Women,Shoes,Boots,Boots,shoe,Black,Fall,2019,Everyday / Streetwear,Carolina Chelsea boot.,Everyday / Streetwear
632523004,Women,Shoes,Boots,Boots,shoe,Black,Fall,2019,Everyday / Streetwear,Manacor,Everyday / Streetwear
852772003,Women,Shoes,Sneakers,Sneakers,shoe,Khaki green,Spring,2019,Everyday / Streetwear,Abi Hightop Sneaker,Everyday / Streetwear
591061002,Women,Shoes,Flat shoe,Flat shoe,shoe,Black,Winter,2019,Everyday / Streetwear,Gibson sandal,Everyday / Streetwear
761204002,Women,Shoes,Slippers,Slippers,shoe,Black,Fall,2019,Loungewear / Home,Slipper BENNY,Loungewear / Home
677993002,Men,Shoes,Sneakers,Sneakers,shoe,Black,Fall,2019,Everyday / Streetwear,Patric court sneaker PQ,Everyday / Streetwear
719553002,Men,Shoes,Other shoe,Other shoe,shoe,Brown,Summer,2019,Everyday / Streetwear,Terry slip-on shoe,Everyday / Streetwear
822345002,Women,Shoes,Boots,Boots,shoe,Black,Winter,2019,Everyday / Streetwear,Evers boot,Everyday / Streetwear
749131002,Men,Shoes,Other shoe,Other shoe,shoe,Beige,Spring,2019,Everyday / Streetwear,STANLEY slip on,Everyday / Streetwear
901327001,Women,Shoes,Boots,Boots,shoe,Beige,Summer,2019,Everyday / Streetwear,Byron boot,Everyday / Streetwear
676640003,Women,Shoes,Boots,Boots,shoe,White,Spring,2019,Everyday / Streetwear,Chicago,Everyday / Streetwear
671334001,Women,Shoes,Slippers,Slippers,shoe,Black,Winter,2019,Everyday / Streetwear,Kling ballerina,Everyday / Streetwear
845086001,Men,Shoes,Sneakers,Sneakers,shoe,Black,Summer,2019,Everyday / Streetwear,Gemini Runner,Everyday / Streetwear
721287001,Women,Shoes,Ballerinas,Ballerinas,shoe,Pink,Spring,2019,Everyday / Streetwear,Valentina ballerina,Everyday / Streetwear
546269004,Women,Shoes,Sneakers,Sneakers,shoe,Black,Fall,2019,Everyday / Streetwear,Jin sneaker,Everyday / Streetwear
469039035,Women,Shoes,Ballerinas,Ballerinas,shoe,Blue,Spring,2019,Everyday / Streetwear,Henrik ballerina,Everyday / Streetwear
897685001,Men,Shoes,Slippers,Slippers,shoe,Black,Summer,2019,Everyday / Streetwear,miller preppy 2,Everyday / Streetwear
606714001,Women,Shoes,Heeled sandals,Heeled sandals,shoe,Red,Fall,2019,Everyday / Streetwear,Arianna sandalette,Everyday / Streetwear
663358003,Men,Shoes,Other shoe,Other shoe,shoe,Black,Winter,2019,Everyday / Streetwear,Drake derby shoe,Everyday / Streetwear
705865001,Women,Shoes,Boots,Boots,shoe,Brown,Winter,2019,Everyday / Streetwear,OL YOUNGER PQ boot (gör CO),Everyday / Streetwear
741308001,Women,Shoes,Other shoe,Other shoe,shoe,Black,Spring,2019,Everyday / Streetwear,Bolivar espadrille,Everyday / Streetwear
719122001,Men,Shoes,Slippers,Slippers,shoe,Beige,Winter,2019,Everyday / Streetwear,Rudolf Reindeer slipper s.8,Everyday / Streetwear
710056008,Women,Shoes,Sandals,Sandals,shoe,Yellow,Spring,2019,Everyday / Streetwear,Kriss kross sandal,Everyday / Streetwear
671809004,Men,Shoes,Sneakers,Sneakers,shoe,Black,Summer,2019,Everyday / Streetwear,Malin court sneaker,Everyday / Streetwear
898889001,Women,Shoes,Boots,Boots,shoe,Black,Summer,2019,Everyday / Streetwear,Ibsen boot,Everyday / Streetwear
735307002,Women,Shoes,Heeled sandals,Heeled sandals,shoe,Black,Spring,2019,Everyday / Streetwear,Colombia sandalette,Everyday / Streetwear
901324001,Women,Shoes,Boots,Boots,shoe,Black,Summer,2019,Everyday / Streetwear,Hemingway boot,Everyday / Streetwear
488697028,Men,Shoes,Sneakers,Sneakers,shoe,Blue,Fall,2019,Everyday / Streetwear,Nohar Sneaker,Everyday / Streetwear
643160003,Men,Shoes,Flip flop,Flip flop,shoe,Lilac Purple,Fall,2019,Everyday / Streetwear,Aberdeen flipflop,Everyday / Streetwear
694618002,Women,Shoes,Heeled sandals,Heeled sandals,shoe,Red,Summer,2019,Everyday / Streetwear,Penny sandalette,Everyday / Streetwear
931235001,Women,Shoes,Sneakers,Sneakers,shoe,Khaki green,Summer,2019,Everyday / Streetwear,Gemma Chunky Sneaker,Everyday / Streetwear
643833003,Women,Shoes,Flip flop,Flip flop,shoe,Pink,Winter,2019,Everyday / Streetwear,Liquorice flipflop,Everyday / Streetwear
859583001,Men,Shoes,Sandals,Sandals,shoe,Black,Spring,2019,Everyday / Streetwear,Alvar Sandal,Everyday / Streetwear
650503007,Women,Shoes,Sneakers,Sneakers,shoe,Pink,Fall,2019,Everyday / Streetwear,Kinen sneaker,Everyday / Streetwear
705860003,Women,Shoes,Boots,Boots,shoe,White,Winter,2019,Everyday / Streetwear,OL GRANITE PQ boot,Everyday / Streetwear
759107001,Men,Shoes,Sneakers,Sneakers,shoe,Black,Spring,2019,Everyday / Streetwear,SL Court sneakers,Everyday / Streetwear
832122003,Women,Shoes,Ballerinas,Ballerinas,shoe,Pink,Summer,2019,Everyday / Streetwear,Ellie slingback,Everyday / Streetwear
854184006,Women,Shoes,Sneakers,Sneakers,shoe,Yellow,Spring,2019,Everyday / Streetwear,Zoe Highlift,Everyday / Streetwear
494088024,Men,Shoes,Sneakers,Sneakers,shoe,Black,Fall,2019,Everyday / Streetwear,Skule sneaker,Everyday / Streetwear
606742003,Women,Shoes,Heeled sandals,Heeled sandals,shoe,Orange,Spring,2019,Everyday / Streetwear,Anja sandalette,Everyday / Streetwear
690545006,Men,Shoes,Boots,Boots,shoe,Brown,Winter,2019,Everyday / Streetwear,Smith chelsea(1),Everyday / Streetwear
888528001,Men,Shoes,Sneakers,Sneakers,shoe,White,Summer,2019,Everyday / Streetwear,Mick Sneaker PQ,Everyday / Streetwear
861409002,Women,Shoes,Heeled sandals,Heeled sandals,shoe,Yellow,Summer,2019,Everyday / Streetwear,Morris sandalette,Everyday / Streetwear
665817004,Women,Shoes,Boots,Boots,shoe,Brown,Fall,2019,Everyday / Streetwear,WINONA PQ Boot,Everyday / Streetwear
495864001,Women,Shoes,Boots,Boots,shoe,Black,Winter,2019,Everyday / Streetwear,Sweetheart boot,Everyday / Streetwear
655493001,Women,Shoes,Sandals,Sandals,shoe,Red,Fall,2019,Everyday / Streetwear,Ana sandal,Everyday / Streetwear
631870011,Men,Shoes,Sneakers,Sneakers,shoe,Blue,Spring,2019,Everyday / Streetwear,Christer sock runner (1),Everyday / Streetwear
578317006,Women,Shoes,Sandals,Sandals,shoe,Pink,Summer,2019,Everyday / Streetwear,OL SABINA PQ sandal,Everyday / Streetwear
581298001,Women,Shoes,Flip flop,Flip flop,shoe,Black,Winter,2019,Everyday / Streetwear,Patty flip-flop,Everyday / Streetwear
856888002,Women,Shoes,Sandals,Sandals,shoe,Metal,Spring,2019,Everyday / Streetwear,Ella sandal,Everyday / Streetwear
736489004,Women,Shoes,Sneakers,Sneakers,shoe,Beige,Winter,2019,Everyday / Streetwear,Zenit highlift sneaker,Everyday / Streetwear
714391001,Women,Shoes,Pumps,Pumps,shoe,Black,Winter,2019,Everyday / Streetwear,Italy pump,Everyday / Streetwear
705870001,Women,Shoes,Boots,Boots,shoe,Black,Winter,2019,Everyday / Streetwear,OL EPPING PQ boot,Everyday / Streetwear
889665002,Women,Shoes,Heeled sandals,Heeled sandals,shoe,Yellow,Spring,2019,Everyday / Streetwear,Rosa mule,Everyday / Streetwear
710500002,Women,Shoes,Heeled sandals,Heeled sandals,shoe,Khaki green,Summer,2019,Everyday / Streetwear,MAY PQ sandalette,Everyday / Streetwear
705799005,Women,Shoes,Pumps,Pumps,shoe,Green,Spring,2019,Everyday / Streetwear,OL WASHINGTON PQ pump (gör CO),Everyday / Streetwear
490829006,Men,Shoes,Sandals,Sandals,shoe,Black,Fall,2019,Everyday / Streetwear,Kurt sandal,Everyday / Streetwear
878456001,Women,Shoes,Wedge,Wedge,shoe,Orange,Summer,2019,Everyday / Streetwear,Barnet espadrille,Everyday / Streetwear
632560001,Women,Shoes,Other shoe,Other shoe,shoe,Black,Spring,2019,Everyday / Streetwear,OL IRVING PQ Loafer,Everyday / Streetwear
581359005,Women,Shoes,Ballerinas,Ballerinas,shoe,Lilac Purple,Fall,2019,Everyday / Streetwear,Jedd mary jane ballerina,Everyday / Streetwear
647338008,Men,Shoes,Boots,Boots,shoe,Red,Fall,2019,Everyday / Streetwear,Kobe Chelsea Boot,Everyday / Streetwear
580853001,Women,Shoes,Pumps,Pumps,shoe,Pink,Summer,2019,Everyday / Streetwear,OL MICHELLE PQ pump,Everyday / Streetwear
634704002,Women,Shoes,Sandals,Sandals,shoe,Black,Fall,2019,Everyday / Streetwear,Davina slider,Everyday / Streetwear
349301030,Women,Shoes,Ballerinas,Ballerinas,shoe,Yellow,Summer,2019,Everyday / Streetwear,GLASSIG ESPADRILLE,Everyday / Streetwear
650503005,Women,Shoes,Sneakers,Sneakers,shoe,Black,Fall,2019,Everyday / Streetwear,Kinen sneaker,Everyday / Streetwear
789690001,Women,Shoes,Boots,Boots,shoe,Black,Winter,2019,Everyday / Streetwear,Maira boot,Everyday / Streetwear
606710004,Women,Shoes,Wedge,Wedge,shoe,Beige,Spring,2019,Everyday / Streetwear,Ashley espadrille,Everyday / Streetwear
494088014,Men,Shoes,Sneakers,Sneakers,shoe,Brown,Fall,2019,Everyday / Streetwear,Skule sneaker,Everyday / Streetwear
735379001,Men,Shoes,Other shoe,Other shoe,shoe,Blue,Spring,2019,Everyday / Streetwear,Dock deck shoe,Everyday / Streetwear
539499001,Women,Shoes,Boots,Boots,shoe,Black,Fall,2019,Everyday / Streetwear,Carolina Ankel Padding boot,Everyday / Streetwear
546256001,Women,Shoes,Boots,Boots,shoe,Grey,Fall,2019,Everyday / Streetwear,Stella sneaker boot,Everyday / Streetwear
653234002,Women,Shoes,Ballerinas,Ballerinas,shoe,Red,Spring,2019,Everyday / Streetwear,OL Marshall ballerina,Everyday / Streetwear
783309001,Women,Shoes,Boots,Boots,shoe,Black,Winter,2019,Everyday / Streetwear,Carola boot,Everyday / Streetwear
622963008,Women,Shoes,Boots,Boots,shoe,Black,Winter,2019,Everyday / Streetwear,Hansel Boot,Everyday / Streetwear
803373004,Men,Shoes,Sneakers,Sneakers,shoe,White,Winter,2019,Everyday / Streetwear,Curtis MidCut Sneaker,Everyday / Streetwear
654521003,Women,Shoes,Boots,Boots,shoe,Brown,Fall,2019,Everyday / Streetwear,Jupiter boot,Everyday / Streetwear
738834001,Women,Shoes,Heeled sandals,Heeled sandals,shoe,Metal,Spring,2019,Everyday / Streetwear,Monica fancy,Everyday / Streetwear
891102002,Women,Shoes,Sneakers,Sneakers,shoe,Lilac Purple,Summer,2019,Everyday / Streetwear,Albin Low Sneaker,Everyday / Streetwear
831644001,Women,Shoes,Heeled sandals,Heeled sandals,shoe,White,Spring,2019,Everyday / Streetwear,Joa sandalette,Everyday / Streetwear
743117001,Women,Shoes,Slippers,Slippers,shoe,White,Spring,2019,Loungewear / Home,Bridal Slipper,Loungewear / Home
869095001,Women,Shoes,Heeled sandals,Heeled sandals,shoe,Blue,Summer,2019,Everyday / Streetwear,Miami PQ sandalette,Everyday / Streetwear
682511002,Women,Shoes,Boots,Boots,shoe,Brown,Winter,2019,Everyday / Streetwear,Lexington,Everyday / Streetwear
469039019,Women,Shoes,Ballerinas,Ballerinas,shoe,Black,Summer,2019,Everyday / Streetwear,Henrik ballerina,Everyday / Streetwear
889664001,Women,Shoes,Heeled sandals,Heeled sandals,shoe,Brown,Summer,2019,Everyday / Streetwear,Elli thong sandalette,Everyday / Streetwear
701561002,Women,Shoes,Boots,Boots,shoe,Mole,Winter,2019,Everyday / Streetwear,Bobby cut out boot,Everyday / Streetwear
777076002,Men,Shoes,Boots,Boots,shoe,Brown,Winter,2019,Everyday / Streetwear,Rufus lace up boot,Everyday / Streetwear
723872005,Women,Shoes,Heeled sandals,Heeled sandals,shoe,Red,Summer,2019,Everyday / Streetwear,Twist sandalette,Everyday / Streetwear
892329001,Men,Shoes,Sneakers,Sneakers,shoe,White,Summer,2019,Everyday / Streetwear,Jenjen Sneaker,Everyday / Streetwear
656121009,Men,Shoes,Other shoe,Other shoe,shoe,Blue,Fall,2019,Everyday / Streetwear,Akoni Shoe,Everyday / Streetwear
707181001,Women,Shoes,Other shoe,Other shoe,shoe,Black,Summer,2019,Everyday / Streetwear,OL KUMAR PQ semi-boot,Everyday / Streetwear
765665001,Women,Shoes,Heeled sandals,Heeled sandals,shoe,Brown,Summer,2019,Everyday / Streetwear,Anna-Belle sandalette,Everyday / Streetwear
689134001,Women,Shoes,Ballerinas,Ballerinas,shoe,Black,Summer,2019,Everyday / Streetwear,ivanka,Everyday / Streetwear
761217002,Women,Shoes,Slippers,Slippers,shoe,Black,Fall,2019,Loungewear / Home,Slipper Cozy Slip On,Loungewear / Home
632596001,Women,Shoes,Sandals,Sandals,shoe,Red,Fall,2019,Everyday / Streetwear,OL VIVI Espadrille sandal,Everyday / Streetwear
905438002,Women,Shoes,Boots,Boots,shoe,Black,Summer,2019,Everyday / Streetwear,Kandice Boot,Everyday / Streetwear
643160016,Men,Shoes,Flip flop,Flip flop,shoe,Turquoise,Winter,2019,Everyday / Streetwear,Aberdeen flipflop,Everyday / Streetwear
733765001,Women,Shoes,Sneakers,Sneakers,shoe,Black,Summer,2019,Everyday / Streetwear,OL  BEXLEY sneaker,Everyday / Streetwear
889672001,Women,Shoes,Wedge,Wedge,shoe,Pink,Summer,2019,Everyday / Streetwear,Bita wedge,Everyday / Streetwear
766156008,Women,Shoes,Sneakers,Sneakers,shoe,White,Spring,2019,Everyday / Streetwear,Yama sneaker,Everyday / Streetwear
712055001,Men,Shoes,Sneakers,Sneakers,shoe,White,Spring,2019,Everyday / Streetwear,Bold Sneaker PQ,Everyday / Streetwear
713996002,Women,Shoes,Boots,Boots,shoe,Beige,Winter,2019,Everyday / Streetwear,Sweetheart,Everyday / Streetwear
704630008,Women,Shoes,Sneakers,Sneakers,shoe,Black,Fall,2019,Everyday / Streetwear,Malva sneaker(1),Everyday / Streetwear
546251001,Women,Shoes,Boots,Boots,shoe,Black,Fall,2019,Everyday / Streetwear,Amber biker boot,Everyday / Streetwear
573665003,Women,Shoes,Heeled sandals,Heeled sandals,shoe,Beige,Fall,2019,Everyday / Streetwear,Rider mule,Everyday / Streetwear
712048001,Men,Shoes,Sneakers,Sneakers,shoe,Brown,Winter,2019,Everyday / Streetwear,Delta Court Sneaker,Everyday / Streetwear
620746001,Women,Shoes,Sandals,Sandals,shoe,Black,Winter,2019,Everyday / Streetwear,OL JOJO Espadrille,Everyday / Streetwear
674024001,Women,Shoes,Boots,Boots,shoe,Black,Fall,2019,Everyday / Streetwear,OL KLEIBER PQ Boot,Everyday / Streetwear
580853002,Women,Shoes,Pumps,Pumps,shoe,Beige,Summer,2019,Everyday / Streetwear,OL MICHELLE PQ pump,Everyday / Streetwear
766099001,Men,Shoes,Sneakers,Sneakers,shoe,Black,Winter,2019,Everyday / Streetwear,Patric Court Sneaker Canvas,Everyday / Streetwear
704593003,Women,Shoes,Flat shoe,Flat shoe,shoe,Yellow,Winter,2019,Everyday / Streetwear,Drake loafer,Everyday / Streetwear
562306002,Women,Shoes,Sneakers,Sneakers,shoe,Black,Winter,2019,Everyday / Streetwear,Kattis fur WL,Everyday / Streetwear
712411003,Women,Shoes,Other shoe,Other shoe,shoe,Brown,Winter,2019,Everyday / Streetwear,Jim semi boot,Everyday / Streetwear
522045004,Women,Shoes,Sneakers,Sneakers,shoe,White,Spring,2019,Everyday / Streetwear,Maiken Fur sneaker,Everyday / Streetwear
765915002,Women,Shoes,Sneakers,Sneakers,shoe,Black,Summer,2019,Everyday / Streetwear,Missy highlift sneaker,Everyday / Streetwear
705860001,Women,Shoes,Boots,Boots,shoe,Black,Fall,2019,Everyday / Streetwear,OL GRANITE PQ boot,Everyday / Streetwear
648348001,Men,Shoes,Other shoe,Other shoe,shoe,Black,Fall,2019,Everyday / Streetwear,JACOB high top sneaker,Everyday / Streetwear
782415001,Women,Shoes,Flat shoe,Flat shoe,shoe,Black,Fall,2019,Everyday / Streetwear,Merrill PQ men shoe,Everyday / Streetwear
759160002,Women,Shoes,Flat shoe,Flat shoe,shoe,Beige,Summer,2019,Everyday / Streetwear,Glassig espadrill,Everyday / Streetwear
748595002,Women,Shoes,Boots,Boots,shoe,Orange,Winter,2019,Everyday / Streetwear,Brie boot,Everyday / Streetwear
727063001,Women,Shoes,Sneakers,Sneakers,shoe,White,Summer,2019,Everyday / Streetwear,Karin sock sneaker,Everyday / Streetwear
654983001,Women,Shoes,Sandals,Sandals,shoe,Lilac Purple,Fall,2019,Everyday / Streetwear,OL ERIN slip-in,Everyday / Streetwear
806773001,Women,Shoes,Boots,Boots,shoe,Black,Spring,2019,Everyday / Streetwear,Ling Platform,Everyday / Streetwear
659146002,Men,Shoes,Sneakers,Sneakers,shoe,Blue,Winter,2019,Everyday / Streetwear,Tyko fancy,Everyday / Streetwear
663368001,Women,Shoes,Flat shoe,Flat shoe,shoe,Black,Fall,2019,Everyday / Streetwear,Elton loafer,Everyday / Streetwear
752857002,Women,Shoes,Boots,Boots,shoe,Red,Fall,2019,Everyday / Streetwear,Patsy Platform,Everyday / Streetwear
752737001,Women,Shoes,Sandals,Sandals,shoe,Black,Summer,2019,Everyday / Streetwear,Coolio sandal,Everyday / Streetwear
689134002,Women,Shoes,Ballerinas,Ballerinas,shoe,Brown,Spring,2019,Everyday / Streetwear,Ivanka ballerina,Everyday / Streetwear
580859001,Women,Shoes,Other shoe,Other shoe,shoe,Blue,Fall,2019,Everyday / Streetwear,OL BARACK PQ Semi-Boot,Everyday / Streetwear
853504002,Women,Shoes,Sneakers,Sneakers,shoe,Metal,Summer,2019,Everyday / Streetwear,Tua sneaker,Everyday / Streetwear
580857001,Women,Shoes,Pumps,Pumps,shoe,Mole,Fall,2019,Everyday / Streetwear,OL WEST PQ pump,Everyday / Streetwear
783626001,Women,Shoes,Boots,Boots,shoe,Black,Winter,2019,Everyday / Streetwear,Kramer boot,Everyday / Streetwear
853594001,Women,Shoes,Sandals,Sandals,shoe,Beige,Winter,2019,Everyday / Streetwear,Sigrid sandal,Everyday / Streetwear
674100001,Women,Shoes,Boots,Boots,shoe,Black,Winter,2019,Everyday / Streetwear,OL SWAN PQ Boot,Everyday / Streetwear
710436001,Women,Shoes,Wedge,Wedge,shoe,Black,Summer,2019,Everyday / Streetwear,JANUARY PQ wedge,Everyday / Streetwear
680722001,Women,Shoes,Boots,Boots,shoe,Black,Winter,2019,Everyday / Streetwear,Austin highshaft,Everyday / Streetwear
599742004,Women,Shoes,Heeled sandals,Heeled sandals,shoe,Beige,Fall,2019,Everyday / Streetwear,OL CALYPSO Sandalette,Everyday / Streetwear
593808004,Women,Shoes,Wedge,Wedge,shoe,Black,Fall,2019,Everyday / Streetwear,Marita espadrille,Everyday / Streetwear
674065003,Women,Shoes,Boots,Boots,shoe,Black,Fall,2019,Everyday / Streetwear,SELIA PQ Boot,Everyday / Streetwear
814650001,Women,Shoes,Boots,Boots,shoe,Beige,Fall,2019,Everyday / Streetwear,Ada fancy PQ boot,Everyday / Streetwear
478022001,Women,Shoes,Sandals,Sandals,shoe,Black,Fall,2019,Everyday / Streetwear,MARTIN HIGHLIFT,Everyday / Streetwear
695341006,Men,Shoes,Other shoe,Other shoe,shoe,Black,Spring,2019,Everyday / Streetwear,Preston carshoe,Everyday / Streetwear
655112004,Men,Shoes,Sneakers,Sneakers,shoe,White,Spring,2019,Everyday / Streetwear,Trinity runner PQ,Everyday / Streetwear
782059001,Women,Shoes,Flat shoe,Flat shoe,shoe,Black,Fall,2019,Everyday / Streetwear,Geri PQ loafer,Everyday / Streetwear
581408001,Women,Shoes,Ballerinas,Ballerinas,shoe,Black,Fall,2019,Everyday / Streetwear,Humble fancy ballerina,Everyday / Streetwear
545258019,Women,Shoes,Pumps,Pumps,shoe,White,Spring,2019,Everyday / Streetwear,OL DONALD pump,Everyday / Streetwear
669278001,Men,Shoes,Boots,Boots,shoe,Brown,Winter,2019,Everyday / Streetwear,Tristan chelsea boot PQ,Everyday / Streetwear
558901001,Women,Shoes,Boots,Boots,shoe,Black,Fall,2019,Everyday / Streetwear,OL MARGOT PQ,Everyday / Streetwear
709109001,Men,Shoes,Other shoe,Other shoe,shoe,Brown,Winter,2019,Everyday / Streetwear,Liam derby shoe PQ,Everyday / Streetwear
599708001,Women,Shoes,Slippers,Slippers,shoe,White,Fall,2019,Everyday / Streetwear,OL NICOLAS PQ Slip-in,Everyday / Streetwear
640989003,Women,Shoes,Sandals,Sandals,shoe,Beige,Fall,2019,Everyday / Streetwear,OL ENZO PQ Sandal,Everyday / Streetwear
556763001,Women,Shoes,Wedge,Wedge,shoe,White,Fall,2019,Everyday / Streetwear,Sunny espadrille,Everyday / Streetwear
808690001,Women,Shoes,Heeled sandals,Heeled sandals,shoe,Beige,Summer,2019,Everyday / Streetwear,Tamsin sandalette,Everyday / Streetwear
601780001,Men,Shoes,Sandals,Sandals,shoe,Black,Summer,2019,Everyday / Streetwear,Algot strap sandal,Everyday / Streetwear
740360002,Women,Shoes,Sandals,Sandals,shoe,White,Spring,2019,Everyday / Streetwear,Luis sandal,Everyday / Streetwear
622963013,Women,Shoes,Boots,Boots,shoe,Black,Fall,2019,Everyday / Streetwear,Hansel Boot,Everyday / Streetwear
747563005,Women,Shoes,Wedge,Wedge,shoe,Black,Summer,2019,Everyday / Streetwear,Hedda Espadrille Wedge,Everyday / Streetwear
631878004,Women,Shoes,Sandals,Sandals,shoe,Red,Fall,2019,Everyday / Streetwear,Mara sandal,Everyday / Streetwear
629897001,Women,Shoes,Wedge,Wedge,shoe,Beige,Spring,2019,Everyday / Streetwear,OL BUTLER Wedge,Everyday / Streetwear
661084007,Men,Shoes,Sneakers,Sneakers,shoe,Brown,Fall,2019,Everyday / Streetwear,Ron high top,Everyday / Streetwear
825569001,Men,Shoes,Boots,Boots,shoe,Brown,Spring,2019,Everyday / Streetwear,Irvin Lace up  Boot,Everyday / Streetwear
881882001,Women,Shoes,Sandals,Sandals,shoe,Metal,Summer,2019,Everyday / Streetwear,Bombata Strappy Sandal,Everyday / Streetwear
723912001,Women,Shoes,Pumps,Pumps,shoe,Black,Summer,2019,Everyday / Streetwear,Mindy peep toe pump,Everyday / Streetwear
601769009,Men,Shoes,Sneakers,Sneakers,shoe,Mole,Spring,2019,Everyday / Streetwear,Cirrus knit court sneaker,Everyday / Streetwear
577665001,Women,Shoes,Boots,Boots,shoe,Black,Fall,2019,Everyday / Streetwear,Harper highshaft,Everyday / Streetwear
570309005,Women,Shoes,Sandals,Sandals,shoe,Pink,Fall,2019,Everyday / Streetwear,Davina slider,Everyday / Streetwear
704630004,Women,Shoes,Sneakers,Sneakers,shoe,Black,Summer,2019,Everyday / Streetwear,Malva sneaker(1),Everyday / Streetwear
727880020,Women,Shoes,Sneakers,Sneakers,shoe,Red,Summer,2019,Everyday / Streetwear,Mimmi new,Everyday / Streetwear
581153009,Women,Shoes,Flat shoe,Flat shoe,shoe,White,Summer,2019,Everyday / Streetwear,Maggi espadrille,Everyday / Streetwear
856654002,Men,Shoes,Other shoe,Other shoe,shoe,Brown,Spring,2019,Everyday / Streetwear,Prince Mule,Everyday / Streetwear
599716001,Women,Shoes,Sneakers,Sneakers,shoe,White,Fall,2019,Everyday / Streetwear,OL SOUTH PQ sneaker,Everyday / Streetwear
669863001,Men,Shoes,Sneakers,Sneakers,shoe,Black,Fall,2019,Everyday / Streetwear,Ray mid runner,Everyday / Streetwear
453828001,Women,Shoes,Boots,Boots,shoe,Black,Fall,2019,Everyday / Streetwear,BOBBY CUTOUT,Everyday / Streetwear
741317002,Men,Shoes,Sneakers,Sneakers,shoe,Black,Winter,2019,Everyday / Streetwear,Gamma sock runner,Everyday / Streetwear
673309001,Women,Shoes,Boots,Boots,shoe,Black,Fall,2019,Everyday / Streetwear,Hansel PQM,Everyday / Streetwear
667909002,Women,Shoes,Boots,Boots,shoe,Black,Fall,2019,Everyday / Streetwear,kitty boot,Everyday / Streetwear
747560001,Women,Shoes,Heels,Heels,shoe,Black,Summer,2019,Everyday / Streetwear,Mona Heel,Everyday / Streetwear
637539002,Women,Shoes,Flat shoe,Flat shoe,shoe,White,Fall,2019,Everyday / Streetwear,Emy loafer,Everyday / Streetwear
808631002,Women,Shoes,Sandals,Sandals,shoe,White,Spring,2019,Everyday / Streetwear,Bolivar bow,Everyday / Streetwear
704630003,Women,Shoes,Sneakers,Sneakers,shoe,White,Fall,2019,Everyday / Streetwear,Malva sneaker(1),Everyday / Streetwear
545258003,Women,Shoes,Pumps,Pumps,shoe,Black,Fall,2019,Everyday / Streetwear,OL DONALD pump,Everyday / Streetwear
826154002,Women,Shoes,Sneakers,Sneakers,shoe,Beige,Summer,2019,Everyday / Streetwear,Enzo Highlift,Everyday / Streetwear
710055005,Women,Shoes,Sandals,Sandals,shoe,Yellow,Spring,2019,Everyday / Streetwear,Ellie slip in,Everyday / Streetwear
666739002,Women,Shoes,Slippers,Slippers,shoe,Black,Winter,2019,Loungewear / Home,Fun Slipper,Loungewear / Home
859583002,Men,Shoes,Sandals,Sandals,shoe,Brown,Spring,2019,Everyday / Streetwear,Alvar Sandal,Everyday / Streetwear
761217001,Women,Shoes,Slippers,Slippers,shoe,Pink,Fall,2019,Loungewear / Home,Slipper Cozy Slip On,Loungewear / Home
556677001,Women,Shoes,Wedge,Wedge,shoe,Black,Fall,2019,Everyday / Streetwear,Bartolomeo espadrille,Everyday / Streetwear
906842002,Women,Shoes,Boots,Boots,shoe,Black,Summer,2019,Everyday / Streetwear,BARBS HEELED BOOT,Everyday / Streetwear
632651003,Women,Shoes,Sandals,Sandals,shoe,White,Winter,2019,Everyday / Streetwear,OL SIMMONS PQ Sandal,Everyday / Streetwear
599742009,Women,Shoes,Heeled sandals,Heeled sandals,shoe,White,Spring,2019,Everyday / Streetwear,OL CALYPSO Sandalette,Everyday / Streetwear
803594001,Women,Shoes,Slippers,Slippers,shoe,Pink,Spring,2019,Everyday / Streetwear,Klint slipper,Everyday / Streetwear
766093002,Men,Shoes,Sneakers,Sneakers,shoe,White,Summer,2019,Everyday / Streetwear,Rhino Sneaker,Everyday / Streetwear
578311015,Women,Shoes,Ballerinas,Ballerinas,shoe,Beige,Summer,2019,Everyday / Streetwear,KATE PQ ballerina,Everyday / Streetwear
614734003,Women,Shoes,Pumps,Pumps,shoe,Brown,Fall,2019,Everyday / Streetwear,OL TRUMP pump,Everyday / Streetwear
633813004,Women,Shoes,Sneakers,Sneakers,shoe,Blue,Summer,2019,Everyday / Streetwear,Enrique sneaker,Everyday / Streetwear
644522002,Women,Shoes,Other shoe,Other shoe,shoe,Pink,Winter,2019,Everyday / Streetwear,Chane,Everyday / Streetwear
632451001,Women,Shoes,Sandals,Sandals,shoe,Black,Fall,2019,Everyday / Streetwear,Rasmus Sandal,Everyday / Streetwear
710085003,Women,Shoes,Sneakers,Sneakers,shoe,Beige,Spring,2019,Everyday / Streetwear,SPEED HEEL P3 Paloma,Everyday / Streetwear
866097004,Women,Shoes,Sandals,Sandals,shoe,Black,Summer,2019,Everyday / Streetwear,Vivvi Sandal,Everyday / Streetwear
779649003,Women,Shoes,Boots,Boots,shoe,Brown,Fall,2019,Everyday / Streetwear,Reese boot,Everyday / Streetwear
727880002,Women,Shoes,Sneakers,Sneakers,shoe,Beige,Winter,2019,Everyday / Streetwear,Mimmi new,Everyday / Streetwear
853594002,Women,Shoes,Sandals,Sandals,shoe,Brown,Winter,2019,Everyday / Streetwear,Sigrid sandal,Everyday / Streetwear
705879001,Women,Shoes,Boots,Boots,shoe,Black,Fall,2019,Everyday / Streetwear,OL FLINT PQ boot,Everyday / Streetwear
563907001,Women,Shoes,Sneakers,Sneakers,shoe,White,Fall,2019,Everyday / Streetwear,Ossian,Everyday / Streetwear
754005001,Women,Shoes,Sneakers,Sneakers,shoe,Black,Spring,2019,Everyday / Streetwear,Missy sneaker,Everyday / Streetwear
482638018,Women,Shoes,Sandals,Sandals,shoe,Pink,Fall,2019,Everyday / Streetwear,DAISY SANDAL,Everyday / Streetwear
683773001,Women,Shoes,Sneakers,Sneakers,shoe,Black,Fall,2019,Everyday / Streetwear,Lolo sneakerboot,Everyday / Streetwear
601769005,Men,Shoes,Sneakers,Sneakers,shoe,White,Winter,2019,Everyday / Streetwear,Cirrus knit court sneaker,Everyday / Streetwear
802871001,Women,Shoes,Boots,Boots,shoe,Black,Winter,2019,Everyday / Streetwear,Darling Flat boot,Everyday / Streetwear
808685005,Women,Shoes,Heeled sandals,Heeled sandals,shoe,Metal,Summer,2019,Everyday / Streetwear,Kat sandalette,Everyday / Streetwear
701030001,Women,Shoes,Sneakers,Sneakers,shoe,White,Winter,2019,Everyday / Streetwear,Sesam zip,Everyday / Streetwear
545258008,Women,Shoes,Pumps,Pumps,shoe,Black,Fall,2019,Everyday / Streetwear,OL DONALD pump,Everyday / Streetwear
632516002,Women,Shoes,Boots,Boots,shoe,Brown,Winter,2019,Everyday / Streetwear,Carino,Everyday / Streetwear
518980005,Men,Shoes,Boots,Boots,shoe,Brown,Fall,2019,Everyday / Streetwear,Jutha boot,Everyday / Streetwear
740896001,Women,Shoes,Sneakers,Sneakers,shoe,Black,Spring,2019,Everyday / Streetwear,Embla flat boot,Everyday / Streetwear
734171001,Women,Shoes,Other shoe,Other shoe,shoe,Black,Spring,2019,Everyday / Streetwear,OL MUDIT PQ Mule,Everyday / Streetwear
909320001,Women,Shoes,Boots,Boots,shoe,Mole,Summer,2019,Everyday / Streetwear,Key chelsea boot,Everyday / Streetwear
653499001,Women,Shoes,Ballerinas,Ballerinas,shoe,Black,Fall,2019,Everyday / Streetwear,Pattersson ballerina,Everyday / Streetwear
478943003,Women,Shoes,Boots,Boots,shoe,Red,Fall,2019,Everyday / Streetwear,Hansel Chelsea,Everyday / Streetwear
723877001,Women,Shoes,Pumps,Pumps,shoe,Black,Fall,2019,Everyday / Streetwear,Luc pump,Everyday / Streetwear
869095002,Women,Shoes,Heeled sandals,Heeled sandals,shoe,Beige,Spring,2019,Everyday / Streetwear,Miami PQ sandalette,Everyday / Streetwear
557051001,Women,Shoes,Pumps,Pumps,shoe,Beige,Fall,2019,Everyday / Streetwear,Sadie open pump,Everyday / Streetwear
643833005,Women,Shoes,Flip flop,Flip flop,shoe,Yellow,Fall,2019,Everyday / Streetwear,Liquorice flipflop,Everyday / Streetwear
834333001,Men,Shoes,Flat shoes,Flat shoes,shoe,Black,Winter,2019,Everyday / Streetwear,Vito Derby Shoe,Everyday / Streetwear
709177001,Women,Shoes,Boots,Boots,shoe,Black,Fall,2019,Everyday / Streetwear,Tacoma boot,Everyday / Streetwear
592668002,Women,Shoes,Boots,Boots,shoe,Beige,Fall,2019,Everyday / Streetwear,OL LOONEY PQ,Everyday / Streetwear
783647001,Women,Shoes,Boots,Boots,shoe,Black,Summer,2019,Everyday / Streetwear,Zena boot,Everyday / Streetwear
569355008,Women,Shoes,Sneakers,Sneakers,shoe,Red,Fall,2019,Everyday / Streetwear,Alma Sneaker,Everyday / Streetwear
758472003,Women,Shoes,Flat shoe,Flat shoe,shoe,Brown,Summer,2019,Everyday / Streetwear,Theresa loafer,Everyday / Streetwear
805308001,Women,Shoes,Sandals,Sandals,shoe,Black,Summer,2019,Everyday / Streetwear,Glossy Sandal,Everyday / Streetwear
655287006,Women,Shoes,Sneakers,Sneakers,shoe,Black,Winter,2019,Everyday / Streetwear,Sesam sneaker,Everyday / Streetwear
593399003,Women,Shoes,Boots,Boots,shoe,Black,Fall,2019,Everyday / Streetwear,PANAREA,Everyday / Streetwear
686031002,Women,Shoes,Sandals,Sandals,shoe,Pink,Summer,2019,Everyday / Streetwear,Martin Highlift(1),Everyday / Streetwear
619499002,Women,Shoes,Sneakers,Sneakers,shoe,Pink,Winter,2019,Everyday / Streetwear,Tilde basic sneaker,Everyday / Streetwear
898890004,Women,Shoes,Boots,Boots,shoe,Black,Summer,2019,Everyday / Streetwear,Rilke boot,Everyday / Streetwear
556655004,Women,Shoes,Heeled sandals,Heeled sandals,shoe,Orange,Fall,2019,Everyday / Streetwear,Pauline sandalette,Everyday / Streetwear
714793001,Women,Shoes,Slippers,Slippers,shoe,Blue,Summer,2019,Loungewear / Home,Janet Slipper,Loungewear / Home
710307001,Women,Shoes,Sandals,Sandals,shoe,Black,Summer,2019,Everyday / Streetwear,OL CLEMENT PQ sandal,Everyday / Streetwear
581298005,Women,Shoes,Flip flop,Flip flop,shoe,Black,Summer,2019,Everyday / Streetwear,Patty flip-flop,Everyday / Streetwear
808021007,Women,Shoes,Pumps,Pumps,shoe,Beige,Summer,2019,Everyday / Streetwear,Emi pump(1),Everyday / Streetwear
808624001,Women,Shoes,Flip flop,Flip flop,shoe,Black,Spring,2019,Everyday / Streetwear,Selda thong sandal,Everyday / Streetwear
806731001,Women,Shoes,Sneakers,Sneakers,shoe,White,Spring,2019,Everyday / Streetwear,Citra Sneaker,Everyday / Streetwear
488697013,Men,Shoes,Sneakers,Sneakers,shoe,Blue,Summer,2019,Everyday / Streetwear,Nohar Sneaker,Everyday / Streetwear
733656002,Women,Shoes,Sandals,Sandals,shoe,Black,Spring,2019,Everyday / Streetwear,GURAM PQ sandal,Everyday / Streetwear
875328002,Men,Shoes,Slippers,Slippers,shoe,Blue,Spring,2019,Everyday / Streetwear,Miller Solid Slider,Everyday / Streetwear
653234001,Women,Shoes,Ballerinas,Ballerinas,shoe,Black,Spring,2019,Everyday / Streetwear,OL Marshall ballerina,Everyday / Streetwear
789676001,Women,Shoes,Heeled sandals,Heeled sandals,shoe,Black,Summer,2019,Everyday / Streetwear,Allers sandalette,Everyday / Streetwear
553932003,Men,Shoes,Flip flop,Flip flop,shoe,Brown,Fall,2019,Everyday / Streetwear,Ritz flip flop OL,Everyday / Streetwear
623248005,Men,Shoes,Sandals,Sandals,shoe,Blue,Spring,2019,Everyday / Streetwear,Blank espadrill,Everyday / Streetwear
349301029,Women,Shoes,Ballerinas,Ballerinas,shoe,Pink,Summer,2019,Everyday / Streetwear,GLASSIG ESPADRILLE,Everyday / Streetwear
854305002,Women,Shoes,Wedge,Wedge,shoe,Black,Spring,2019,Everyday / Streetwear,Britt PQ wedge,Everyday / Streetwear
349301014,Women,Shoes,Ballerinas,Ballerinas,shoe,Pink,Fall,2019,Everyday / Streetwear,GLASSIG ESPADRILLE,Everyday / Streetwear
861547001,Women,Shoes,Ballerinas,Ballerinas,shoe,Khaki green,Spring,2019,Everyday / Streetwear,Lenora PQ ballerina,Everyday / Streetwear
781787001,Women,Shoes,Sneakers,Sneakers,shoe,White,Fall,2019,Everyday / Streetwear,Sarek sneaker,Everyday / Streetwear
653499003,Women,Shoes,Ballerinas,Ballerinas,shoe,Yellow,Fall,2019,Everyday / Streetwear,Pattersson ballerina,Everyday / Streetwear
558806001,Men,Shoes,Sneakers,Sneakers,shoe,Black,Winter,2019,Everyday / Streetwear,Kelvin,Everyday / Streetwear
890197002,Women,Shoes,Sandals,Sandals,shoe,Metal,Summer,2019,Everyday / Streetwear,Twiggy Slide Sandal,Everyday / Streetwear
568251001,Women,Shoes,Boots,Boots,shoe,Black,Spring,2019,Everyday / Streetwear,OL IGGY PQ,Everyday / Streetwear
411499001,Men,Shoes,Other shoe,Other shoe,shoe,Black,Winter,2019,Everyday / Streetwear,Emil Derby Shoe,Everyday / Streetwear
471566003,Women,Shoes,Sneakers,Sneakers,shoe,Black,Fall,2019,Everyday / Streetwear,OL STAFFAN PQ loafer,Everyday / Streetwear
674292002,Women,Shoes,Flat shoe,Flat shoe,shoe,Beige,Summer,2019,Everyday / Streetwear,Curtis menshoe,Everyday / Streetwear
658495003,Women,Shoes,Boots,Boots,shoe,Beige,Winter,2019,Everyday / Streetwear,Carolina Chelsea boot.,Everyday / Streetwear
537076004,Women,Shoes,Boots,Boots,shoe,Blue,Winter,2019,Everyday / Streetwear,OL RORY PQ,Everyday / Streetwear
581363016,Women,Shoes,Ballerinas,Ballerinas,shoe,Orange,Summer,2019,Everyday / Streetwear,Scallop ballerina,Everyday / Streetwear
662310002,Men,Shoes,Sneakers,Sneakers,shoe,Black,Summer,2019,Everyday / Streetwear,Johnson chunky runner,Everyday / Streetwear
799998001,Women,Shoes,Boots,Boots,shoe,Black,Winter,2019,Everyday / Streetwear,Heather lace up(1),Everyday / Streetwear
909179002,Women,Shoes,Boots,Boots,shoe,Grey,Summer,2019,Everyday / Streetwear,Cervantes boot,Everyday / Streetwear
601720003,Men,Shoes,Sneakers,Sneakers,shoe,White,Winter,2019,Everyday / Streetwear,Edge high top sneaker,Everyday / Streetwear
808699003,Women,Shoes,Wedge,Wedge,shoe,Yellow,Summer,2019,Everyday / Streetwear,Megan wedge,Everyday / Streetwear
808699001,Women,Shoes,Wedge,Wedge,shoe,Beige,Summer,2019,Everyday / Streetwear,Megan wedge,Everyday / Streetwear
805922002,Women,Shoes,Boots,Boots,shoe,Black,Fall,2019,Everyday / Streetwear,Stellar boot,Everyday / Streetwear
808467003,Women,Shoes,Other shoe,Other shoe,shoe,Beige,Spring,2019,Everyday / Streetwear,Uma semi-boot,Everyday / Streetwear
820120001,Women,Shoes,Slippers,Slippers,shoe,Black,Winter,2019,Everyday / Streetwear,Angela slip-in,Everyday / Streetwear
890165001,Women,Shoes,Flip flop,Flip flop,shoe,Black,Summer,2019,Everyday / Streetwear,Patty Flatform Flip Flop,Everyday / Streetwear
622963003,Women,Shoes,Boots,Boots,shoe,Black,Fall,2019,Everyday / Streetwear,Hansel Boot,Everyday / Streetwear
723872004,Women,Shoes,Heeled sandals,Heeled sandals,shoe,Blue,Summer,2019,Everyday / Streetwear,Twist sandalette,Everyday / Streetwear
783018002,Women,Shoes,Pumps,Pumps,shoe,Brown,Summer,2019,Everyday / Streetwear,Saskia sling-back pump,Everyday / Streetwear
892256002,Women,Shoes,Sandals,Sandals,shoe,Brown,Summer,2019,Everyday / Streetwear,Pallin PQ Strappy Sandal,Everyday / Streetwear
782527001,Women,Shoes,Heels,Heels,shoe,Black,Spring,2019,Everyday / Streetwear,Jane Platform,Everyday / Streetwear
645930001,Women,Shoes,Boots,Boots,shoe,Black,Fall,2019,Everyday / Streetwear,Cala WL,Everyday / Streetwear
672357001,Women,Shoes,Boots,Boots,shoe,Black,Fall,2019,Everyday / Streetwear,Chantada,Everyday / Streetwear
517762005,Women,Shoes,Heeled sandals,Heeled sandals,shoe,Beige,Fall,2019,Everyday / Streetwear,Mary DTP,Everyday / Streetwear
920777003,Women,Shoes,Sneakers,Sneakers,shoe,Grey,Summer,2019,Everyday / Streetwear,Egor Sock Sneaker,Everyday / Streetwear
777088002,Men,Shoes,Boots,Boots,shoe,Brown,Fall,2019,Everyday / Streetwear,William sporty Chukka,Everyday / Streetwear
768519001,Women,Shoes,Sandals,Sandals,shoe,Black,Summer,2019,Everyday / Streetwear,Candido sandal,Everyday / Streetwear
623248008,Men,Shoes,Sandals,Sandals,shoe,Black,Spring,2019,Everyday / Streetwear,Blank espadrill,Everyday / Streetwear
671809014,Men,Shoes,Sneakers,Sneakers,shoe,Black,Summer,2019,Everyday / Streetwear,Malin court sneaker,Everyday / Streetwear
808684004,Women,Shoes,Heeled sandals,Heeled sandals,shoe,Pink,Spring,2019,Everyday / Streetwear,Julia sandalette,Everyday / Streetwear
593986001,Women,Shoes,Sneakers,Sneakers,shoe,White,Fall,2019,Everyday / Streetwear,OL ADWOA PQ Sneaker,Everyday / Streetwear
825056002,Men,Shoes,Sneakers,Sneakers,shoe,Black,Winter,2019,Everyday / Streetwear,Cherry Runner,Everyday / Streetwear
606743001,Women,Shoes,Wedge,Wedge,shoe,Black,Summer,2019,Everyday / Streetwear,Belinda wedge,Everyday / Streetwear
710317001,Women,Shoes,Flat shoe,Flat shoe,shoe,Black,Spring,2019,Everyday / Streetwear,OL BAXTER PQ espadrille,Everyday / Streetwear
533702001,Women,Shoes,Boots,Boots,shoe,Black,Fall,2019,Everyday / Streetwear,Embla boot,Everyday / Streetwear
578311004,Women,Shoes,Ballerinas,Ballerinas,shoe,Black,Fall,2019,Everyday / Streetwear,OL KATE PQ ballerina,Everyday / Streetwear
761217003,Women,Shoes,Slippers,Slippers,shoe,Mole,Fall,2019,Loungewear / Home,Slipper Cozy Slip On,Loungewear / Home
640990001,Women,Shoes,Sandals,Sandals,shoe,Blue,Fall,2019,Everyday / Streetwear,OL PIPPIN PQ Flatform,Everyday / Streetwear
713934003,Men,Shoes,Other shoe,Other shoe,shoe,Brown,Spring,2019,Everyday / Streetwear,Lange Loafer,Everyday / Streetwear
912269001,Women,Shoes,Heeled sandals,Heeled sandals,shoe,Black,Summer,2019,Everyday / Streetwear,Dora sandalette,Everyday / Streetwear
805095005,Women,Shoes,Ballerinas,Ballerinas,shoe,White,Winter,2019,Everyday / Streetwear,Theresa Loafer,Everyday / Streetwear
875951002,Women,Shoes,Sandals,Sandals,shoe,Beige,Spring,2019,Everyday / Streetwear,Erixon sandal,Everyday / Streetwear
802864001,Women,Shoes,Boots,Boots,shoe,Black,Winter,2019,Everyday / Streetwear,Yasper Boot,Everyday / Streetwear
752627001,Women,Shoes,Heeled sandals,Heeled sandals,shoe,Black,Spring,2019,Everyday / Streetwear,Moana mule,Everyday / Streetwear
845086002,Men,Shoes,Sneakers,Sneakers,shoe,White,Summer,2019,Everyday / Streetwear,Gemini Runner,Everyday / Streetwear
645382002,Men,Shoes,Other shoe,Other shoe,shoe,Blue,Fall,2019,Everyday / Streetwear,Nicke knit shoe,Everyday / Streetwear
648348004,Men,Shoes,Other shoe,Other shoe,shoe,White,Winter,2019,Everyday / Streetwear,JACOB high top sneaker,Everyday / Streetwear
765218001,Men,Shoes,Flip flop,Flip flop,shoe,Black,Spring,2019,Everyday / Streetwear,Miller Slider Plain,Everyday / Streetwear
713934002,Men,Shoes,Flat shoes,Flat shoes,shoe,Black,Summer,2019,Everyday / Streetwear,Lange Loafer,Everyday / Streetwear
493826002,Women,Shoes,Boots,Boots,shoe,Brown,Fall,2019,Everyday / Streetwear,EDWARD,Everyday / Streetwear
892257001,Women,Shoes,Sandals,Sandals,shoe,Black,Summer,2019,Everyday / Streetwear,Thess PQ Thong Sandal,Everyday / Streetwear
689134003,Women,Shoes,Ballerinas,Ballerinas,shoe,Brown,Summer,2019,Everyday / Streetwear,Ivanka ballerina,Everyday / Streetwear
703810001,Men,Shoes,Sneakers,Sneakers,shoe,Black,Winter,2019,Everyday / Streetwear,Seven Court Sneaker,Everyday / Streetwear
822344012,Women,Shoes,Slippers,Slippers,shoe,White,Summer,2019,Loungewear / Home,Venice wireless fargo,Loungewear / Home
679725001,Women,Shoes,Sneakers,Sneakers,shoe,White,Winter,2019,Everyday / Streetwear,Brooke sneaker,Everyday / Streetwear
661050002,Men,Shoes,Sneakers,Sneakers,shoe,Brown,Winter,2019,Everyday / Streetwear,Marci Mid court PQ,Everyday / Streetwear
835490001,Women,Shoes,Ballerinas,Ballerinas,shoe,Black,Winter,2019,Everyday / Streetwear,Gaby Fancy CNY,Everyday / Streetwear
631870001,Men,Shoes,Sneakers,Sneakers,shoe,Grey,Fall,2019,Everyday / Streetwear,Christer sock runner (1),Everyday / Streetwear
553932004,Men,Shoes,Flip flop,Flip flop,shoe,Blue,Summer,2019,Everyday / Streetwear,Ritz flip flop OL,Everyday / Streetwear
610321008,Women,Shoes,Other shoe,Other shoe,shoe,Beige,Fall,2019,Everyday / Streetwear,OL HARDING PQ Loafer,Everyday / Streetwear
791288001,Men,Shoes,Slippers,Slippers,shoe,Grey,Fall,2019,Everyday / Streetwear,Timmy Slipper NASA,Everyday / Streetwear
895564001,Men,Shoes,Other shoe,Other shoe,shoe,Brown,Summer,2019,Everyday / Streetwear,Manuel Shoe,Everyday / Streetwear
793520001,Men,Shoes,Other shoe,Other shoe,shoe,Grey,Spring,2019,Everyday / Streetwear,Panther Runner,Everyday / Streetwear
551718005,Women,Shoes,Sneakers,Sneakers,shoe,Pink,Fall,2019,Everyday / Streetwear,Ebba slipon sneaker,Everyday / Streetwear
789667001,Women,Shoes,Flat shoe,Flat shoe,shoe,Black,Winter,2019,Everyday / Streetwear,Cher loafer,Everyday / Streetwear
871993001,Women,Shoes,Wedge,Wedge,shoe,Black,Summer,2019,Everyday / Streetwear,Catalan wedge,Everyday / Streetwear
777066001,Men,Shoes,Other shoe,Other shoe,shoe,Black,Summer,2019,Everyday / Streetwear,Parker Loafer PQ,Everyday / Streetwear
860923001,Women,Shoes,Sandals,Sandals,shoe,Beige,Spring,2019,Everyday / Streetwear,Nazanin thong PQ sandal,Everyday / Streetwear
806711001,Women,Shoes,Sneakers,Sneakers,shoe,White,Spring,2019,Everyday / Streetwear,Picasso Sneaker,Everyday / Streetwear
712052001,Men,Shoes,Sneakers,Sneakers,shoe,Blue,Winter,2019,Everyday / Streetwear,Echo Sneaker,Everyday / Streetwear
512630007,Women,Shoes,Boots,Boots,shoe,Red,Fall,2019,Everyday / Streetwear,OL TRANCE (1),Everyday / Streetwear
601728016,Men,Shoes,Sneakers,Sneakers,shoe,Khaki green,Winter,2019,Everyday / Streetwear,Tyko,Everyday / Streetwear
844439002,Men,Shoes,Sneakers,Sneakers,shoe,White,Spring,2019,Everyday / Streetwear,Filip Casual Court,Everyday / Streetwear
518190028,Men,Shoes,Flip flop,Flip flop,shoe,Black,Spring,2019,Everyday / Streetwear,Miller slider (1),Everyday / Streetwear
553932001,Men,Shoes,Flip flop,Flip flop,shoe,Blue,Spring,2019,Everyday / Streetwear,Ritz flip flop OL,Everyday / Streetwear
806718002,Women,Shoes,Sneakers,Sneakers,shoe,Turquoise,Winter,2019,Everyday / Streetwear,Alek Chunky Sneaker,Everyday / Streetwear
631870004,Men,Shoes,Sneakers,Sneakers,shoe,White,Summer,2019,Everyday / Streetwear,Christer sock runner (1),Everyday / Streetwear
747564009,Women,Shoes,Sandals,Sandals,shoe,Metal,Summer,2019,Everyday / Streetwear,Martin Sandal,Everyday / Streetwear
890197001,Women,Shoes,Sandals,Sandals,shoe,Black,Spring,2019,Everyday / Streetwear,Twiggy Slide Sandal,Everyday / Streetwear
716853002,Women,Shoes,Pumps,Pumps,shoe,Black,Winter,2019,Everyday / Streetwear,Baldy flat boot,Everyday / Streetwear
556764004,Women,Shoes,Wedge,Wedge,shoe,Beige,Fall,2019,Everyday / Streetwear,Cindia wedge,Everyday / Streetwear
745006005,Women,Shoes,Sandals,Sandals,shoe,Brown,Summer,2019,Everyday / Streetwear,Monty sandal window,Everyday / Streetwear
839769001,Men,Shoes,Other shoe,Other shoe,shoe,Blue,Summer,2019,Everyday / Streetwear,Calvin Knitted Shoe,Everyday / Streetwear
806071003,Women,Shoes,Flat shoe,Flat shoe,shoe,Yellow,Winter,2019,Everyday / Streetwear,Piti PQ loafer,Everyday / Streetwear
808624002,Women,Shoes,Flip flop,Flip flop,shoe,White,Summer,2019,Everyday / Streetwear,Selda thong sandal,Everyday / Streetwear
754005004,Women,Shoes,Sneakers,Sneakers,shoe,Pink,Spring,2019,Everyday / Streetwear,missy sneaker(1),Everyday / Streetwear
264713028,Men,Shoes,Other shoe,Other shoe,shoe,Brown,Fall,2019,Everyday / Streetwear,Al Car Shoe,Everyday / Streetwear
643145003,Men,Shoes,Sneakers,Sneakers,shoe,White,Summer,2019,Everyday / Streetwear,Liam runner,Everyday / Streetwear
892300001,Men,Shoes,Sneakers,Sneakers,shoe,Beige,Spring,2019,Everyday / Streetwear,Suedie Sneaker,Everyday / Streetwear
821338001,Women,Shoes,Ballerinas,Ballerinas,shoe,Black,Summer,2019,Everyday / Streetwear,Bertie Ballerina,Everyday / Streetwear
558396001,Women,Shoes,Pumps,Pumps,shoe,Black,Fall,2019,Everyday / Streetwear,OL DONALD BLING pump,Everyday / Streetwear
748344002,Women,Shoes,Sandals,Sandals,shoe,White,Summer,2019,Everyday / Streetwear,OL IMARI PQ sandal,Everyday / Streetwear
665045002,Women,Shoes,Sandals,Sandals,shoe,Red,Fall,2019,Everyday / Streetwear,Paulo espadrille,Everyday / Streetwear
824455001,Men,Shoes,Sneakers,Sneakers,shoe,Black,Fall,2019,Everyday / Streetwear,Kina Chelsea Court,Everyday / Streetwear
599729005,Women,Shoes,Pumps,Pumps,shoe,White,Fall,2019,Everyday / Streetwear,OL POLK PQ Pump,Everyday / Streetwear
510420004,Women,Shoes,Sandals,Sandals,shoe,Black,Fall,2019,Everyday / Streetwear,Dolly leather sandal,Everyday / Streetwear
537076006,Women,Shoes,Boots,Boots,shoe,Brown,Fall,2019,Everyday / Streetwear,OL RORY PQ,Everyday / Streetwear
518765004,Women,Shoes,Heeled sandals,Heeled sandals,shoe,Beige,Fall,2019,Everyday / Streetwear,Connie mule,Everyday / Streetwear
717942003,Women,Shoes,Other shoe,Other shoe,shoe,Black,Spring,2019,Everyday / Streetwear,Abilo espadrille,Everyday / Streetwear
897182001,Women,Shoes,Sandals,Sandals,shoe,Black,Spring,2019,Everyday / Streetwear,Sienna Sandal New,Everyday / Streetwear
475791020,Men,Shoes,Sandals,Sandals,shoe,Pink,Fall,2019,Everyday / Streetwear,Pontus Espadrill.,Everyday / Streetwear
910432001,Women,Shoes,Boots,Boots,shoe,Brown,Summer,2019,Everyday / Streetwear,Christie high shaft,Everyday / Streetwear
838898003,Women,Shoes,Sneakers,Sneakers,shoe,Metal,Spring,2019,Everyday / Streetwear,Banksy Sneaker,Everyday / Streetwear
736489021,Women,Shoes,Sneakers,Sneakers,shoe,Pink,Summer,2019,Everyday / Streetwear,Zenit highlift sneaker,Everyday / Streetwear
806694003,Women,Shoes,Sneakers,Sneakers,shoe,Beige,Summer,2019,Everyday / Streetwear,Alma Sneaker,Everyday / Streetwear
645930005,Women,Shoes,Boots,Boots,shoe,Brown,Winter,2019,Everyday / Streetwear,Cala WL,Everyday / Streetwear
622956001,Women,Shoes,Boots,Boots,shoe,Black,Summer,2019,Everyday / Streetwear,Brenda elastic(1),Everyday / Streetwear
915851002,Men,Shoes,Sneakers,Sneakers,shoe,Black,Summer,2019,Everyday / Streetwear,Ryan Court Chunky,Everyday / Streetwear
892258001,Women,Shoes,Sandals,Sandals,shoe,Black,Summer,2019,Everyday / Streetwear,Squid PQ Strappy Sandal,Everyday / Streetwear
679725003,Women,Shoes,Sneakers,Sneakers,shoe,Pink,Winter,2019,Everyday / Streetwear,Brooke sneaker,Everyday / Streetwear
674085001,Women,Shoes,Boots,Boots,shoe,Black,Winter,2019,Everyday / Streetwear,OL WOLF PQ Boot,Everyday / Streetwear
475827010,Men,Shoes,Other shoe,Other shoe,shoe,Red,Fall,2019,Everyday / Streetwear,Kent Car Shoe PQ,Everyday / Streetwear
786667001,Women,Shoes,Boots,Boots,shoe,Black,Winter,2019,Everyday / Streetwear,Ada PQ boot,Everyday / Streetwear
937249001,Women,Shoes,Boots,Boots,shoe,Black,Summer,2019,Everyday / Streetwear,Sandell chelsea boot,Everyday / Streetwear
804304003,Women,Shoes,Sneakers,Sneakers,shoe,Beige,Winter,2019,Everyday / Streetwear,Tracker Sneaker,Everyday / Streetwear
709173001,Women,Shoes,Boots,Boots,shoe,Black,Spring,2019,Everyday / Streetwear,Alabama,Everyday / Streetwear
790612001,Women,Shoes,Boots,Boots,shoe,Black,Fall,2019,Everyday / Streetwear,Jill mc boot,Everyday / Streetwear
674047003,Women,Shoes,Boots,Boots,shoe,Black,Fall,2019,Everyday / Streetwear,OL GLOER PQ Boot,Everyday / Streetwear
796156004,Women,Shoes,Ballerinas,Ballerinas,shoe,Red,Fall,2019,Everyday / Streetwear,Arabella ballerina,Everyday / Streetwear
518190015,Men,Shoes,Flip flop,Flip flop,shoe,Lilac Purple,Fall,2019,Everyday / Streetwear,Miller slider (1),Everyday / Streetwear
633813005,Women,Shoes,Sneakers,Sneakers,shoe,White,Summer,2019,Everyday / Streetwear,Enrique sneaker,Everyday / Streetwear
797618001,Women,Shoes,Boots,Boots,shoe,Black,Winter,2019,Everyday / Streetwear,Pamina WL boot,Everyday / Streetwear
703826004,Women,Shoes,Flat shoe,Flat shoe,shoe,Orange,Summer,2019,Everyday / Streetwear,New Yoko espadrille,Everyday / Streetwear
931696001,Women,Shoes,Boots,Boots,shoe,Brown,Summer,2019,Everyday / Streetwear,Dickens boot,Everyday / Streetwear
904415001,Women,Shoes,Boots,Boots,shoe,Black,Summer,2019,Everyday / Streetwear,Kent chelsea boot,Everyday / Streetwear
640863003,Women,Shoes,Sneakers,Sneakers,shoe,Black,Fall,2019,Everyday / Streetwear,Fran sock sneaker,Everyday / Streetwear
713850002,Men,Shoes,Other shoe,Other shoe,shoe,Blue,Winter,2019,Everyday / Streetwear,Chris crepe shoe,Everyday / Streetwear
705854003,Women,Shoes,Boots,Boots,shoe,Brown,Summer,2019,Everyday / Streetwear,OL AGATA PQ boot,Everyday / Streetwear
903333001,Women,Shoes,Flat shoes,Flat shoes,shoe,Black,Summer,2019,Everyday / Streetwear,Camilla Loafer(1),Everyday / Streetwear
709748001,Women,Shoes,Boots,Boots,shoe,Black,Spring,2019,Everyday / Streetwear,Maxi Boot SPEED,Everyday / Streetwear
568253002,Women,Shoes,Boots,Boots,shoe,Pink,Fall,2019,Everyday / Streetwear,OL ZANDRA,Everyday / Streetwear
705799001,Women,Shoes,Pumps,Pumps,shoe,Black,Summer,2019,Everyday / Streetwear,OL WASHINGTON PQ pump (gör CO),Everyday / Streetwear
808650001,Women,Shoes,Heeled sandals,Heeled sandals,shoe,Brown,Spring,2019,Everyday / Streetwear,Elisha PQ sandalette,Everyday / Streetwear
663384001,Men,Shoes,Boots,Boots,shoe,Brown,Fall,2019,Everyday / Streetwear,Jutha boot,Everyday / Streetwear
763713001,Men,Shoes,Other shoe,Other shoe,shoe,Brown,Winter,2019,Everyday / Streetwear,Bay Deck Shoe PQ,Everyday / Streetwear
641138001,Women,Shoes,Sandals,Sandals,shoe,Black,Fall,2019,Everyday / Streetwear,MILLIE FUR SANDAL,Everyday / Streetwear
512631001,Women,Shoes,Boots,Boots,shoe,Black,Fall,2019,Everyday / Streetwear,OL DALLAS PQ,Everyday / Streetwear
319906006,Men,Shoes,Slippers,Slippers,shoe,Grey,Fall,2019,Everyday / Streetwear,Steve Slipper,Everyday / Streetwear
906705001,Women,Shoes,Flat shoe,Flat shoe,shoe,Black,Summer,2019,Everyday / Streetwear,Laban Chunky Loafer,Everyday / Streetwear
558810001,Men,Shoes,Sneakers,Sneakers,shoe,White,Winter,2019,Everyday / Streetwear,Fabian trekk sneaker,Everyday / Streetwear
866090002,Women,Shoes,Sneakers,Sneakers,shoe,Black,Summer,2019,Everyday / Streetwear,Albin Highlift,Everyday / Streetwear
622969017,Women,Shoes,Boots,Boots,shoe,Beige,Summer,2019,Everyday / Streetwear,Sweetheart boot,Everyday / Streetwear
632021001,Men,Shoes,Sandals,Sandals,shoe,Black,Winter,2019,Everyday / Streetwear,Sackarias sporty sandal,Everyday / Streetwear
665851005,Women,Shoes,Slippers,Slippers,shoe,Grey,Fall,2019,Loungewear / Home,Benny Slipper,Loungewear / Home
854184003,Women,Shoes,Sneakers,Sneakers,shoe,Pink,Summer,2019,Everyday / Streetwear,Zoe Highlift,Everyday / Streetwear
723862002,Women,Shoes,Heeled sandals,Heeled sandals,shoe,Yellow,Spring,2019,Everyday / Streetwear,Mikita mule (window),Everyday / Streetwear
815338003,Women,Shoes,Boots,Boots,shoe,Brown,Winter,2019,Everyday / Streetwear,Dahl WL highshaft,Everyday / Streetwear
703826001,Women,Shoes,Flat shoe,Flat shoe,shoe,Black,Spring,2019,Everyday / Streetwear,New Yoko espadrille,Everyday / Streetwear
710056001,Women,Shoes,Sandals,Sandals,shoe,Pink,Summer,2019,Everyday / Streetwear,Kriss kross sandal,Everyday / Streetwear
576387003,Men,Shoes,Boots,Boots,shoe,Beige,Fall,2019,Everyday / Streetwear,Freddan canvas boot,Everyday / Streetwear
585861013,Men,Shoes,Other shoe,Other shoe,shoe,Black,Spring,2019,Everyday / Streetwear,Paco loafer,Everyday / Streetwear
581275009,Women,Shoes,Sandals,Sandals,shoe,Black,Summer,2019,Everyday / Streetwear,Polly sandal,Everyday / Streetwear
623115001,Women,Shoes,Boots,Boots,shoe,Black,Winter,2019,Everyday / Streetwear,Joan boot,Everyday / Streetwear
610693002,Women,Shoes,Heeled sandals,Heeled sandals,shoe,White,Fall,2019,Everyday / Streetwear,OL LYNLOV Sandalette,Everyday / Streetwear
657195001,Women,Shoes,Boots,Boots,shoe,Black,Fall,2019,Everyday / Streetwear,Barcia,Everyday / Streetwear
854737001,Women,Shoes,Boots,Boots,shoe,Black,Spring,2019,Everyday / Streetwear,New Amber low boot,Everyday / Streetwear
673964001,Women,Shoes,Sneakers,Sneakers,shoe,Black,Winter,2019,Everyday / Streetwear,OL TANINA PQ Sneaker,Everyday / Streetwear
869203004,Women,Shoes,Sandals,Sandals,shoe,Yellow,Spring,2019,Everyday / Streetwear,Maxi Tassel Sandal,Everyday / Streetwear
853467001,Women,Shoes,Wedge,Wedge,shoe,Brown,Summer,2019,Everyday / Streetwear,Hailee wedge,Everyday / Streetwear
748595003,Women,Shoes,Boots,Boots,shoe,Mole,Winter,2019,Everyday / Streetwear,Brie boot,Everyday / Streetwear
595573008,Women,Shoes,Sneakers,Sneakers,shoe,Green,Summer,2019,Everyday / Streetwear,Millie sneaker,Everyday / Streetwear
748562001,Women,Shoes,Sandals,Sandals,shoe,Black,Spring,2019,Everyday / Streetwear,Window PQM sandal,Everyday / Streetwear
683431001,Men,Shoes,Boots,Boots,shoe,Black,Fall,2019,Everyday / Streetwear,Ziggy Zip boot PQ,Everyday / Streetwear
482667002,Women,Shoes,Sandals,Sandals,shoe,Metal,Fall,2019,Everyday / Streetwear,MILLE SANDAL,Everyday / Streetwear
655017001,Men,Shoes,Other shoe,Other shoe,shoe,Black,Winter,2019,Everyday / Streetwear,Melrose shoe,Everyday / Streetwear
517762001,Women,Shoes,Heeled sandals,Heeled sandals,shoe,Black,Summer,2019,Everyday / Streetwear,Mary DTP,Everyday / Streetwear
901950003,Women,Shoes,Boots,Boots,shoe,Black,Summer,2019,Everyday / Streetwear,Megan Ancle boot,Everyday / Streetwear
553611013,Women,Shoes,Pumps,Pumps,shoe,Black,Winter,2019,Everyday / Streetwear,Rhea pump,Everyday / Streetwear
663378001,Men,Shoes,Boots,Boots,shoe,Black,Summer,2019,Everyday / Streetwear,Palmer chelsea PQ,Everyday / Streetwear
755604003,Women,Shoes,Sandals,Sandals,shoe,Brown,Spring,2019,Everyday / Streetwear,Marta sandal,Everyday / Streetwear
710307003,Women,Shoes,Sandals,Sandals,shoe,White,Spring,2019,Everyday / Streetwear,OL CLEMENT PQ sandal,Everyday / Streetwear
531693001,Women,Shoes,Sandals,Sandals,shoe,Black,Fall,2019,Everyday / Streetwear,Sporty Scuba platform sandal,Everyday / Streetwear
879772001,Women,Shoes,Boots,Boots,shoe,Beige,Winter,2019,Everyday / Streetwear,Eliza PQ boot,Everyday / Streetwear
677993004,Men,Shoes,Sneakers,Sneakers,shoe,White,Winter,2019,Everyday / Streetwear,Patric court sneaker PQ,Everyday / Streetwear
808473001,Women,Shoes,Other shoe,Other shoe,shoe,Black,Spring,2019,Everyday / Streetwear,Donatella semi-boot,Everyday / Streetwear
653122001,Women,Shoes,Pumps,Pumps,shoe,Red,Fall,2019,Everyday / Streetwear,OL WINNIE PQ Pump,Everyday / Streetwear
632642002,Women,Shoes,Other shoe,Other shoe,shoe,Red,Summer,2019,Everyday / Streetwear,OL CELESTE PQ Espadrille,Everyday / Streetwear
808624005,Women,Shoes,Flip flop,Flip flop,shoe,Green,Summer,2019,Everyday / Streetwear,Selda thong sandal,Everyday / Streetwear
649353002,Women,Shoes,Sandals,Sandals,shoe,Black,Fall,2019,Everyday / Streetwear,OL LIMA FANCY PQ Sandal,Everyday / Streetwear
696942001,Women,Shoes,Boots,Boots,shoe,Black,Winter,2019,Everyday / Streetwear,Tarragona WL,Everyday / Streetwear
611201003,Women,Shoes,Ballerinas,Ballerinas,shoe,Beige,Fall,2019,Everyday / Streetwear,Henrik fancy,Everyday / Streetwear
869059001,Women,Shoes,Sneakers,Sneakers,shoe,Pink,Summer,2019,Everyday / Streetwear,Serisha Sneaker Sandal,Everyday / Streetwear
803373001,Men,Shoes,Sneakers,Sneakers,shoe,Blue,Winter,2019,Everyday / Streetwear,Curtis MidCut Sneaker,Everyday / Streetwear
567547001,Women,Shoes,Ballerinas,Ballerinas,shoe,Black,Fall,2019,Everyday / Streetwear,Crochet ballerina,Everyday / Streetwear
568252001,Women,Shoes,Boots,Boots,shoe,Beige,Fall,2019,Everyday / Streetwear,OL LIVINGSTONE PQ,Everyday / Streetwear
870577001,Women,Shoes,Heeled sandals,Heeled sandals,shoe,Black,Summer,2019,Everyday / Streetwear,Planck sandalette,Everyday / Streetwear
903727001,Women,Shoes,Boots,Boots,shoe,Black,Summer,2019,Everyday / Streetwear,Carolina High Chelsea,Everyday / Streetwear
698470001,Women,Shoes,Sneakers,Sneakers,shoe,Blue,Spring,2019,Everyday / Streetwear,Elena sneaker,Everyday / Streetwear
556549004,Women,Shoes,Heeled sandals,Heeled sandals,shoe,Black,Fall,2019,Everyday / Streetwear,Georgia sandalette,Everyday / Streetwear
656121002,Men,Shoes,Other shoe,Other shoe,shoe,Blue,Summer,2019,Everyday / Streetwear,Akoni Shoe,Everyday / Streetwear
645382001,Men,Shoes,Other shoe,Other shoe,shoe,Grey,Fall,2019,Everyday / Streetwear,Nicke knit shoe,Everyday / Streetwear
671809001,Men,Shoes,Sneakers,Sneakers,shoe,White,Fall,2019,Everyday / Streetwear,Malin court sneaker,Everyday / Streetwear
786524001,Women,Shoes,Boots,Boots,shoe,Black,Summer,2019,Everyday / Streetwear,Eliza PQ boot,Everyday / Streetwear
677446001,Men,Shoes,Sneakers,Sneakers,shoe,Red,Fall,2019,Everyday / Streetwear,99-studio Rudolf felt sneaker,Everyday / Streetwear
734896001,Women,Shoes,Wedge,Wedge,shoe,Black,Summer,2019,Everyday / Streetwear,Alexandria espadrille,Everyday / Streetwear
629881004,Women,Shoes,Wedge,Wedge,shoe,Red,Fall,2019,Everyday / Streetwear,OL CARMELO PQ Wedge (1),Everyday / Streetwear
741714004,Women,Shoes,Wedge,Wedge,shoe,Black,Spring,2019,Everyday / Streetwear,Hildur wedge,Everyday / Streetwear
622969002,Women,Shoes,Boots,Boots,shoe,Black,Fall,2019,Everyday / Streetwear,Sweetheart boot,Everyday / Streetwear
679906002,Women,Shoes,Boots,Boots,shoe,Brown,Winter,2019,Everyday / Streetwear,OL JAKOB PQ Boot,Everyday / Streetwear
802871006,Women,Shoes,Boots,Boots,shoe,Red,Summer,2019,Everyday / Streetwear,Darling Flat boot,Everyday / Streetwear
805939002,Women,Shoes,Boots,Boots,shoe,Brown,Fall,2019,Everyday / Streetwear,Vision highshaft,Everyday / Streetwear
795946001,Women,Shoes,Ballerinas,Ballerinas,shoe,Black,Summer,2019,Everyday / Streetwear,Bert PQ ballerina,Everyday / Streetwear
765665002,Women,Shoes,Heeled sandals,Heeled sandals,shoe,Yellow,Summer,2019,Everyday / Streetwear,Anna-Belle sandalette,Everyday / Streetwear
835499001,Women,Shoes,Sneakers,Sneakers,shoe,Beige,Winter,2019,Everyday / Streetwear,Carly Fancy CNY,Everyday / Streetwear
578816008,Women,Shoes,Sneakers,Sneakers,shoe,Black,Summer,2019,Everyday / Streetwear,OL RIRI sneaker,Everyday / Streetwear
699738002,Women,Shoes,Boots,Boots,shoe,White,Winter,2019,Everyday / Streetwear,Kelly Boot,Everyday / Streetwear
723882001,Women,Shoes,Wedge,Wedge,shoe,Black,Summer,2019,Everyday / Streetwear,Clarita wedge,Everyday / Streetwear
713850003,Men,Shoes,Other shoe,Other shoe,shoe,Brown,Winter,2019,Everyday / Streetwear,Chris crepe shoe,Everyday / Streetwear
822958001,Women,Shoes,Boots,Boots,shoe,Black,Winter,2019,Everyday / Streetwear,Pernilla PQ boot,Everyday / Streetwear
782128002,Women,Shoes,Boots,Boots,shoe,Brown,Fall,2019,Everyday / Streetwear,Floyd PQ boot,Everyday / Streetwear
898886002,Women,Shoes,Boots,Boots,shoe,Brown,Summer,2019,Everyday / Streetwear,Joyce high shaft,Everyday / Streetwear
705878001,Women,Shoes,Boots,Boots,shoe,Black,Spring,2019,Everyday / Streetwear,OL LLOYED PQ semi-boot,Everyday / Streetwear
890505002,Women,Shoes,Sneakers,Sneakers,shoe,Mole,Summer,2019,Everyday / Streetwear,Steffy Runner,Everyday / Streetwear
901318002,Women,Shoes,Boots,Boots,shoe,Brown,Summer,2019,Everyday / Streetwear,Wilde high shaft,Everyday / Streetwear
764479002,Women,Shoes,Wedge,Wedge,shoe,Brown,Summer,2019,Everyday / Streetwear,Strappy wedge,Everyday / Streetwear
663388004,Men,Shoes,Boots,Boots,shoe,Black,Winter,2019,Everyday / Streetwear,Lucky luke boot PQ,Everyday / Streetwear
808651001,Women,Shoes,Sandals,Sandals,shoe,Black,Spring,2019,Everyday / Streetwear,Nala quilt PQ sandal,Everyday / Streetwear
716957001,Women,Shoes,Boots,Boots,shoe,Black,Winter,2019,Everyday / Streetwear,OL TEXAS PQ boot,Everyday / Streetwear
674071001,Women,Shoes,Boots,Boots,shoe,Black,Winter,2019,Everyday / Streetwear,OL SONIC PQ boot,Everyday / Streetwear
563113003,Women,Shoes,Sneakers,Sneakers,shoe,Orange,Fall,2019,Everyday / Streetwear,Vega fancy sneaker,Everyday / Streetwear
735307001,Women,Shoes,Heeled sandals,Heeled sandals,shoe,Black,Spring,2019,Everyday / Streetwear,Colombia sandalette,Everyday / Streetwear
522044001,Women,Shoes,Boots,Boots,shoe,Black,Fall,2019,Everyday / Streetwear,Bodil Elastic,Everyday / Streetwear
665851004,Women,Shoes,Slippers,Slippers,shoe,Red,Winter,2019,Loungewear / Home,Benny Slipper,Loungewear / Home
478022003,Women,Shoes,Sandals,Sandals,shoe,Metal,Fall,2019,Everyday / Streetwear,MARTIN HIGHLIFT,Everyday / Streetwear
860978001,Women,Shoes,Sneakers,Sneakers,shoe,Orange,Spring,2019,Everyday / Streetwear,Jadyn Fancy Sneaker,Everyday / Streetwear
490829007,Men,Shoes,Sandals,Sandals,shoe,Red,Fall,2019,Everyday / Streetwear,Kurt sandal,Everyday / Streetwear
538358016,Men,Shoes,Sneakers,Sneakers,shoe,White,Spring,2019,Everyday / Streetwear,Henry court PQ,Everyday / Streetwear
777080005,Men,Shoes,Boots,Boots,shoe,Beige,Winter,2019,Everyday / Streetwear,Casey lace up boot,Everyday / Streetwear
921772001,Women,Shoes,Boots,Boots,shoe,Black,Summer,2019,Everyday / Streetwear,SC - SWINTON BOOT,Everyday / Streetwear
600707005,Men,Shoes,Sneakers,Sneakers,shoe,Orange,Fall,2019,Everyday / Streetwear,Ravel Runner,Everyday / Streetwear
665045001,Women,Shoes,Sandals,Sandals,shoe,Black,Winter,2019,Everyday / Streetwear,Paulo espadrille,Everyday / Streetwear
703806003,Women,Shoes,Sandals,Sandals,shoe,Beige,Summer,2019,Everyday / Streetwear,Sergio sandal,Everyday / Streetwear
805308002,Women,Shoes,Sandals,Sandals,shoe,Beige,Summer,2019,Everyday / Streetwear,Glossy Sandal,Everyday / Streetwear
756016001,Women,Shoes,Sandals,Sandals,shoe,Black,Summer,2019,Everyday / Streetwear,Vinny Vinyl,Everyday / Streetwear
803594002,Women,Shoes,Slippers,Slippers,shoe,White,Spring,2019,Everyday / Streetwear,Klint slipper,Everyday / Streetwear
819521001,Women,Shoes,Heeled sandals,Heeled sandals,shoe,Black,Fall,2019,Everyday / Streetwear,Page Sandalette,Everyday / Streetwear
622958013,Women,Shoes,Sneakers,Sneakers,shoe,White,Spring,2019,Everyday / Streetwear,New Vega sneaker,Everyday / Streetwear
901331001,Women,Shoes,Boots,Boots,shoe,Brown,Summer,2019,Everyday / Streetwear,Sartre boot,Everyday / Streetwear
783660001,Women,Shoes,Bootie,Bootie,shoe,Black,Fall,2019,Everyday / Streetwear,Aurora boot,Everyday / Streetwear
696943001,Women,Shoes,Boots,Boots,shoe,Orange,Winter,2019,Everyday / Streetwear,Racine,Everyday / Streetwear
889664002,Women,Shoes,Heeled sandals,Heeled sandals,shoe,Lilac Purple,Summer,2019,Everyday / Streetwear,Elli thong sandalette,Everyday / Streetwear
568251002,Women,Shoes,Boots,Boots,shoe,Beige,Fall,2019,Everyday / Streetwear,OL IGGY PQ,Everyday / Streetwear
938190002,Women,Shoes,Boots,Boots,shoe,Black,Summer,2019,Everyday / Streetwear,Ivring PQ chelsea boot,Everyday / Streetwear
889713003,Women,Shoes,Sneakers,Sneakers,shoe,Red,Summer,2019,Everyday / Streetwear,Lameeka Canvas Sneaker,Everyday / Streetwear
489435014,Women,Shoes,Sandals,Sandals,shoe,Pink,Spring,2019,Everyday / Streetwear,Riri sandalina,Everyday / Streetwear
799067001,Women,Shoes,Boots,Boots,shoe,Black,Fall,2019,Everyday / Streetwear,Duckie boot,Everyday / Streetwear
782137003,Women,Shoes,Boots,Boots,shoe,Brown,Fall,2019,Everyday / Streetwear,Fleur PQ boot,Everyday / Streetwear
591061001,Women,Shoes,Flat shoe,Flat shoe,shoe,Green,Spring,2019,Everyday / Streetwear,Gibson sandal,Everyday / Streetwear
716959001,Women,Shoes,Boots,Boots,shoe,Black,Winter,2019,Everyday / Streetwear,OL EDEN PQ boot,Everyday / Streetwear
631383001,Women,Shoes,Pumps,Pumps,shoe,Black,Fall,2019,Everyday / Streetwear,Kitty sling-back pump,Everyday / Streetwear
522045001,Women,Shoes,Sneakers,Sneakers,shoe,Black,Fall,2019,Everyday / Streetwear,Maiken Fur sneaker,Everyday / Streetwear
619234012,Women,Shoes,Boots,Boots,shoe,Black,Winter,2019,Everyday / Streetwear,Inca boot,Everyday / Streetwear
866097002,Women,Shoes,Sandals,Sandals,shoe,Black,Spring,2019,Everyday / Streetwear,Vivvi Sandal,Everyday / Streetwear
522678003,Men,Shoes,Sneakers,Sneakers,shoe,White,Spring,2019,Everyday / Streetwear,Art leather sneaker PQ,Everyday / Streetwear
475791038,Men,Shoes,Sandals,Sandals,shoe,Blue,Summer,2019,Everyday / Streetwear,Pontus Espadrill.,Everyday / Streetwear
545258016,Women,Shoes,Pumps,Pumps,shoe,Black,Winter,2019,Everyday / Streetwear,OL DONALD pump,Everyday / Streetwear
622141005,Men,Shoes,Other shoe,Other shoe,shoe,Black,Summer,2019,Everyday / Streetwear,Sonny loafer (1),Everyday / Streetwear
663385001,Women,Shoes,Ballerinas,Ballerinas,shoe,Pink,Winter,2019,Everyday / Streetwear,Kling fancy ballerina,Everyday / Streetwear
647956001,Women,Shoes,Ballerinas,Ballerinas,shoe,Black,Fall,2019,Everyday / Streetwear,Lou Ballerina,Everyday / Streetwear
808698001,Women,Shoes,Wedge,Wedge,shoe,Beige,Summer,2019,Everyday / Streetwear,Ninia espadrille,Everyday / Streetwear
532102012,Men,Shoes,Other shoe,Other shoe,shoe,Blue,Winter,2019,Everyday / Streetwear,SEED Court sneaker,Everyday / Streetwear
619499005,Women,Shoes,Sneakers,Sneakers,shoe,Blue,Fall,2019,Everyday / Streetwear,Tilde basic sneaker,Everyday / Streetwear
713850001,Men,Shoes,Other shoe,Other shoe,shoe,Black,Winter,2019,Everyday / Streetwear,Chris crepe shoe,Everyday / Streetwear
727880016,Women,Shoes,Sneakers,Sneakers,shoe,Black,Summer,2019,Everyday / Streetwear,Mimmi new,Everyday / Streetwear
634579001,Women,Shoes,Flat shoe,Flat shoe,shoe,Yellow,Fall,2019,Everyday / Streetwear,OL ROMI espadrille,Everyday / Streetwear
723388001,Women,Shoes,Heeled sandals,Heeled sandals,shoe,Black,Spring,2019,Everyday / Streetwear,Vicky sandalette,Everyday / Streetwear
494094001,Men,Shoes,Flip flop,Flip flop,shoe,Black,Summer,2019,Everyday / Streetwear,Flipflop solid,Everyday / Streetwear
802871004,Women,Shoes,Boots,Boots,shoe,White,Spring,2019,Everyday / Streetwear,Darling Flat boot,Everyday / Streetwear
683176001,Women,Shoes,Flip flop,Flip flop,shoe,Black,Spring,2019,Everyday / Streetwear,Yaz flip flop (1),Everyday / Streetwear
711982002,Women,Shoes,Boots,Boots,shoe,Black,Winter,2019,Everyday / Streetwear,Bess,Everyday / Streetwear
650664003,Women,Shoes,Heeled sandals,Heeled sandals,shoe,Red,Winter,2019,Everyday / Streetwear,OL GRACE PQ Sandalette,Everyday / Streetwear
779622001,Women,Shoes,Flat shoe,Flat shoe,shoe,Black,Fall,2019,Everyday / Streetwear,Gaby loafer,Everyday / Streetwear
599716003,Women,Shoes,Sneakers,Sneakers,shoe,Beige,Summer,2019,Everyday / Streetwear,OL SOUTH PQ sneaker,Everyday / Streetwear
796156002,Women,Shoes,Ballerinas,Ballerinas,shoe,Brown,Fall,2019,Everyday / Streetwear,Arabella ballerina,Everyday / Streetwear
589228002,Women,Shoes,Boots,Boots,shoe,Brown,Fall,2019,Everyday / Streetwear,GENOVA,Everyday / Streetwear
571198001,Women,Shoes,Boots,Boots,shoe,Grey,Fall,2019,Everyday / Streetwear,LAQUILA,Everyday / Streetwear
606711003,Women,Shoes,Heeled sandals,Heeled sandals,shoe,Orange,Summer,2019,Everyday / Streetwear,Rylee flatform,Everyday / Streetwear
777079003,Men,Shoes,Boots,Boots,shoe,Black,Winter,2019,Everyday / Streetwear,Jason boot PQ,Everyday / Streetwear
727880049,Women,Shoes,Sneakers,Sneakers,shoe,Beige,Spring,2019,Everyday / Streetwear,Mimmi new,Everyday / Streetwear
808021006,Women,Shoes,Pumps,Pumps,shoe,Blue,Winter,2019,Everyday / Streetwear,Emi pump,Everyday / Streetwear
808669002,Women,Shoes,Sandals,Sandals,shoe,White,Summer,2019,Everyday / Streetwear,Abigail PQ sandal,Everyday / Streetwear
580469002,Women,Shoes,Pumps,Pumps,shoe,Beige,Fall,2019,Everyday / Streetwear,OL WASHINGTON PQ pump,Everyday / Streetwear
710085006,Women,Shoes,Heels,Heels,shoe,Orange,Spring,2019,Everyday / Streetwear,Paloma,Everyday / Streetwear
601728027,Men,Shoes,Sneakers,Sneakers,shoe,Black,Summer,2019,Everyday / Streetwear,Tyko,Everyday / Streetwear
865409001,Women,Shoes,Ballerinas,Ballerinas,shoe,Black,Summer,2019,Everyday / Streetwear,Berry ballerina,Everyday / Streetwear
740888003,Women,Shoes,Sneakers,Sneakers,shoe,Black,Spring,2019,Everyday / Streetwear,Kinen sneaker speed P1 c/w,Everyday / Streetwear
808631003,Women,Shoes,Sandals,Sandals,shoe,Yellow,Spring,2019,Everyday / Streetwear,Bolivar bow,Everyday / Streetwear
836551004,Women,Shoes,Sandals,Sandals,shoe,Metal,Summer,2019,Everyday / Streetwear,Dani Sandal,Everyday / Streetwear
631961001,Men,Shoes,Sandals,Sandals,shoe,Brown,Summer,2019,Everyday / Streetwear,Marc Pq sandal,Everyday / Streetwear
622220013,Men,Shoes,Sneakers,Sneakers,shoe,Beige,Summer,2019,Everyday / Streetwear,Gus sneaker,Everyday / Streetwear
853469001,Women,Shoes,Heeled sandals,Heeled sandals,shoe,Orange,Summer,2019,Everyday / Streetwear,Chapman PQ sandalette,Everyday / Streetwear
619235002,Women,Shoes,Boots,Boots,shoe,Brown,Winter,2019,Everyday / Streetwear,Binibona,Everyday / Streetwear
771165001,Women,Shoes,Boots,Boots,shoe,Black,Winter,2019,Everyday / Streetwear,Patsy buckle boot,Everyday / Streetwear
717938003,Women,Shoes,Flat shoe,Flat shoe,shoe,Black,Winter,2019,Everyday / Streetwear,Dopazo loafer,Everyday / Streetwear
523689004,Women,Shoes,Boots,Boots,shoe,Black,Fall,2019,Everyday / Streetwear,Brenda Sock Boot,Everyday / Streetwear
777059001,Men,Shoes,Other shoe,Other shoe,shoe,Blue,Winter,2019,Everyday / Streetwear,Ashton Shoe,Everyday / Streetwear
650506001,Women,Shoes,Ballerinas,Ballerinas,shoe,Black,Winter,2019,Everyday / Streetwear,Arriba ballerina,Everyday / Streetwear
869086001,Women,Shoes,Sandals,Sandals,shoe,Red,Summer,2019,Everyday / Streetwear,Tiana sandal,Everyday / Streetwear
584771001,Men,Shoes,Boots,Boots,shoe,Black,Fall,2019,Everyday / Streetwear,Arne boot,Everyday / Streetwear
551124007,Men,Shoes,Other shoe,Other shoe,shoe,Black,Winter,2019,Everyday / Streetwear,Luke Crepe Derby PQ,Everyday / Streetwear
536663008,Women,Shoes,Pumps,Pumps,shoe,Beige,Winter,2019,Everyday / Streetwear,OL GEORGE PQ pump,Everyday / Streetwear
853191003,Women,Shoes,Sandals,Sandals,shoe,Pink,Spring,2019,Everyday / Streetwear,Ellen Espadrille,Everyday / Streetwear
792952001,Men,Shoes,Other shoe,Other shoe,shoe,Black,Fall,2019,Everyday / Streetwear,Galaxy Court Sneaker,Everyday / Streetwear
586955028,Women,Shoes,Ballerinas,Ballerinas,shoe,Grey,Summer,2019,Everyday / Streetwear,Holly ballerina,Everyday / Streetwear
658011002,Women,Shoes,Pumps,Pumps,shoe,Beige,Fall,2019,Everyday / Streetwear,Serena sock-pump,Everyday / Streetwear
622958003,Women,Shoes,Sneakers,Sneakers,shoe,Black,Spring,2019,Everyday / Streetwear,New Vega sneaker,Everyday / Streetwear
853552001,Women,Shoes,Ballerinas,Ballerinas,shoe,Beige,Summer,2019,Everyday / Streetwear,Hopper Slip In,Everyday / Streetwear
844279001,Men,Shoes,Sneakers,Sneakers,shoe,Blue,Spring,2019,Everyday / Streetwear,Gary Canvas Sneaker,Everyday / Streetwear
823107001,Women,Shoes,Boots,Boots,shoe,Black,Winter,2019,Everyday / Streetwear,Florian PQ boot,Everyday / Streetwear
719123001,Men,Shoes,Other shoe,Other shoe,shoe,Black,Spring,2019,Everyday / Streetwear,Emilio derby shoe,Everyday / Streetwear
845089002,Men,Shoes,Sneakers,Sneakers,shoe,Grey,Spring,2019,Everyday / Streetwear,Zack Runner,Everyday / Streetwear
650506002,Women,Shoes,Ballerinas,Ballerinas,shoe,Brown,Fall,2019,Everyday / Streetwear,Arriba ballerina,Everyday / Streetwear
564375004,Men,Shoes,Sneakers,Sneakers,shoe,White,Summer,2019,Everyday / Streetwear,Willow runner,Everyday / Streetwear
582462006,Women,Shoes,Slippers,Slippers,shoe,Beige,Spring,2019,Everyday / Streetwear,Pierra sandal,Everyday / Streetwear
658495004,Women,Shoes,Boots,Boots,shoe,Black,Winter,2019,Everyday / Streetwear,Carolina Chelsea boot.,Everyday / Streetwear
761218004,Women,Shoes,Slippers,Slippers,shoe,Brown,Winter,2019,Loungewear / Home,Slipper XMAS REINDEER,Loungewear / Home
645408003,Men,Shoes,Other shoe,Other shoe,shoe,Green,Fall,2019,Everyday / Streetwear,Malte Mule Jacquard,Everyday / Streetwear
650506004,Women,Shoes,Ballerinas,Ballerinas,shoe,Beige,Fall,2019,Everyday / Streetwear,Arriba ballerina,Everyday / Streetwear
707186003,Women,Shoes,Heeled sandals,Heeled sandals,shoe,Orange,Spring,2019,Everyday / Streetwear,OL KID PQ sandalette,Everyday / Streetwear
614353001,Women,Shoes,Slippers,Slippers,shoe,Pink,Fall,2019,Loungewear / Home,Vail Slipper new,Loungewear / Home
836551001,Women,Shoes,Sandals,Sandals,shoe,Black,Summer,2019,Everyday / Streetwear,Dr,Everyday / Streetwear
580457002,Women,Shoes,Pumps,Pumps,shoe,Black,Fall,2019,Everyday / Streetwear,OL KENNEDY PQ pump,Everyday / Streetwear
877389002,Women,Shoes,Boots,Boots,shoe,White,Summer,2019,Everyday / Streetwear,Megan buckle boot,Everyday / Streetwear
647338002,Men,Shoes,Boots,Boots,shoe,Brown,Winter,2019,Everyday / Streetwear,Kobe Chelsea Boot,Everyday / Streetwear
856627003,Men,Shoes,Other shoe,Other shoe,shoe,Brown,Spring,2019,Everyday / Streetwear,Dock Dec Shoe,Everyday / Streetwear
532102015,Men,Shoes,Other shoe,Other shoe,shoe,Grey,Summer,2019,Everyday / Streetwear,SEED Court sneaker,Everyday / Streetwear
797618002,Women,Shoes,Boots,Boots,shoe,Mole,Summer,2019,Everyday / Streetwear,Pamina WL boot,Everyday / Streetwear
875951001,Women,Shoes,Sandals,Sandals,shoe,Metal,Spring,2019,Everyday / Streetwear,Erixon sandal,Everyday / Streetwear
733768002,Women,Shoes,Boots,Boots,shoe,Brown,Spring,2019,Everyday / Streetwear,OL STANLEY PQ boot,Everyday / Streetwear
553611001,Women,Shoes,Pumps,Pumps,shoe,Black,Fall,2019,Everyday / Streetwear,rhea,Everyday / Streetwear
622967001,Women,Shoes,Sandals,Sandals,shoe,Black,Fall,2019,Everyday / Streetwear,Melvin sandal,Everyday / Streetwear
512630005,Women,Shoes,Boots,Boots,shoe,Blue,Fall,2019,Everyday / Streetwear,OL TRANCE,Everyday / Streetwear
581408004,Women,Shoes,Ballerinas,Ballerinas,shoe,Orange,Fall,2019,Everyday / Streetwear,Humble fancy ballerina,Everyday / Streetwear
622968001,Women,Shoes,Boots,Boots,shoe,Black,Fall,2019,Everyday / Streetwear,Betty Boot,Everyday / Streetwear
631878005,Women,Shoes,Sandals,Sandals,shoe,Beige,Spring,2019,Everyday / Streetwear,Mara sandal (1),Everyday / Streetwear
865454001,Women,Shoes,Flat shoe,Flat shoe,shoe,Black,Summer,2019,Everyday / Streetwear,Bonnie PQ platform,Everyday / Streetwear
803625001,Women,Shoes,Sneakers,Sneakers,shoe,White,Winter,2019,Everyday / Streetwear,Griswold,Everyday / Streetwear
650657002,Women,Shoes,Heeled sandals,Heeled sandals,shoe,Red,Summer,2019,Everyday / Streetwear,OL KRISTEN PQ sandalette,Everyday / Streetwear
723890001,Women,Shoes,Heeled sandals,Heeled sandals,shoe,Black,Spring,2019,Everyday / Streetwear,Summer Pam,Everyday / Streetwear
701561001,Women,Shoes,Boots,Boots,shoe,Black,Spring,2019,Everyday / Streetwear,Bobby cut out boot,Everyday / Streetwear
453828003,Women,Shoes,Boots,Boots,shoe,Beige,Fall,2019,Everyday / Streetwear,BOBBY CUTOUT,Everyday / Streetwear
877090001,Women,Shoes,Sandals,Sandals,shoe,Brown,Summer,2019,Everyday / Streetwear,Tiana fancy sandal,Everyday / Streetwear
606743002,Women,Shoes,Wedge,Wedge,shoe,Orange,Fall,2019,Everyday / Streetwear,Belinda wedge,Everyday / Streetwear
782535001,Women,Shoes,Slippers,Slippers,shoe,Khaki green,Fall,2019,Everyday / Streetwear,D1 PE - SYDNEY SLIPPER,Everyday / Streetwear
580684008,Women,Shoes,Sneakers,Sneakers,shoe,Blue,Spring,2019,Everyday / Streetwear,Svenne sneaker,Everyday / Streetwear
759160001,Women,Shoes,Flat shoe,Flat shoe,shoe,Yellow,Spring,2019,Everyday / Streetwear,Glassig espadrill,Everyday / Streetwear
518191002,Men,Shoes,Sandals,Sandals,shoe,Black,Summer,2019,Everyday / Streetwear,Dagger sandal,Everyday / Streetwear
822917001,Men,Shoes,Other shoe,Other shoe,shoe,Black,Summer,2019,Everyday / Streetwear,Harris PQ derby,Everyday / Streetwear
721287002,Women,Shoes,Ballerinas,Ballerinas,shoe,Black,Summer,2019,Everyday / Streetwear,Valentina ballerina,Everyday / Streetwear
721468001,Women,Shoes,Sandals,Sandals,shoe,Black,Spring,2019,Everyday / Streetwear,Kimmy Sandal,Everyday / Streetwear
661064004,Men,Shoes,Sneakers,Sneakers,shoe,Blue,Winter,2019,Everyday / Streetwear,Victory runner,Everyday / Streetwear
672634001,Women,Shoes,Sneakers,Sneakers,shoe,Mole,Fall,2019,Everyday / Streetwear,Sesam fancy sneaker,Everyday / Streetwear
889675001,Women,Shoes,Pumps,Pumps,shoe,Beige,Summer,2019,Everyday / Streetwear,Azita sling back pump,Everyday / Streetwear
704406001,Women,Shoes,Flat shoe,Flat shoe,shoe,Brown,Winter,2019,Everyday / Streetwear,Majken fancy loafer,Everyday / Streetwear
623248007,Men,Shoes,Sandals,Sandals,shoe,Black,Fall,2019,Everyday / Streetwear,Blank espadrill,Everyday / Streetwear
643833002,Women,Shoes,Flip flop,Flip flop,shoe,Turquoise,Fall,2019,Everyday / Streetwear,Liquorice flipflop,Everyday / Streetwear
593990001,Women,Shoes,Other shoe,Other shoe,shoe,Black,Fall,2019,Everyday / Streetwear,Akram,Everyday / Streetwear
558953001,Women,Shoes,Boots,Boots,shoe,Black,Winter,2019,Everyday / Streetwear,OL STYXX PQ,Everyday / Streetwear
736489019,Women,Shoes,Sneakers,Sneakers,shoe,Beige,Spring,2019,Everyday / Streetwear,Zenit highlift sneaker,Everyday / Streetwear
892311001,Men,Shoes,Sneakers,Sneakers,shoe,White,Summer,2019,Everyday / Streetwear,Eta Court Sneaker,Everyday / Streetwear
586955001,Women,Shoes,Ballerinas,Ballerinas,shoe,Black,Summer,2019,Everyday / Streetwear,Holly ballerina(1),Everyday / Streetwear
717745003,Men,Shoes,Other shoe,Other shoe,shoe,Red,Fall,2019,Everyday / Streetwear,Hefner Loafer,Everyday / Streetwear
743160001,Women,Shoes,Flat shoe,Flat shoe,shoe,Black,Spring,2019,Everyday / Streetwear,OL SUE PQ slip-in,Everyday / Streetwear
721464002,Women,Shoes,Sandals,Sandals,shoe,Pink,Spring,2019,Everyday / Streetwear,Strawberry Sandal,Everyday / Streetwear
656121003,Men,Shoes,Other shoe,Other shoe,shoe,Black,Fall,2019,Everyday / Streetwear,Akoni Shoe,Everyday / Streetwear
843498001,Women,Shoes,Sneakers,Sneakers,shoe,White,Spring,2019,Everyday / Streetwear,Amba Sneaker,Everyday / Streetwear
645406001,Men,Shoes,Other shoe,Other shoe,shoe,Black,Summer,2019,Everyday / Streetwear,Malte Mule PQ,Everyday / Streetwear
631961002,Men,Shoes,Sandals,Sandals,shoe,Black,Fall,2019,Everyday / Streetwear,Marc Pq sandal,Everyday / Streetwear
583005001,Women,Shoes,Boots,Boots,shoe,Black,Fall,2019,Everyday / Streetwear,OL IMMY,Everyday / Streetwear
622964004,Women,Shoes,Sandals,Sandals,shoe,Brown,Fall,2019,Everyday / Streetwear,Martha sandal,Everyday / Streetwear
657159002,Women,Shoes,Flat shoe,Flat shoe,shoe,Black,Fall,2019,Everyday / Streetwear,OL ALFONS PQ Espadrille,Everyday / Streetwear
663350002,Men,Shoes,Other shoe,Other shoe,shoe,Brown,Spring,2019,Everyday / Streetwear,Omar monkstrap PQ,Everyday / Streetwear
641741001,Women,Shoes,Boots,Boots,shoe,Black,Fall,2019,Everyday / Streetwear,Palencia highshaft,Everyday / Streetwear
703729001,Women,Shoes,Boots,Boots,shoe,Metal,Winter,2019,Everyday / Streetwear,PE - MARCUS HIGHSHAFT BOOT,Everyday / Streetwear
893663002,Women,Shoes,Sandals,Sandals,shoe,Grey,Summer,2019,Everyday / Streetwear,Ernst,Everyday / Streetwear
629881006,Women,Shoes,Wedge,Wedge,shoe,Brown,Summer,2019,Everyday / Streetwear,OL CARMELO PQ Wedge (1),Everyday / Streetwear
857171001,Women,Shoes,Wedge,Wedge,shoe,Black,Summer,2019,Everyday / Streetwear,Zilva mule,Everyday / Streetwear
678376001,Women,Shoes,Boots,Boots,shoe,Black,Fall,2019,Everyday / Streetwear,CE - Doberman Bootie,Everyday / Streetwear
537074001,Women,Shoes,Boots,Boots,shoe,Metal,Spring,2019,Everyday / Streetwear,Campaign TINA,Everyday / Streetwear
902874001,Women,Shoes,Boots,Boots,shoe,Black,Summer,2019,Everyday / Streetwear,Rowling PQ boot,Everyday / Streetwear
701589001,Women,Shoes,Flat shoe,Flat shoe,shoe,Black,Spring,2019,Everyday / Streetwear,Hasse loafer,Everyday / Streetwear
713888001,Men,Shoes,Other shoe,Other shoe,shoe,Black,Summer,2019,Everyday / Streetwear,Maverick mocc shoe PQ,Everyday / Streetwear
630657006,Men,Shoes,Boots,Boots,shoe,Black,Fall,2019,Everyday / Streetwear,Edwin Monkstrap Shoe,Everyday / Streetwear
783652001,Women,Shoes,Bootie,Bootie,shoe,Black,Fall,2019,Everyday / Streetwear,Sylvia boot,Everyday / Streetwear
580469006,Women,Shoes,Pumps,Pumps,shoe,Pink,Fall,2019,Everyday / Streetwear,OL WASHINGTON PQ pump,Everyday / Streetwear
610988001,Women,Shoes,Sandals,Sandals,shoe,Black,Summer,2019,Everyday / Streetwear,Esther slipper,Everyday / Streetwear
586955032,Women,Shoes,Ballerinas,Ballerinas,shoe,Brown,Summer,2019,Everyday / Streetwear,Holly ballerina,Everyday / Streetwear
581275008,Women,Shoes,Sandals,Sandals,shoe,Metal,Spring,2019,Everyday / Streetwear,Polly sandal,Everyday / Streetwear
875227002,Women,Shoes,Other shoe,Other shoe,shoe,Brown,Spring,2019,Everyday / Streetwear,Nena Sandal,Everyday / Streetwear
606711001,Women,Shoes,Heeled sandals,Heeled sandals,shoe,Black,Summer,2019,Everyday / Streetwear,Rylee flatform,Everyday / Streetwear
777079002,Men,Shoes,Boots,Boots,shoe,Brown,Winter,2019,Everyday / Streetwear,Jason boot PQ,Everyday / Streetwear
922775001,Men,Shoes,Other shoe,Other shoe,shoe,Black,Summer,2019,Everyday / Streetwear,Fllyod Loafer,Everyday / Streetwear
877710001,Women,Shoes,Wedge,Wedge,shoe,Beige,Summer,2019,Everyday / Streetwear,Joan jute wedge,Everyday / Streetwear
869070005,Women,Shoes,Sandals,Sandals,shoe,Black,Summer,2019,Everyday / Streetwear,Tony Sandal,Everyday / Streetwear
564372003,Men,Shoes,Sneakers,Sneakers,shoe,Mole,Fall,2019,Everyday / Streetwear,Knut knitted runner,Everyday / Streetwear
576093001,Women,Shoes,Sneakers,Sneakers,shoe,White,Spring,2019,Everyday / Streetwear,Cloud sneaker,Everyday / Streetwear
469039028,Women,Shoes,Ballerinas,Ballerinas,shoe,Red,Summer,2019,Everyday / Streetwear,Henrik ballerina,Everyday / Streetwear
782814001,Men,Shoes,Sneakers,Sneakers,shoe,Grey,Spring,2019,Everyday / Streetwear,Nohar Microsuede,Everyday / Streetwear
586955009,Women,Shoes,Ballerinas,Ballerinas,shoe,Black,Fall,2019,Everyday / Streetwear,Amie ballerina,Everyday / Streetwear
578311005,Women,Shoes,Ballerinas,Ballerinas,shoe,Pink,Fall,2019,Everyday / Streetwear,OL KATE PQ ballerina,Everyday / Streetwear
859018001,Women,Shoes,Heeled sandals,Heeled sandals,shoe,Metal,Summer,2019,Everyday / Streetwear,Platon sandalette,Everyday / Streetwear
643145010,Men,Shoes,Sneakers,Sneakers,shoe,Blue,Fall,2019,Everyday / Streetwear,Liam runner,Everyday / Streetwear
733668004,Women,Shoes,Sandals,Sandals,shoe,White,Summer,2019,Everyday / Streetwear,CECIL PQ sandal,Everyday / Streetwear
586955026,Women,Shoes,Ballerinas,Ballerinas,shoe,Red,Winter,2019,Everyday / Streetwear,Holly ballerina,Everyday / Streetwear
808701002,Women,Shoes,Wedge,Wedge,shoe,Mole,Spring,2019,Everyday / Streetwear,Keira wedge,Everyday / Streetwear
805009002,Women,Shoes,Flat shoe,Flat shoe,shoe,Yellow,Winter,2019,Everyday / Streetwear,Dragon Loafer,Everyday / Streetwear
765143001,Men,Shoes,Sandals,Sandals,shoe,Black,Spring,2019,Everyday / Streetwear,Strike Strap Sandal(1),Everyday / Streetwear
713934005,Men,Shoes,Other shoe,Other shoe,shoe,Brown,Fall,2019,Everyday / Streetwear,Lange Loafer,Everyday / Streetwear
585107002,Men,Shoes,Sneakers,Sneakers,shoe,White,Fall,2019,Everyday / Streetwear,Filo runner,Everyday / Streetwear
663353001,Men,Shoes,Other shoe,Other shoe,shoe,Black,Fall,2019,Everyday / Streetwear,Porto blusher shoe PQ (1),Everyday / Streetwear
717943002,Women,Shoes,Sandals,Sandals,shoe,Brown,Spring,2019,Everyday / Streetwear,Luana sandal,Everyday / Streetwear
716868001,Women,Shoes,Sneakers,Sneakers,shoe,Black,Winter,2019,Everyday / Streetwear,Raven sneaker SPEED,Everyday / Streetwear
571202001,Women,Shoes,Boots,Boots,shoe,Black,Spring,2019,Everyday / Streetwear,LUCCA,Everyday / Streetwear
803587002,Women,Shoes,Flip flop,Flip flop,shoe,Pink,Summer,2019,Everyday / Streetwear,Patty Flip Flop,Everyday / Streetwear
875227003,Women,Shoes,Other shoe,Other shoe,shoe,Black,Spring,2019,Everyday / Streetwear,Nena Sandal,Everyday / Streetwear
838358002,Men,Shoes,Boots,Boots,shoe,Black,Summer,2019,Everyday / Streetwear,Charlie Chelsea Boot PQ(1),Everyday / Streetwear
857082001,Women,Shoes,Heeled sandals,Heeled sandals,shoe,Black,Summer,2019,Everyday / Streetwear,Zoe PQ sandalette,Everyday / Streetwear
564372001,Men,Shoes,Sneakers,Sneakers,shoe,Black,Fall,2019,Everyday / Streetwear,Knut knitted runner,Everyday / Streetwear
623934001,Men,Shoes,Sandals,Sandals,shoe,Black,Summer,2019,Everyday / Streetwear,James strap sandal PQ,Everyday / Streetwear
832093002,Women,Shoes,Heels,Heels,shoe,Black,Spring,2019,Everyday / Streetwear,Sunny Heel,Everyday / Streetwear
734460014,Women,Shoes,Sandals,Sandals,shoe,Pink,Summer,2019,Everyday / Streetwear,Doris sandal new,Everyday / Streetwear
859176001,Women,Shoes,Sandals,Sandals,shoe,Black,Spring,2019,Everyday / Streetwear,Sammy sandal,Everyday / Streetwear
619234011,Women,Shoes,Boots,Boots,shoe,Green,Spring,2019,Everyday / Streetwear,Inca boot,Everyday / Streetwear
792939001,Women,Shoes,Boots,Boots,shoe,Black,Fall,2019,Everyday / Streetwear,Elson boot,Everyday / Streetwear
492841004,Women,Shoes,Pumps,Pumps,shoe,Red,Winter,2019,Everyday / Streetwear,Rhea pump,Everyday / Streetwear
453831022,Women,Shoes,Sneakers,Sneakers,shoe,Black,Fall,2019,Everyday / Streetwear,MAIKEN LACE-UP,Everyday / Streetwear
581363018,Women,Shoes,Ballerinas,Ballerinas,shoe,Beige,Fall,2019,Everyday / Streetwear,Scallop ballerina,Everyday / Streetwear
578317003,Women,Shoes,Sandals,Sandals,shoe,Black,Summer,2019,Everyday / Streetwear,OL SABINA PQ sandal,Everyday / Streetwear
719010002,Women,Shoes,Boots,Boots,shoe,Pink,Winter,2019,Everyday / Streetwear,Albany sock,Everyday / Streetwear
437668015,Men,Shoes,Other shoe,Other shoe,shoe,Black,Fall,2019,Everyday / Streetwear,Ethan,Everyday / Streetwear
712048002,Men,Shoes,Sneakers,Sneakers,shoe,Black,Fall,2019,Everyday / Streetwear,Delta Court Sneaker,Everyday / Streetwear
689501001,Men,Shoes,Sneakers,Sneakers,shoe,Black,Spring,2019,Everyday / Streetwear,Maffy Runner PQ,Everyday / Streetwear
619235001,Women,Shoes,Boots,Boots,shoe,Black,Fall,2019,Everyday / Streetwear,Elson,Everyday / Streetwear
733656001,Women,Shoes,Sandals,Sandals,shoe,Red,Spring,2019,Everyday / Streetwear,OL GURAM PQ sandal,Everyday / Streetwear
437668014,Men,Shoes,Other shoe,Other shoe,shoe,Blue,Winter,2019,Everyday / Streetwear,Ethan,Everyday / Streetwear
655112002,Men,Shoes,Sneakers,Sneakers,shoe,Beige,Winter,2019,Everyday / Streetwear,Trinity runner PQ,Everyday / Streetwear
666739001,Women,Shoes,Slippers,Slippers,shoe,White,Winter,2019,Loungewear / Home,Fun Slipper,Loungewear / Home
892491001,Men,Shoes,Sneakers,Sneakers,shoe,Grey,Summer,2019,Everyday / Streetwear,Deacon Runner,Everyday / Streetwear
653789002,Women,Shoes,Slippers,Slippers,shoe,Pink,Winter,2019,Loungewear / Home,Plush Slipper,Loungewear / Home
585108002,Men,Shoes,Sneakers,Sneakers,shoe,Black,Winter,2019,Everyday / Streetwear,Curtis midcut sneaker,Everyday / Streetwear
665817002,Women,Shoes,Boots,Boots,shoe,Brown,Fall,2019,Everyday / Streetwear,OL WINONA PQ Boot,Everyday / Streetwear
732811001,Women,Shoes,Slippers,Slippers,shoe,Beige,Summer,2019,Loungewear / Home,Satin Slipper,Loungewear / Home
782142001,Women,Shoes,Boots,Boots,shoe,Black,Fall,2019,Everyday / Streetwear,Jorja PQ boot,Everyday / Streetwear
723388003,Women,Shoes,Heeled sandals,Heeled sandals,shoe,Beige,Spring,2019,Everyday / Streetwear,Vicky sandalette,Everyday / Streetwear
663406006,Men,Shoes,Boots,Boots,shoe,Brown,Summer,2019,Everyday / Streetwear,Erik Lace-up Boot,Everyday / Streetwear
349301023,Women,Shoes,Ballerinas,Ballerinas,shoe,Black,Fall,2019,Everyday / Streetwear,GLASSIG ESPADRILLE,Everyday / Streetwear
733175001,Men,Shoes,Other shoe,Other shoe,shoe,Black,Winter,2019,Everyday / Streetwear,Collin knitted shoe,Everyday / Streetwear
516219001,Women,Shoes,Boots,Boots,shoe,Black,Fall,2019,Everyday / Streetwear,Viola Boot,Everyday / Streetwear
900176001,Women,Garment Upper body,T-shirt,T-shirt,top,Black,Spring,2019,Everyday / Streetwear,ED Nora tee 2p,Everyday / Streetwear
700696003,Unisex,Garment Upper body,Top,Top,top,Grey,Summer,2019,Sportswear / Gym,Collin long sleeve,Sportswear / Gym
613569011,Women,Garment Upper body,Jacket,Jacket,top,Unknown,Winter,2019,Everyday / Streetwear,Pinus Jacket,Everyday / Streetwear
569984011,Men,Garment Upper body,Top,Top,top,Blue,Fall,2019,Everyday / Streetwear,R-NECK LS SLIM FIT,Everyday / Streetwear
568478005,Men,Garment Upper body,Shirt,Shirt,top,Red,Fall,2019,Office / Formal,CA Hugh Linen shirt,Office / Formal
779568001,Women,Garment Upper body,Sweater,Sweater,top,Grey,Fall,2019,Everyday / Streetwear,DIV Luve jumper,Everyday / Streetwear
781820002,Men,Garment Upper body,Polo shirt,Polo shirt,top,Black,Summer,2019,Everyday / Streetwear,ENOKI SS MUSCLE JERSEY SHIRT,Everyday / Streetwear
677077001,Women,Garment Upper body,T-shirt,T-shirt,top,Grey,Fall,2019,Everyday / Streetwear,Pahlson Tee,Everyday / Streetwear
539239002,Women,Garment Upper body,Vest top,Vest top,top,Khaki green,Summer,2019,Everyday / Streetwear,Kira lace-up,Everyday / Streetwear
871957001,Women,Garment Upper body,Top,Top,top,Black,Winter,2019,Everyday / Streetwear,Gorgeous top,Everyday / Streetwear
890095001,Women,Garment Upper body,Jacket,Jacket,top,Beige,Summer,2019,Everyday / Streetwear,Yogi jacket,Everyday / Streetwear
720441001,Women,Garment Upper body,Jacket,Jacket,top,Khaki green,Spring,2019,Everyday / Streetwear,LOGG Grils Parka,Everyday / Streetwear
776777003,Women,Garment Upper body,Sweater,Sweater,top,Mole,Fall,2019,Everyday / Streetwear,D2 PE LOU KNIT,Everyday / Streetwear
850241001,Women,Garment Upper body,Blouse,Blouse,top,White,Summer,2019,Everyday / Streetwear,Griezman,Everyday / Streetwear
701574004,Men,Garment Upper body,Shirt,Shirt,top,Black,Spring,2019,Everyday / Streetwear,Nat ls linnen mix solid,Everyday / Streetwear
586307013,Unisex,Garment Upper body,Vest top,Vest top,top,Black,Fall,2019,Sportswear / Gym,EVA tanktop,Sportswear / Gym
797150003,Women,Garment Upper body,Blouse,Blouse,top,Green,Fall,2019,Everyday / Streetwear,Valentine,Everyday / Streetwear
514577020,Women,Garment Upper body,Top,Top,top,Blue,Spring,2019,Everyday / Streetwear,Alex tee,Everyday / Streetwear
597061001,Women,Garment Upper body,Jacket,Jacket,top,White,Summer,2019,Everyday / Streetwear,Larache raincoat,Everyday / Streetwear
622444003,Women,Garment Upper body,Top,Top,top,Black,Winter,2019,Everyday / Streetwear,Batwing top,Everyday / Streetwear
574109028,Women,Garment Upper body,Sweater,Sweater,top,Blue,Winter,2019,Everyday / Streetwear,Rachel LS TVP,Everyday / Streetwear
539469001,Women,Garment Upper body,Blouse,Blouse,top,Black,Fall,2019,Everyday / Streetwear,W Freesia blouse EQ,Everyday / Streetwear
866583003,Women,Garment Upper body,Top,Top,top,Pink,Spring,2019,Everyday / Streetwear,Sofia blouse SS (J),Everyday / Streetwear
762457001,Women,Garment Upper body,Sweater,Sweater,top,Black,Spring,2019,Loungewear / Home,Princess,Loungewear / Home
809022001,Men,Garment Upper body,Sweater,Sweater,top,Blue,Winter,2019,Office / Formal,R-neck James stripe,Office / Formal
838729002,Women,Garment Upper body,Shirt,Shirt,top,Lilac Purple,Winter,2019,Everyday / Streetwear,CLYDE KNOTTED SHIRT,Everyday / Streetwear
839332003,Women,Garment Upper body,Blazer,Blazer,top,Beige,Summer,2019,Office / Formal,Burmilla blazer,Office / Formal
542695004,Women,Garment Upper body,Hoodie,Hoodie,top,Red,Fall,2019,Everyday / Streetwear,Julep hood,Everyday / Streetwear
620081008,Women,Garment Upper body,Sweater,Sweater,top,Grey,Fall,2019,Everyday / Streetwear,Tulip jumper,Everyday / Streetwear
599781001,Women,Garment Upper body,Shirt,Shirt,top,Khaki green,Fall,2019,Everyday / Streetwear,OMAN BASIC SHIRT S.7,Everyday / Streetwear
708729006,Women,Garment Upper body,T-shirt,T-shirt,top,White,Winter,2019,Everyday / Streetwear,EQ TERRIER TEE,Everyday / Streetwear
662961003,Men,Garment Upper body,Vest top,Vest top,top,Green,Fall,2019,Everyday / Streetwear,MARMITE,Everyday / Streetwear
639192006,Women,Garment Upper body,Blazer,Blazer,top,Lilac Purple,Fall,2019,Everyday / Streetwear,Capri blazer,Everyday / Streetwear
564491001,Women,Garment Upper body,Sweater,Sweater,top,Beige,Fall,2019,Everyday / Streetwear,Filip,Everyday / Streetwear
930380001,Women,Garment Upper body,Blouse,Blouse,top,Orange,Summer,2019,Everyday / Streetwear,Ruccola,Everyday / Streetwear
671057003,Women,Garment Upper body,T-shirt,T-shirt,top,White,Fall,2019,Everyday / Streetwear,PRICE TEE ISW 21,Everyday / Streetwear
767473008,Women,Garment Upper body,Top,Top,top,Beige,Spring,2019,Everyday / Streetwear,ED Ruccola,Everyday / Streetwear
548932006,Women,Garment Upper body,Blouse,Blouse,top,Blue,Fall,2019,Everyday / Streetwear,ED Syrup shelltop,Everyday / Streetwear
715624036,Women,Garment Upper body,Hoodie,Hoodie,top,Orange,Fall,2019,Everyday / Streetwear,Becka hoodie,Everyday / Streetwear
624148003,Women,Garment Upper body,Blouse,Blouse,top,Blue,Fall,2019,Everyday / Streetwear,CS Tiramisu,Everyday / Streetwear
656015003,Women,Garment Upper body,T-shirt,T-shirt,top,Pink,Fall,2019,Everyday / Streetwear,Roxy Ringer Tee,Everyday / Streetwear
800862001,Women,Garment Upper body,Top,Top,top,Black,Summer,2019,Loungewear / Home,B VERBENA KAFTAN new,Loungewear / Home
769561001,Women,Garment Upper body,Top,Top,top,White,Spring,2019,Everyday / Streetwear,ED Griezman,Everyday / Streetwear
909920001,Women,Garment Upper body,Vest top,Vest top,top,White,Summer,2019,Loungewear / Home,LW (J) Cindy consc tank,Loungewear / Home
739267001,Women,Garment Upper body,Shirt,Shirt,top,Blue,Summer,2019,Everyday / Streetwear,Seahorse,Everyday / Streetwear
855769001,Women,Garment Upper body,Blouse,Blouse,top,White,Summer,2019,Office / Formal,Kent blouse,Office / Formal
772774002,Women,Garment Upper body,Jacket,Jacket,top,Brown,Fall,2019,Everyday / Streetwear,Seinfeld Padded,Everyday / Streetwear
633130007,Women,Garment Upper body,Sweater,Sweater,top,Blue,Fall,2019,Everyday / Streetwear,Zebra sweater TOP PRODUCT,Everyday / Streetwear
829643003,Women,Garment Upper body,Jacket,Jacket,top,Black,Summer,2019,Everyday / Streetwear,Salmon basic denim,Everyday / Streetwear
845060001,Women,Garment Upper body,Top,Top,top,White,Spring,2019,Everyday / Streetwear,LOGG Onyx embr frill tee,Everyday / Streetwear
682028001,Women,Garment Upper body,Cardigan,Cardigan,top,Black,Fall,2019,Everyday / Streetwear,Estelle throw on,Everyday / Streetwear
748816005,Women,Garment Upper body,Blouse,Blouse,top,Blue,Spring,2019,Office / Formal,Doors,Office / Formal
623859010,Men,Garment Upper body,Polo shirt,Polo shirt,top,Blue,Spring,2019,Everyday / Streetwear,BASIL polo shirt,Everyday / Streetwear
802444001,Women,Garment Upper body,Sweater,Sweater,top,Grey,Fall,2019,Everyday / Streetwear,PQ VIRPI CASH HOODIE,Everyday / Streetwear
914541001,Women,Garment Upper body,Blouse,Blouse,top,White,Summer,2019,Everyday / Streetwear,Brienne top,Everyday / Streetwear
610776005,Women,Garment Upper body,T-shirt,T-shirt,top,Orange,Fall,2019,Everyday / Streetwear,Tilly,Everyday / Streetwear
772005017,Women,Garment Upper body,T-shirt,T-shirt,top,White,Summer,2019,Everyday / Streetwear,Tilly.,Everyday / Streetwear
572797010,Women,Garment Upper body,Vest top,Vest top,top,Blue,Fall,2019,Everyday / Streetwear,TANKTOP LACE 17,Everyday / Streetwear
801673005,Women,Garment Upper body,Top,Top,top,Pink,Fall,2019,Everyday / Streetwear,Yasmine LS,Everyday / Streetwear
633162015,Men,Garment Upper body,T-shirt,T-shirt,top,White,Spring,2019,Everyday / Streetwear,HALLOUMI,Everyday / Streetwear
515993004,Women,Garment Upper body,T-shirt,T-shirt,top,Black,Winter,2019,Everyday / Streetwear,Uma SS,Everyday / Streetwear
540338003,Women,Garment Upper body,Jacket,Jacket,top,Pink,Spring,2019,Everyday / Streetwear,Valentin jacket,Everyday / Streetwear
770816009,Men,Garment Upper body,T-shirt,T-shirt,top,Mole,Summer,2019,Everyday / Streetwear,Robbie Tee 9.99:-,Everyday / Streetwear
587026003,Men,Garment Upper body,Sweater,Sweater,top,Pink,Fall,2019,Everyday / Streetwear,WALES,Everyday / Streetwear
615248001,Unisex,Garment Upper body,T-shirt,T-shirt,top,Red,Fall,2019,Sportswear / Gym,DOMINICA loose mesh tee,Sportswear / Gym
891846001,Men,Garment Upper body,Shirt,Shirt,top,Blue,Summer,2019,Office / Formal,CORAL REG 2 POCKET BD SHIRT,Office / Formal
829185002,Women,Garment Upper body,Blouse,Blouse,top,Orange,Summer,2019,Everyday / Streetwear,SEC SPEED P5 LILY BLOUSE,Everyday / Streetwear
361467038,Women,Garment Upper body,Top,Top,top,Red,Spring,2019,Everyday / Streetwear,Claire S/S,Everyday / Streetwear
696527003,Women,Garment Upper body,Blouse,Blouse,top,Red,Spring,2019,Everyday / Streetwear,Taylor blouse,Everyday / Streetwear
699270001,Women,Garment Upper body,Top,Top,top,Pink,Summer,2019,Everyday / Streetwear,PE ROXANNE TOP 3,Everyday / Streetwear
707983003,Women,Garment Upper body,Blazer,Blazer,top,Red,Winter,2019,Office / Formal,Drums,Office / Formal
634013006,Men,Garment Upper body,Shirt,Shirt,top,Red,Fall,2019,Everyday / Streetwear,Pat ls bd oxford solid,Everyday / Streetwear
900384001,Women,Garment Upper body,T-shirt,T-shirt,top,Pink,Summer,2019,Everyday / Streetwear,Babe LS,Everyday / Streetwear
621048002,Women,Garment Upper body,Vest top,Vest top,top,White,Summer,2019,Everyday / Streetwear,Derry Tank,Everyday / Streetwear
581086001,Women,Garment Upper body,Sweater,Sweater,top,Blue,Fall,2019,Everyday / Streetwear,Moss cable sweater,Everyday / Streetwear
802881001,Women,Garment Upper body,Jacket,Jacket,top,Black,Spring,2019,Everyday / Streetwear,Moss PU biker,Everyday / Streetwear
874113010,Women,Garment Upper body,Sweater,Sweater,top,White,Summer,2019,Everyday / Streetwear,Zebra sweat - TVP,Everyday / Streetwear
757811004,Men,Garment Upper body,T-shirt,T-shirt,top,Blue,Spring,2019,Everyday / Streetwear,Barry Tee,Everyday / Streetwear
617087007,Women,Garment Upper body,Blouse,Blouse,top,White,Fall,2019,Everyday / Streetwear,Snake embroidery top,Everyday / Streetwear
869169003,Women,Garment Upper body,Vest top,Vest top,top,Beige,Summer,2019,Everyday / Streetwear,Kim racing tank,Everyday / Streetwear
829185001,Women,Garment Upper body,Blouse,Blouse,top,Black,Summer,2019,Everyday / Streetwear,SEC SPEED P5 LILY BLOUSE,Everyday / Streetwear
855235001,Women,Garment Upper body,Blouse,Blouse,top,Green,Winter,2019,Everyday / Streetwear,Bertha Blouse Jsy,Everyday / Streetwear
726465002,Women,Garment Upper body,Top,Top,top,White,Summer,2019,Office / Formal,Alice lace top,Office / Formal
504152012,Women,Garment Upper body,Cardigan,Cardigan,top,Grey,Fall,2019,Everyday / Streetwear,Friend,Everyday / Streetwear
885803005,Unisex,Garment Upper body,Sweater,Sweater,top,Beige,Summer,2019,Sportswear / Gym,Cortina Fleece Jacket,Sportswear / Gym
557908004,Men,Garment Upper body,Shirt,Shirt,top,White,Summer,2019,Everyday / Streetwear,Frame Slim SS,Everyday / Streetwear
867740001,Unisex,Garment Upper body,Jacket,Jacket,top,Pink,Summer,2019,Sportswear / Gym,Norway Hood,Sportswear / Gym
710899001,Women,Garment Upper body,Sweater,Sweater,top,Yellow,Fall,2019,Everyday / Streetwear,Harper Turtleneck,Everyday / Streetwear
673638003,Women,Garment Upper body,Sweater,Sweater,top,Pink,Winter,2019,Loungewear / Home,Son V-neck,Loungewear / Home
741482002,Women,Garment Upper body,Sweater,Sweater,top,Grey,Fall,2019,Everyday / Streetwear,York Hairy Mock Neck,Everyday / Streetwear
749699019,Women,Garment Upper body,Vest top,Vest top,top,Blue,Spring,2019,Office / Formal,Chestnut strap top,Office / Formal
570240003,Men,Garment Upper body,Blazer,Blazer,top,Blue,Fall,2019,Everyday / Streetwear,Vincent light Blz,Everyday / Streetwear
903824002,Women,Garment Upper body,Sweater,Sweater,top,White,Summer,2019,Office / Formal,Neroli sweater,Office / Formal
570926001,Women,Garment Upper body,Sweater,Sweater,top,White,Spring,2019,Everyday / Streetwear,PAMELA pile hood,Everyday / Streetwear
636571001,Women,Garment Upper body,Top,Top,top,Black,Fall,2019,Everyday / Streetwear,Calder blouse,Everyday / Streetwear
702758001,Men,Garment Upper body,Hoodie,Hoodie,top,Black,Spring,2019,Everyday / Streetwear,Gyle anorak,Everyday / Streetwear
688873009,Women,Garment Upper body,Blouse,Blouse,top,Black,Fall,2019,Office / Formal,Gyda!,Office / Formal
535455001,Women,Garment Upper body,Blouse,Blouse,top,Blue,Summer,2019,Everyday / Streetwear,Lastday,Everyday / Streetwear
789394002,Women,Garment Upper body,Sweater,Sweater,top,Yellow,Spring,2019,Everyday / Streetwear,SC URSULA sweater,Everyday / Streetwear
598811010,Women,Garment Upper body,Vest top,Vest top,top,White,Winter,2019,Everyday / Streetwear,Dingo tank,Everyday / Streetwear
743840010,Men,Garment Upper body,Shirt,Shirt,top,Blue,Winter,2019,Everyday / Streetwear,NILS LS CHECK,Everyday / Streetwear
707357001,Women,Garment Upper body,Top,Top,top,White,Spring,2019,Everyday / Streetwear,Annica wrap top,Everyday / Streetwear
923468001,Women,Garment Upper body,Bodysuit,Bodysuit,top,White,Summer,2019,Everyday / Streetwear,Vira Body,Everyday / Streetwear
656406002,Women,Garment Upper body,Shirt,Shirt,top,White,Fall,2019,Everyday / Streetwear,LF Lin Oversize Shirt,Everyday / Streetwear
633574001,Women,Garment Upper body,Top,Top,top,Orange,Summer,2019,Everyday / Streetwear,Vanilla Top,Everyday / Streetwear
629473002,Unisex,Garment Upper body,Vest top,Vest top,top,Black,Fall,2019,Sportswear / Gym,JADE Tank,Sportswear / Gym
637514001,Men,Garment Upper body,Cardigan,Cardigan,top,Blue,Fall,2019,Office / Formal,Baz cardigan,Office / Formal
599773008,Men,Garment Upper body,T-shirt,T-shirt,top,Lilac Purple,Winter,2019,Everyday / Streetwear,Sally Stripe Tee,Everyday / Streetwear
877279002,Women,Garment Upper body,Top,Top,top,Pink,Spring,2019,Everyday / Streetwear,Gibson S/S,Everyday / Streetwear
696594017,Women,Garment Upper body,Blouse,Blouse,top,White,Summer,2019,Everyday / Streetwear,ANGELICA S.9,Everyday / Streetwear
796248001,Women,Garment Upper body,Hoodie,Hoodie,top,White,Fall,2019,Everyday / Streetwear,FF Azalea hood PI,Everyday / Streetwear
727581002,Women,Garment Upper body,Shirt,Shirt,top,White,Spring,2019,Everyday / Streetwear,Malte long popover,Everyday / Streetwear
740412011,Unisex,Garment Upper body,Hoodie,Hoodie,top,Grey,Summer,2019,Sportswear / Gym,Curtis hood,Sportswear / Gym
778605003,Women,Garment Upper body,Vest top,Vest top,top,Orange,Spring,2019,Everyday / Streetwear,Knut top,Everyday / Streetwear
734140001,Women,Garment Upper body,Cardigan,Cardigan,top,Beige,Winter,2019,Everyday / Streetwear,Ryder,Everyday / Streetwear
735749003,Men,Garment Upper body,T-shirt,T-shirt,top,Blue,Spring,2019,Office / Formal,SALT regular tee,Office / Formal
792193003,Women,Garment Upper body,Vest top,Vest top,top,Red,Summer,2019,Everyday / Streetwear,GOSSIP CONSCIOUS LOOSE TANK +,Everyday / Streetwear
913754003,Women,Garment Upper body,Bodysuit,Bodysuit,top,Black,Summer,2019,Everyday / Streetwear,Heidi body,Everyday / Streetwear
756400001,Women,Garment Upper body,T-shirt,T-shirt,top,White,Spring,2019,Everyday / Streetwear,BENDELA TEE CONCIOUS,Everyday / Streetwear
868823007,Unisex,Garment Upper body,Top,Top,top,Khaki green,Summer,2019,Sportswear / Gym,Strong seamless v-neck bralett,Sportswear / Gym
736802002,Women,Garment Upper body,Top,Top,top,Black,Spring,2019,Everyday / Streetwear,Thalita,Everyday / Streetwear
789398001,Women,Garment Upper body,Sweater,Sweater,top,White,Fall,2019,Everyday / Streetwear,SC KICKI knit,Everyday / Streetwear
564358003,Men,Garment Upper body,Sweater,Sweater,top,Grey,Fall,2019,Everyday / Streetwear,PAUL  R-NECK,Everyday / Streetwear
826505005,Women,Garment Upper body,Sweater,Sweater,top,White,Spring,2019,Loungewear / Home,Kista,Loungewear / Home
562532001,Women,Garment Upper body,Hoodie,Hoodie,top,Pink,Fall,2019,Everyday / Streetwear,CSP Screwdriver hood,Everyday / Streetwear
570004111,Men,Garment Upper body,Polo shirt,Polo shirt,top,Blue,Spring,2019,Everyday / Streetwear,PETER POLO,Everyday / Streetwear
669534002,Men,Garment Upper body,Shirt,Shirt,top,Blue,Winter,2019,Everyday / Streetwear,CALLUM LS SOLID,Everyday / Streetwear
528790004,Women,Garment Upper body,Vest top,Vest top,top,Pink,Fall,2019,Everyday / Streetwear,Cloud,Everyday / Streetwear
881942001,Women,Garment Upper body,Blouse,Blouse,top,Black,Summer,2019,Everyday / Streetwear,Fox,Everyday / Streetwear
574109011,Women,Garment Upper body,Sweater,Sweater,top,Black,Fall,2019,Everyday / Streetwear,Rachel LS TVP,Everyday / Streetwear
576232001,Women,Garment Upper body,Sweater,Sweater,top,Black,Fall,2019,Everyday / Streetwear,Cognac LS,Everyday / Streetwear
734461012,Men,Garment Upper body,Hoodie,Hoodie,top,Mole,Winter,2019,Everyday / Streetwear,Wow Rispan Hood 19.99:-,Everyday / Streetwear
497093002,Women,Garment Upper body,Jacket,Jacket,top,Black,Fall,2019,Everyday / Streetwear,Rogers Duster Coat,Everyday / Streetwear
609483023,Unisex,Garment Upper body,T-shirt,T-shirt,top,Black,Summer,2019,Sportswear / Gym,Olof tee,Sportswear / Gym
796238001,Women,Garment Upper body,Shirt,Shirt,top,Black,Fall,2019,Everyday / Streetwear,FF Begonia shirt,Everyday / Streetwear
623860004,Unisex,Garment Upper body,Hoodie,Hoodie,top,Grey,Fall,2019,Sportswear / Gym,SB Liam Basic Zip Hood,Sportswear / Gym
619552002,Men,Garment Upper body,Shirt,Shirt,top,Blue,Fall,2019,Office / Formal,Mandarin Coma,Office / Formal
810393001,Women,Garment Upper body,Jacket,Jacket,top,Mole,Spring,2019,Everyday / Streetwear,Lee Parka,Everyday / Streetwear
768193001,Men,Garment Upper body,Jacket,Jacket,top,Black,Fall,2019,Everyday / Streetwear,Brienne parka,Everyday / Streetwear
722475024,Men,Garment Upper body,Shirt,Shirt,top,Blue,Spring,2019,Office / Formal,FRAME Easy Iron TVP,Office / Formal
558973007,Women,Garment Upper body,Sweater,Sweater,top,Grey,Fall,2019,Everyday / Streetwear,Bama jumper,Everyday / Streetwear
539387002,Women,Garment Upper body,Cardigan,Cardigan,top,Black,Fall,2019,Everyday / Streetwear,Zelda cardigan,Everyday / Streetwear
678692006,Unisex,Garment Upper body,Vest top,Vest top,top,Black,Spring,2019,Sportswear / Gym,DEXTER TANK,Sportswear / Gym
621522032,Men,Garment Upper body,T-shirt,T-shirt,top,Red,Fall,2019,Everyday / Streetwear,Mike tee,Everyday / Streetwear
860525001,Women,Garment Upper body,Vest top,Vest top,top,Blue,Spring,2019,Everyday / Streetwear,FIG TANK,Everyday / Streetwear
643502001,Men,Garment Upper body,Polo shirt,Polo shirt,top,Black,Fall,2019,Everyday / Streetwear,SEED SS POLO,Everyday / Streetwear
615169006,Women,Garment Upper body,Top,Top,top,White,Spring,2019,Everyday / Streetwear,Vincent,Everyday / Streetwear
698774003,Women,Garment Upper body,Jacket,Jacket,top,Red,Winter,2019,Everyday / Streetwear,Gwyneth Coat,Everyday / Streetwear
630696001,Women,Garment Upper body,Blouse,Blouse,top,Black,Fall,2019,Everyday / Streetwear,SPEED PLUTO,Everyday / Streetwear
740412015,Unisex,Garment Upper body,Hoodie,Hoodie,top,Grey,Summer,2019,Sportswear / Gym,Curtis hood,Sportswear / Gym
818905001,Women,Garment Upper body,Jacket,Jacket,top,Yellow,Fall,2019,Everyday / Streetwear,GREY Dixie jkt,Everyday / Streetwear
562582002,Women,Garment Upper body,Top,Top,top,Grey,Fall,2019,Everyday / Streetwear,PUFFY CREW V 5,Everyday / Streetwear
848039001,Women,Garment Upper body,Bodysuit,Bodysuit,top,Black,Summer,2019,Everyday / Streetwear,PISCO SOUR BODY,Everyday / Streetwear
805802002,Men,Garment Upper body,Sweater,Sweater,top,Red,Winter,2019,Everyday / Streetwear,Lucas crew color block,Everyday / Streetwear
805933001,Unisex,Garment Upper body,Top,Top,top,Red,Winter,2019,Sportswear / Gym,Maisy 2-p,Sportswear / Gym
770780002,Women,Garment Upper body,Blouse,Blouse,top,Beige,Spring,2019,Everyday / Streetwear,Gonzales Blouse,Everyday / Streetwear
743840018,Men,Garment Upper body,Shirt,Shirt,top,Beige,Summer,2019,Everyday / Streetwear,NILS LS CHECK,Everyday / Streetwear
755851001,Women,Garment Upper body,Top,Top,top,Beige,Summer,2019,Everyday / Streetwear,Sugar top,Everyday / Streetwear
611446001,Women,Garment Upper body,Blouse,Blouse,top,Red,Winter,2019,Everyday / Streetwear,Amelie Blouse,Everyday / Streetwear
678942047,Women,Garment Upper body,Sweater,Sweater,top,Lilac Purple,Spring,2019,Loungewear / Home,Harrison (1),Loungewear / Home
756188001,Women,Garment Upper body,Vest top,Vest top,top,Black,Summer,2019,Everyday / Streetwear,Haddock Twist Tank,Everyday / Streetwear
897191002,Women,Garment Upper body,Blouse,Blouse,top,White,Summer,2019,Everyday / Streetwear,Roberta NEW,Everyday / Streetwear
719336001,Women,Garment Upper body,Blazer,Blazer,top,Black,Winter,2019,Everyday / Streetwear,ED Capri blazer,Everyday / Streetwear
735437003,Women,Garment Upper body,Top,Top,top,Blue,Summer,2019,Everyday / Streetwear,Drogba top,Everyday / Streetwear
524500003,Women,Garment Upper body,Jacket,Jacket,top,Black,Fall,2019,Everyday / Streetwear,Donatella jacket,Everyday / Streetwear
795020001,Women,Garment Upper body,Jacket,Jacket,top,Blue,Fall,2019,Everyday / Streetwear,Garfield Parka,Everyday / Streetwear
684818004,Men,Garment Upper body,Shirt,Shirt,top,Blue,Spring,2019,Everyday / Streetwear,NILS,Everyday / Streetwear
708138009,Women,Garment Upper body,Blazer,Blazer,top,Beige,Summer,2019,Office / Formal,Nikki Blazer,Office / Formal
660295001,Men,Garment Upper body,Sweater,Sweater,top,Black,Fall,2019,Everyday / Streetwear,Rug Knit,Everyday / Streetwear
661408001,Unisex,Garment Upper body,Sweater,Sweater,top,Blue,Winter,2019,Sportswear / Gym,JULIANNE ls conscious,Sportswear / Gym
654921001,Women,Garment Upper body,Sweater,Sweater,top,Black,Winter,2019,Everyday / Streetwear,HM+ Winona cardigan,Everyday / Streetwear
652205001,Women,Garment Upper body,Vest top,Vest top,top,White,Spring,2019,Everyday / Streetwear,Peplum smock,Everyday / Streetwear
493425007,Unisex,Garment Upper body,T-shirt,T-shirt,top,Turquoise,Fall,2019,Sportswear / Gym,Izzy t-shirt,Sportswear / Gym
767225002,Women,Garment Upper body,Top,Top,top,Unknown,Summer,2019,Everyday / Streetwear,Bianca longsleeve,Everyday / Streetwear
820097001,Men,Garment Upper body,Jacket,Jacket,top,Blue,Spring,2019,Everyday / Streetwear,Teddy denim jkt,Everyday / Streetwear
709034008,Women,Garment Upper body,Sweater,Sweater,top,Black,Spring,2019,Everyday / Streetwear,Mandy knitted jumper,Everyday / Streetwear
656487002,Women,Garment Upper body,T-shirt,T-shirt,top,White,Fall,2019,Everyday / Streetwear,LOVE UN tee,Everyday / Streetwear
733097004,Women,Garment Upper body,Top,Top,top,Beige,Summer,2019,Everyday / Streetwear,Saga body,Everyday / Streetwear
730609008,Men,Garment Upper body,T-shirt,T-shirt,top,White,Spring,2019,Everyday / Streetwear,Marvin tee,Everyday / Streetwear
879973001,Women,Garment Upper body,Shirt,Shirt,top,Blue,Summer,2019,Everyday / Streetwear,DANI DENIM SHIRT,Everyday / Streetwear
933776003,Men,Garment Upper body,Sweater,Sweater,top,Blue,Summer,2019,Everyday / Streetwear,Middlesbrough,Everyday / Streetwear
653567003,Women,Garment Upper body,Jacket,Jacket,top,Khaki green,Fall,2019,Everyday / Streetwear,DIV Leia parka,Everyday / Streetwear
834462002,Women,Garment Upper body,Top,Top,top,Black,Spring,2019,Everyday / Streetwear,Capri crochet halterneck,Everyday / Streetwear
607772002,Women,Garment Upper body,Top,Top,top,Black,Fall,2019,Everyday / Streetwear,J Birmingham EQ,Everyday / Streetwear
674865002,Men,Garment Upper body,Sweater,Sweater,top,Red,Fall,2019,Everyday / Streetwear,Claus chrismtas jaquard,Everyday / Streetwear
648414003,Men,Garment Upper body,Hoodie,Hoodie,top,Black,Fall,2019,Everyday / Streetwear,Yate hood,Everyday / Streetwear
535488010,Women,Garment Upper body,Sweater,Sweater,top,Blue,Fall,2019,Everyday / Streetwear,Matey (1),Everyday / Streetwear
625466001,Men,Garment Upper body,Shirt,Shirt,top,Grey,Fall,2019,Everyday / Streetwear,Arty denim cutoff,Everyday / Streetwear
348442015,Women,Garment Upper body,Top,Top,top,White,Fall,2019,Everyday / Streetwear,Gilberto top,Everyday / Streetwear
504155011,Women,Garment Upper body,Sweater,Sweater,top,Red,Fall,2019,Everyday / Streetwear,Kirsten,Everyday / Streetwear
830869001,Women,Garment Upper body,Top,Top,top,Black,Winter,2019,Everyday / Streetwear,Roche  Top,Everyday / Streetwear
783573001,Men,Garment Upper body,Jacket,Jacket,top,Black,Winter,2019,Everyday / Streetwear,lightweight puffer vest,Everyday / Streetwear
642105003,Women,Garment Upper body,Blouse,Blouse,top,Blue,Fall,2019,Everyday / Streetwear,Bonnie flowy blouse,Everyday / Streetwear
678942002,Women,Garment Upper body,Sweater,Sweater,top,Pink,Spring,2019,Loungewear / Home,Harrison,Loungewear / Home
678342004,Women,Garment Upper body,T-shirt,T-shirt,top,Khaki green,Fall,2019,Everyday / Streetwear,Lima SS.,Everyday / Streetwear
731121002,Women,Garment Upper body,Blouse,Blouse,top,Black,Winter,2019,Everyday / Streetwear,Jemima,Everyday / Streetwear
823034001,Women,Garment Upper body,Top,Top,top,Orange,Spring,2019,Everyday / Streetwear,Waffle set,Everyday / Streetwear
798087002,Women,Garment Upper body,Blouse,Blouse,top,Red,Summer,2019,Everyday / Streetwear,Adria tunic,Everyday / Streetwear
773720002,Women,Garment Upper body,Shirt,Shirt,top,White,Summer,2019,Everyday / Streetwear,Premium LIA silk shirt,Everyday / Streetwear
561815002,Women,Garment Upper body,Top,Top,top,Khaki green,Fall,2019,Everyday / Streetwear,Ezzi,Everyday / Streetwear
551045017,Men,Garment Upper body,Hoodie,Hoodie,top,Orange,Summer,2019,Everyday / Streetwear,Printed Hood 24.99,Everyday / Streetwear
630316012,Women,Garment Upper body,Blouse,Blouse,top,Blue,Winter,2019,Everyday / Streetwear,Shay blouse,Everyday / Streetwear
707135013,Women,Garment Upper body,Sweater,Sweater,top,Orange,Winter,2019,Office / Formal,Vivi boatneck,Office / Formal
819520002,Women,Garment Upper body,Top,Top,top,White,Fall,2019,Everyday / Streetwear,Georgina,Everyday / Streetwear
652214003,Women,Garment Upper body,Jacket,Jacket,top,Black,Fall,2019,Everyday / Streetwear,MC Drums tweed,Everyday / Streetwear
535035001,Women,Garment Upper body,Jacket,Jacket,top,Grey,Fall,2019,Everyday / Streetwear,Ultimate parka,Everyday / Streetwear
606602002,Men,Garment Upper body,Jacket,Jacket,top,Orange,Fall,2019,Everyday / Streetwear,Loutus Denim jkt,Everyday / Streetwear
849364001,Men,Garment Upper body,Blazer,Blazer,top,Blue,Summer,2019,Office / Formal,Benjamin Slim Blazer,Office / Formal
543054005,Women,Garment Upper body,Sweater,Sweater,top,Blue,Fall,2019,Everyday / Streetwear,Danja Sweater,Everyday / Streetwear
550285005,Women,Garment Upper body,Sweater,Sweater,top,Grey,Winter,2019,Everyday / Streetwear,Tess,Everyday / Streetwear
702493003,Women,Garment Upper body,Top,Top,top,Pink,Spring,2019,Everyday / Streetwear,Oak top,Everyday / Streetwear
906105001,Women,Garment Upper body,Cardigan,Cardigan,top,White,Summer,2019,Everyday / Streetwear,Terrance jumper,Everyday / Streetwear
771759011,Women,Garment Upper body,Sweater,Sweater,top,Beige,Summer,2019,Everyday / Streetwear,PQ COCOS CASH SL TOP,Everyday / Streetwear
707147004,Women,Garment Upper body,Vest top,Vest top,top,Pink,Summer,2019,Everyday / Streetwear,PINKY+,Everyday / Streetwear
756904013,Women,Garment Upper body,Top,Top,top,Beige,Spring,2019,Everyday / Streetwear,ED Pingu,Everyday / Streetwear
607642009,Women,Garment Upper body,Shirt,Shirt,top,Green,Spring,2019,Office / Formal,The Firm (1),Office / Formal
622893001,Women,Garment Upper body,Blouse,Blouse,top,White,Fall,2019,Everyday / Streetwear,singapore set top,Everyday / Streetwear
696890003,Men,Garment Upper body,Shirt,Shirt,top,Blue,Fall,2019,Everyday / Streetwear,BENJAMIN CORD SHIRT,Everyday / Streetwear
876345001,Women,Garment Upper body,Blouse,Blouse,top,White,Spring,2019,Everyday / Streetwear,Mars blouse,Everyday / Streetwear
699755072,Men,Garment Upper body,Hoodie,Hoodie,top,Yellow,Summer,2019,Everyday / Streetwear,YATE hood,Everyday / Streetwear
597494004,Women,Garment Upper body,Blouse,Blouse,top,Blue,Fall,2019,Everyday / Streetwear,Vera crochet top,Everyday / Streetwear
674863001,Women,Garment Upper body,Top,Top,top,Black,Fall,2019,Everyday / Streetwear,J BARI TOP,Everyday / Streetwear
730570029,Men,Garment Upper body,Hoodie,Hoodie,top,Black,Fall,2019,Everyday / Streetwear,Wow Hood 19.99,Everyday / Streetwear
493438018,Unisex,Garment Upper body,T-shirt,T-shirt,top,Green,Fall,2019,Sportswear / Gym,Leo seamless t-shirt (1),Sportswear / Gym
782616027,Men,Garment Upper body,T-shirt,T-shirt,top,Black,Summer,2019,Everyday / Streetwear,FORTUNA TEE,Everyday / Streetwear
651335008,Women,Garment Upper body,Sweater,Sweater,top,Unknown,Fall,2019,Everyday / Streetwear,ATLANTIC CREW,Everyday / Streetwear
762264001,Women,Garment Upper body,Sweater,Sweater,top,White,Fall,2019,Everyday / Streetwear,Chloe sweatshirt,Everyday / Streetwear
521023004,Women,Garment Upper body,Blouse,Blouse,top,Lilac Purple,Summer,2019,Everyday / Streetwear,Tropez,Everyday / Streetwear
671973006,Men,Garment Upper body,Sweater,Sweater,top,Green,Fall,2019,Everyday / Streetwear,ANDERS LS POLO,Everyday / Streetwear
546519012,Women,Garment Upper body,T-shirt,T-shirt,top,Blue,Summer,2019,Everyday / Streetwear,P Pia Nursing Top,Everyday / Streetwear
707743007,Women,Garment Upper body,Blouse,Blouse,top,Black,Summer,2019,Everyday / Streetwear,Griezman,Everyday / Streetwear
647200002,Women,Garment Upper body,Jacket,Jacket,top,Beige,Fall,2019,Everyday / Streetwear,Gemini throw,Everyday / Streetwear
811644001,Women,Garment Upper body,Cardigan,Cardigan,top,Pink,Winter,2019,Everyday / Streetwear,Pinneapple Cardigan,Everyday / Streetwear
718623001,Women,Garment Upper body,Shirt,Shirt,top,White,Summer,2019,Everyday / Streetwear,PHILIPPA SHIRT,Everyday / Streetwear
538699002,Women,Garment Upper body,Vest top,Vest top,top,Beige,Fall,2019,Everyday / Streetwear,V-neck strap top,Everyday / Streetwear
687371001,Women,Garment Upper body,Sweater,Sweater,top,Pink,Fall,2019,Office / Formal,SPEED Tiggy,Office / Formal
695151001,Women,Garment Upper body,Coat,Coat,top,Grey,Fall,2019,Everyday / Streetwear,Timon woven coat,Everyday / Streetwear
762457002,Women,Garment Upper body,Sweater,Sweater,top,Yellow,Spring,2019,Loungewear / Home,Princess,Loungewear / Home
715273001,Men,Garment Upper body,Sweater,Sweater,top,Grey,Winter,2019,Everyday / Streetwear,CNY DRAGON CREW PRICE ITEM,Everyday / Streetwear
902388003,Women,Garment Upper body,Top,Top,top,Black,Summer,2019,Everyday / Streetwear,Iris LS TPP,Everyday / Streetwear
654266006,Women,Garment Upper body,Top,Top,top,White,Fall,2019,Everyday / Streetwear,Stephanie LS,Everyday / Streetwear
822261001,Women,Garment Upper body,Jacket,Jacket,top,Pink,Spring,2019,Everyday / Streetwear,Leyton Quilted Bomber,Everyday / Streetwear
607224013,Men,Garment Upper body,Shirt,Shirt,top,Green,Winter,2019,Everyday / Streetwear,Skinfaxe mandarin,Everyday / Streetwear
676539001,Women,Garment Upper body,Sweater,Sweater,top,Grey,Winter,2019,Everyday / Streetwear,Jewels,Everyday / Streetwear
590916001,Women,Garment Upper body,Sweater,Sweater,top,Grey,Fall,2019,Everyday / Streetwear,Bellini CF,Everyday / Streetwear
609185016,Unisex,Garment Upper body,T-shirt,T-shirt,top,Red,Winter,2019,Sportswear / Gym,BB Bolt T-shirt,Sportswear / Gym
640424002,Women,Garment Upper body,Blouse,Blouse,top,Turquoise,Fall,2019,Everyday / Streetwear,Rosemarine,Everyday / Streetwear
842004005,Women,Garment Upper body,Cardigan,Cardigan,top,Beige,Summer,2019,Everyday / Streetwear,Millicent Wrap Cardigan,Everyday / Streetwear
764554005,Women,Garment Upper body,Blouse,Blouse,top,White,Summer,2019,Everyday / Streetwear,ED Plommon blouse,Everyday / Streetwear
877984001,Women,Garment Upper body,Top,Top,top,Black,Winter,2019,Everyday / Streetwear,Cassie LS (fast buy),Everyday / Streetwear
843246002,Women,Garment Upper body,Top,Top,top,Beige,Spring,2019,Everyday / Streetwear,Silvia top,Everyday / Streetwear
714459002,Women,Garment Upper body,Blazer,Blazer,top,Beige,Winter,2019,Everyday / Streetwear,Karen,Everyday / Streetwear
640291002,Men,Garment Upper body,Sweater,Sweater,top,Red,Fall,2019,Everyday / Streetwear,Harvey hood,Everyday / Streetwear
835348001,Women,Garment Upper body,Jacket,Jacket,top,Beige,Winter,2019,Everyday / Streetwear,Alm Trench,Everyday / Streetwear
828631002,Women,Garment Upper body,Blouse,Blouse,top,Black,Fall,2019,Everyday / Streetwear,MABEL TEE,Everyday / Streetwear
765364004,Men,Garment Upper body,Sweater,Sweater,top,White,Fall,2019,Everyday / Streetwear,Ashley r-neck structure,Everyday / Streetwear
568861017,Women,Garment Upper body,Sweater,Sweater,top,Grey,Fall,2019,Office / Formal,Sunshine,Office / Formal
772005006,Women,Garment Upper body,T-shirt,T-shirt,top,Red,Spring,2019,Everyday / Streetwear,Tilly.,Everyday / Streetwear
840351001,Women,Garment Upper body,Vest top,Vest top,top,Black,Summer,2019,Everyday / Streetwear,Cilla tube,Everyday / Streetwear
820065001,Men,Garment Upper body,Shirt,Shirt,top,Khaki green,Winter,2019,Everyday / Streetwear,Dom ls surplus solid,Everyday / Streetwear
667769005,Men,Garment Upper body,Hoodie,Hoodie,top,Black,Winter,2019,Everyday / Streetwear,ROLAND SLIM FIT HOOD,Everyday / Streetwear
715876002,Women,Garment Upper body,Sweater,Sweater,top,Black,Spring,2019,Everyday / Streetwear,Tetra Pointelle Tee,Everyday / Streetwear
501820042,Women,Garment Upper body,Sweater,Sweater,top,Blue,Fall,2019,Everyday / Streetwear,SIRPA,Everyday / Streetwear
626813009,Women,Garment Upper body,Blouse,Blouse,top,White,Winter,2019,Everyday / Streetwear,Syrup ISW 19,Everyday / Streetwear
449570055,Unisex,Garment Upper body,T-shirt,T-shirt,top,Turquoise,Summer,2019,Sportswear / Gym,CLAY TEE,Sportswear / Gym
708673002,Women,Garment Upper body,Sweater,Sweater,top,Pink,Winter,2019,Everyday / Streetwear,LNY CHUN SWEATER,Everyday / Streetwear
779320003,Women,Garment Upper body,Cardigan,Cardigan,top,Beige,Fall,2019,Loungewear / Home,Alicia,Loungewear / Home
770315011,Women,Garment Upper body,Top,Top,top,Mole,Fall,2019,Office / Formal,Alpha top,Office / Formal
566220002,Women,Garment Upper body,Jacket,Jacket,top,Blue,Summer,2019,Everyday / Streetwear,Jacket Core Deco (1),Everyday / Streetwear
894340001,Women,Garment Upper body,Cardigan,Cardigan,top,Beige,Summer,2019,Everyday / Streetwear,AK Panela cardigan,Everyday / Streetwear
786668001,Women,Garment Upper body,Vest top,Vest top,top,Brown,Spring,2019,Everyday / Streetwear,Amy tank,Everyday / Streetwear
666382007,Women,Garment Upper body,Sweater,Sweater,top,Beige,Spring,2019,Everyday / Streetwear,Pingu top,Everyday / Streetwear
826508001,Women,Garment Upper body,Top,Top,top,Green,Summer,2019,Office / Formal,Eleven top,Office / Formal
927529001,Women,Garment Upper body,Top,Top,top,Black,Summer,2019,Everyday / Streetwear,Truman top,Everyday / Streetwear
542810001,Women,Garment Upper body,Top,Top,top,White,Fall,2019,Everyday / Streetwear,Sunday Funday Top,Everyday / Streetwear
561445010,Women,Garment Upper body,T-shirt,T-shirt,top,Khaki green,Winter,2019,Everyday / Streetwear,Billie.,Everyday / Streetwear
689118002,Men,Garment Upper body,Polo shirt,Polo shirt,top,Red,Spring,2019,Office / Formal,Polo ss Percy,Office / Formal
568767003,Women,Garment Upper body,Top,Top,top,Blue,Spring,2019,Everyday / Streetwear,VALERIE BLOUSE,Everyday / Streetwear
832481002,Women,Garment Upper body,Vest top,Vest top,top,White,Spring,2019,Everyday / Streetwear,Mia,Everyday / Streetwear
681916001,Women,Garment Upper body,T-shirt,T-shirt,top,Green,Fall,2019,Everyday / Streetwear,EQ TIKKA TEE,Everyday / Streetwear
870982003,Women,Garment Upper body,Outdoor Waistcoat,Outdoor Waistcoat,top,Pink,Summer,2019,Everyday / Streetwear,Tina fur,Everyday / Streetwear
617927001,Women,Garment Upper body,Jacket,Jacket,top,Khaki green,Fall,2019,Everyday / Streetwear,Crocodile padded jacket,Everyday / Streetwear
572797048,Women,Garment Upper body,Vest top,Vest top,top,Yellow,Summer,2019,Everyday / Streetwear,ESSENTIAL TANKTOP LACE TVP,Everyday / Streetwear
539217003,Men,Garment Upper body,Shirt,Shirt,top,Blue,Summer,2019,Everyday / Streetwear,DUSTY French placket- linen,Everyday / Streetwear
832817003,Women,Garment Upper body,Cardigan,Cardigan,top,Black,Winter,2019,Everyday / Streetwear,PQ NOEMI CASH CARDIGAN,Everyday / Streetwear
707332001,Women,Garment Upper body,Top,Top,top,White,Summer,2019,Everyday / Streetwear,Mezzo 3/4,Everyday / Streetwear
537544002,Women,Garment Upper body,Jacket,Jacket,top,Black,Winter,2019,Everyday / Streetwear,Everest,Everyday / Streetwear
533230002,Women,Garment Upper body,Cardigan,Cardigan,top,Black,Fall,2019,Everyday / Streetwear,Mimmi Cardigan,Everyday / Streetwear
683378001,Men,Garment Upper body,Shirt,Shirt,top,Blue,Summer,2019,Office / Formal,Even resort animal,Office / Formal
697938002,Women,Garment Upper body,Blouse,Blouse,top,Pink,Spring,2019,Everyday / Streetwear,Rose blouse,Everyday / Streetwear
589136001,Women,Garment Upper body,Top,Top,top,White,Fall,2019,Everyday / Streetwear,LOGG Pine fluid blouse,Everyday / Streetwear
691872001,Women,Garment Upper body,Sweater,Sweater,top,Blue,Fall,2019,Everyday / Streetwear,Catfish Zip,Everyday / Streetwear
774683001,Women,Garment Upper body,Jacket,Jacket,top,Blue,Fall,2019,Everyday / Streetwear,Jacket Slim Pile,Everyday / Streetwear
501619017,Men,Garment Upper body,Shirt,Shirt,top,Khaki green,Spring,2019,Everyday / Streetwear,Victory voile shirt,Everyday / Streetwear
788455001,Women,Garment Upper body,Sweater,Sweater,top,Grey,Fall,2019,Everyday / Streetwear,Bling bling,Everyday / Streetwear
779630001,Women,Garment Upper body,T-shirt,T-shirt,top,White,Spring,2019,Everyday / Streetwear,LUNE TEE,Everyday / Streetwear
884465004,Women,Garment Upper body,Jacket,Jacket,top,White,Summer,2019,Everyday / Streetwear,Tassle pile coat,Everyday / Streetwear
892970001,Women,Garment Upper body,T-shirt,T-shirt,top,White,Summer,2019,Everyday / Streetwear,Pretty Tee,Everyday / Streetwear
562963002,Women,Garment Upper body,Vest top,Vest top,top,Black,Fall,2019,Everyday / Streetwear,Bess rib Tank,Everyday / Streetwear
714345002,Women,Garment Upper body,Shirt,Shirt,top,Green,Summer,2019,Everyday / Streetwear,Falun soft shirt,Everyday / Streetwear
623522003,Women,Garment Upper body,Vest top,Vest top,top,Yellow,Winter,2019,Everyday / Streetwear,Nina Strap,Everyday / Streetwear
559761001,Women,Garment Upper body,T-shirt,T-shirt,top,White,Winter,2019,Everyday / Streetwear,Ananas frill tee,Everyday / Streetwear
508638032,Men,Garment Upper body,T-shirt,T-shirt,top,Black,Fall,2019,Everyday / Streetwear,Printed tee 9.99,Everyday / Streetwear
678942057,Women,Garment Upper body,Sweater,Sweater,top,Grey,Summer,2019,Loungewear / Home,Harrison (1),Loungewear / Home
793104019,Men,Garment Upper body,T-shirt,T-shirt,top,Khaki green,Spring,2019,Everyday / Streetwear,GREY Zero Tee,Everyday / Streetwear
630323041,Men,Garment Upper body,T-shirt,T-shirt,top,Black,Summer,2019,Everyday / Streetwear,Regular Printed tee 9.99 B2,Everyday / Streetwear
607252001,Women,Garment Upper body,Sweater,Sweater,top,Grey,Fall,2019,Everyday / Streetwear,Bubble,Everyday / Streetwear
671599005,Men,Garment Upper body,Polo shirt,Polo shirt,top,Black,Spring,2019,Everyday / Streetwear,Turner stretch polo,Everyday / Streetwear
691300001,Women,Garment Upper body,Sweater,Sweater,top,Grey,Fall,2019,Everyday / Streetwear,Kiruna Polo Neck,Everyday / Streetwear
737311003,Men,Garment Upper body,Shirt,Shirt,top,White,Summer,2019,Everyday / Streetwear,Paul LS Bandcollar(1),Everyday / Streetwear
765910003,Men,Garment Upper body,Coat,Coat,top,Beige,Winter,2019,Everyday / Streetwear,TJ chimney coat,Everyday / Streetwear
604199006,Women,Garment Upper body,T-shirt,T-shirt,top,Grey,Fall,2019,Everyday / Streetwear,HAMILTON PRINTED TEE,Everyday / Streetwear
699208001,Women,Garment Upper body,Top,Top,top,Blue,Fall,2019,Everyday / Streetwear,Emerald N wrap top,Everyday / Streetwear
667445002,Women,Garment Upper body,Jacket,Jacket,top,Black,Fall,2019,Everyday / Streetwear,Rufus Coat,Everyday / Streetwear
640539013,Women,Garment Upper body,Blouse,Blouse,top,Green,Fall,2019,Office / Formal,Paula,Office / Formal
686331002,Men,Garment Upper body,Shirt,Shirt,top,Blue,Winter,2019,Everyday / Streetwear,Pat ls bd simple plaid,Everyday / Streetwear
649615005,Women,Garment Upper body,Jacket,Jacket,top,Black,Fall,2019,Everyday / Streetwear,DIV Solar kaftan,Everyday / Streetwear
697912001,Women,Garment Upper body,T-shirt,T-shirt,top,Pink,Fall,2019,Everyday / Streetwear,Fiona jersey tee,Everyday / Streetwear
677899001,Women,Garment Upper body,Sweater,Sweater,top,Black,Fall,2019,Everyday / Streetwear,Salt Sweater,Everyday / Streetwear
895671001,Women,Garment Upper body,Jacket,Jacket,top,Blue,Summer,2019,Everyday / Streetwear,Pixie jacket,Everyday / Streetwear
840351003,Women,Garment Upper body,Vest top,Vest top,top,Pink,Spring,2019,Everyday / Streetwear,Cilla tube,Everyday / Streetwear
625818002,Women,Garment Upper body,Shirt,Shirt,top,Blue,Fall,2019,Everyday / Streetwear,Lorentz flannel shirt,Everyday / Streetwear
572400001,Women,Garment Upper body,Hoodie,Hoodie,top,Black,Fall,2019,Everyday / Streetwear,Taya Hood,Everyday / Streetwear
796137001,Women,Garment Upper body,Vest top,Vest top,top,Black,Summer,2019,Everyday / Streetwear,Railey Top,Everyday / Streetwear
707364001,Women,Garment Upper body,Top,Top,top,White,Spring,2019,Everyday / Streetwear,Olivia tee,Everyday / Streetwear
711521001,Women,Garment Upper body,Sweater,Sweater,top,Orange,Fall,2019,Everyday / Streetwear,CSP Eva,Everyday / Streetwear
616819001,Men,Garment Upper body,Shirt,Shirt,top,Khaki green,Fall,2019,Everyday / Streetwear,Adam worker,Everyday / Streetwear
673246002,Men,Garment Upper body,Sweater,Sweater,top,Red,Fall,2019,Everyday / Streetwear,HYDE RAGLAN SWEATSHIRT,Everyday / Streetwear
703535003,Men,Garment Upper body,Shirt,Shirt,top,White,Summer,2019,Everyday / Streetwear,SHORE ss linen shirt,Everyday / Streetwear
449263033,Men,Garment Upper body,T-shirt,T-shirt,top,Yellow,Winter,2019,Everyday / Streetwear,Zero Tee,Everyday / Streetwear
624486059,Women,Garment Upper body,T-shirt,T-shirt,top,Grey,Summer,2019,Everyday / Streetwear,Brit Baby Tee,Everyday / Streetwear
852190001,Women,Garment Upper body,Jacket,Jacket,top,Red,Spring,2019,Everyday / Streetwear,ED Daffodil,Everyday / Streetwear
579541026,Women,Garment Upper body,Cardigan,Cardigan,top,Beige,Spring,2019,Office / Formal,Calista (1),Office / Formal
539290022,Women,Garment Upper body,Sweater,Sweater,top,Grey,Winter,2019,Everyday / Streetwear,Chrissie Sweater,Everyday / Streetwear
685816050,Men,Garment Upper body,T-shirt,T-shirt,top,Yellow,Spring,2019,Everyday / Streetwear,RONNY R-NECK,Everyday / Streetwear
860738002,Women,Garment Upper body,Top,Top,top,Red,Winter,2019,Everyday / Streetwear,Gibson L/S,Everyday / Streetwear
787003002,Men,Garment Upper body,Hoodie,Hoodie,top,Blue,Fall,2019,Everyday / Streetwear,Ray parka,Everyday / Streetwear
615375002,Women,Garment Upper body,Top,Top,top,Green,Fall,2019,Everyday / Streetwear,Nellie SS,Everyday / Streetwear
810507002,Men,Garment Upper body,Sweater,Sweater,top,Green,Winter,2019,Everyday / Streetwear,BYRON,Everyday / Streetwear
787684004,Women,Garment Upper body,Blouse,Blouse,top,Beige,Summer,2019,Everyday / Streetwear,Bernhard tencel shirt,Everyday / Streetwear
677930060,Women,Garment Upper body,Sweater,Sweater,top,Orange,Fall,2019,Everyday / Streetwear,Queen Sweater,Everyday / Streetwear
708729007,Women,Garment Upper body,T-shirt,T-shirt,top,Red,Winter,2019,Everyday / Streetwear,EQ TERRIER TEE,Everyday / Streetwear
657942001,Women,Garment Upper body,Hoodie,Hoodie,top,Red,Winter,2019,Everyday / Streetwear,Fred hood- ISW 42,Everyday / Streetwear
690995003,Women,Garment Upper body,Sweater,Sweater,top,Brown,Fall,2019,Everyday / Streetwear,Friden knitted jumper,Everyday / Streetwear
784071001,Women,Garment Upper body,Sweater,Sweater,top,Black,Fall,2019,Everyday / Streetwear,Joanna N Knit,Everyday / Streetwear
570003081,Men,Garment Upper body,T-shirt,T-shirt,top,Blue,Summer,2019,Everyday / Streetwear,V-NECK SS SLIM FIT,Everyday / Streetwear
643202005,Women,Garment Upper body,Blouse,Blouse,top,Pink,Spring,2019,Everyday / Streetwear,Jerry off shoulder top,Everyday / Streetwear
717490079,Women,Garment Upper body,T-shirt,T-shirt,top,Grey,Summer,2019,Everyday / Streetwear,Cat Tee.,Everyday / Streetwear
630316007,Women,Garment Upper body,Blouse,Blouse,top,Blue,Fall,2019,Everyday / Streetwear,Shay blouse,Everyday / Streetwear
753210011,Women,Garment Upper body,T-shirt,T-shirt,top,Yellow,Summer,2019,Everyday / Streetwear,Boulevard- TVP- TM,Everyday / Streetwear
782479001,Men,Garment Upper body,Sweater,Sweater,top,White,Summer,2019,Everyday / Streetwear,AXIS MUSCLE FIT SWEATER,Everyday / Streetwear
897221002,Women,Garment Upper body,Jacket,Jacket,top,Mole,Summer,2019,Everyday / Streetwear,James biker.,Everyday / Streetwear
807001002,Men,Garment Upper body,Jacket,Jacket,top,Grey,Summer,2019,Everyday / Streetwear,DROGO,Everyday / Streetwear
503134002,Women,Garment Upper body,Top,Top,top,Blue,Spring,2019,Everyday / Streetwear,Ridge,Everyday / Streetwear
657323005,Women,Garment Upper body,Sweater,Sweater,top,undefined,Winter,2019,Everyday / Streetwear,Pekingese pointelle sweater,Everyday / Streetwear
572796010,Women,Garment Upper body,T-shirt,T-shirt,top,Black,Fall,2019,Everyday / Streetwear,2 - PACK,Everyday / Streetwear
885806001,Women,Garment Upper body,Vest top,Vest top,top,Black,Spring,2019,Everyday / Streetwear,Bandeau tank,Everyday / Streetwear
726443001,Men,Garment Upper body,Jacket,Jacket,top,Black,Fall,2019,Everyday / Streetwear,Vash bomber.,Everyday / Streetwear
838053001,Women,Garment Upper body,Blouse,Blouse,top,White,Winter,2019,Office / Formal,Roxanne Blouse,Office / Formal
866465001,Women,Garment Upper body,T-shirt,T-shirt,top,Beige,Spring,2019,Everyday / Streetwear,Custard tee,Everyday / Streetwear
633965001,Women,Garment Upper body,T-shirt,T-shirt,top,White,Fall,2019,Everyday / Streetwear,Cherry Tee,Everyday / Streetwear
672597002,Women,Garment Upper body,T-shirt,T-shirt,top,White,Summer,2019,Everyday / Streetwear,Alanis,Everyday / Streetwear
682289013,Women,Garment Upper body,Jacket,Jacket,top,Turquoise,Summer,2019,Everyday / Streetwear,Porcupine fluid trench,Everyday / Streetwear
784276002,Women,Garment Upper body,Jacket,Jacket,top,Grey,Fall,2019,Everyday / Streetwear,Foxy fur jacket,Everyday / Streetwear
664461006,Women,Garment Upper body,Blazer,Blazer,top,White,Spring,2019,Everyday / Streetwear,Jennifer fancy (1),Everyday / Streetwear
931981001,Women,Garment Upper body,Blazer,Blazer,top,Mole,Summer,2019,Everyday / Streetwear,ED Jennifer Long Blazer,Everyday / Streetwear
569997026,Men,Garment Upper body,T-shirt,T-shirt,top,Grey,Winter,2019,Everyday / Streetwear,R-NECK BASIC FIT FANCY,Everyday / Streetwear
411413017,Women,Garment Upper body,T-shirt,T-shirt,top,Khaki green,Winter,2019,Everyday / Streetwear,Brooke raw cut ss,Everyday / Streetwear
766633002,Women,Garment Upper body,Top,Top,top,Blue,Spring,2019,Everyday / Streetwear,Fiffi lace top sl,Everyday / Streetwear
917434001,Women,Garment Upper body,Vest top,Vest top,top,White,Summer,2019,Everyday / Streetwear,Cyrilla tank top,Everyday / Streetwear
912308001,Women,Garment Upper body,Blouse,Blouse,top,Red,Summer,2019,Everyday / Streetwear,SC KARIS Blouse,Everyday / Streetwear
762600009,Women,Garment Upper body,Sweater,Sweater,top,White,Spring,2019,Everyday / Streetwear,COZY DORRI TOP,Everyday / Streetwear
791878001,Women,Garment Upper body,T-shirt,T-shirt,top,White,Spring,2019,Everyday / Streetwear,Miz tee FAST BUY,Everyday / Streetwear
568478009,Men,Garment Upper body,Shirt,Shirt,top,Blue,Spring,2019,Office / Formal,CA Hugh Linen shirt TVP R,Office / Formal
746170001,Women,Garment Upper body,Top,Top,top,Black,Summer,2019,Everyday / Streetwear,Koa dress Speed,Everyday / Streetwear
632362003,Women,Garment Upper body,Vest top,Vest top,top,Red,Fall,2019,Everyday / Streetwear,verona tank,Everyday / Streetwear
849103002,Women,Garment Upper body,Blouse,Blouse,top,Khaki green,Spring,2019,Office / Formal,Bonus blouse,Office / Formal
706459002,Unisex,Garment Upper body,Jacket,Jacket,top,Blue,Winter,2019,Sportswear / Gym,Cisco track jacket,Sportswear / Gym
615678004,Women,Garment Upper body,Shirt,Shirt,top,Black,Spring,2019,Everyday / Streetwear,SC STONE shirt,Everyday / Streetwear
833013001,Women,Garment Upper body,Jacket,Jacket,top,Beige,Spring,2019,Everyday / Streetwear,L Mastiff Parka,Everyday / Streetwear
633133002,Women,Garment Upper body,Sweater,Sweater,top,Orange,Fall,2019,Everyday / Streetwear,Bumbo TOP PRODUCT,Everyday / Streetwear
604076002,Women,Garment Upper body,Sweater,Sweater,top,Grey,Fall,2019,Everyday / Streetwear,LONDON CREW EMBR,Everyday / Streetwear
610730003,Women,Garment Upper body,Blouse,Blouse,top,Blue,Fall,2019,Office / Formal,Gyda.,Office / Formal
774774001,Women,Garment Upper body,Top,Top,top,White,Spring,2019,Everyday / Streetwear,CSP Becker,Everyday / Streetwear
693242009,Women,Garment Upper body,Sweater,Sweater,top,Beige,Winter,2019,Everyday / Streetwear,Bama,Everyday / Streetwear
844877001,Women,Garment Upper body,Jacket,Jacket,top,Beige,Spring,2019,Everyday / Streetwear,ED Mastiff parka,Everyday / Streetwear
880018003,Women,Garment Upper body,Top,Top,top,Black,Summer,2019,Everyday / Streetwear,NIGHTSHADE DRESS,Everyday / Streetwear
886557005,Women,Garment Upper body,Blouse,Blouse,top,White,Summer,2019,Everyday / Streetwear,SEC SPEED P3 ALMA BLOUSE,Everyday / Streetwear
810508004,Men,Garment Upper body,Cardigan,Cardigan,top,White,Winter,2019,Everyday / Streetwear,ORBIT SHAWLCOLLAR CARDIGAN,Everyday / Streetwear
667173001,Women,Garment Upper body,Sweater,Sweater,top,Grey,Winter,2019,Everyday / Streetwear,Brandon,Everyday / Streetwear
523160015,Women,Garment Upper body,Vest top,Vest top,top,White,Fall,2019,Office / Formal,Salt,Office / Formal
668311002,Women,Garment Upper body,Top,Top,top,White,Winter,2019,Everyday / Streetwear,LOGAN v5,Everyday / Streetwear
854576001,Women,Garment Upper body,Bodysuit,Bodysuit,top,Black,Fall,2019,Everyday / Streetwear,Bellagio body,Everyday / Streetwear
653084002,Women,Garment Upper body,Jacket,Jacket,top,Beige,Fall,2019,Everyday / Streetwear,Linda jkt,Everyday / Streetwear
730135002,Women,Garment Upper body,Blouse,Blouse,top,Pink,Summer,2019,Everyday / Streetwear,Romance top,Everyday / Streetwear
625450003,Women,Garment Upper body,Blouse,Blouse,top,White,Winter,2019,Everyday / Streetwear,ED Bloom,Everyday / Streetwear
850678002,Women,Garment Upper body,T-shirt,T-shirt,top,Black,Spring,2019,Everyday / Streetwear,Bendela SS,Everyday / Streetwear
652361001,Women,Garment Upper body,Vest top,Vest top,top,Black,Fall,2019,Everyday / Streetwear,Prima strap,Everyday / Streetwear
864500001,Women,Garment Upper body,Blouse,Blouse,top,Green,Winter,2019,Office / Formal,Mia Blouse.,Office / Formal
731277001,Women,Garment Upper body,Hoodie,Hoodie,top,White,Summer,2019,Everyday / Streetwear,INGRID BASIC HOOD+,Everyday / Streetwear
673144001,Women,Garment Upper body,Sweater,Sweater,top,Beige,Fall,2019,Everyday / Streetwear,Lauper Long Sweater,Everyday / Streetwear
626587003,Women,Garment Upper body,Coat,Coat,top,Black,Fall,2019,Everyday / Streetwear,Marianne,Everyday / Streetwear
590375001,Men,Garment Upper body,T-shirt,T-shirt,top,Black,Fall,2019,Everyday / Streetwear,Ori floral tee,Everyday / Streetwear
733098008,Women,Garment Upper body,Top,Top,top,Brown,Fall,2019,Everyday / Streetwear,Minja top,Everyday / Streetwear
635084003,Women,Garment Upper body,Top,Top,top,Red,Fall,2019,Everyday / Streetwear,Heart LS,Everyday / Streetwear
669388004,Men,Garment Upper body,Shirt,Shirt,top,Black,Fall,2019,Everyday / Streetwear,RC SHAGGY SHIRT,Everyday / Streetwear
772118001,Women,Garment Upper body,Top,Top,top,White,Fall,2019,Everyday / Streetwear,Sydney Top,Everyday / Streetwear
573408002,Women,Garment Upper body,Sweater,Sweater,top,Grey,Fall,2019,Everyday / Streetwear,Flirt FF,Everyday / Streetwear
753210001,Women,Garment Upper body,T-shirt,T-shirt,top,White,Summer,2019,Everyday / Streetwear,Boulevard- TVP- TM,Everyday / Streetwear
722557001,Women,Garment Upper body,Sweater,Sweater,top,Black,Spring,2019,Everyday / Streetwear,DIV Haag cardigan,Everyday / Streetwear
870882001,Women,Garment Upper body,Vest top,Vest top,top,Black,Summer,2019,Everyday / Streetwear,Cubbie EMB,Everyday / Streetwear
874388001,Men,Garment Upper body,Cardigan,Cardigan,top,Black,Summer,2019,Office / Formal,COD zip through lambswool,Office / Formal
700950001,Women,Garment Upper body,Sweater,Sweater,top,Blue,Summer,2019,Everyday / Streetwear,CSP Shangela CF,Everyday / Streetwear
501863002,Men,Garment Upper body,Shirt,Shirt,top,Black,Fall,2019,Everyday / Streetwear,APPLE shirt,Everyday / Streetwear
795164003,Men,Garment Upper body,Sweater,Sweater,top,Khaki green,Fall,2019,Everyday / Streetwear,TYLER SLIM FIT SWEATER,Everyday / Streetwear
679525004,Men,Garment Upper body,Hoodie,Hoodie,top,Blue,Spring,2019,Everyday / Streetwear,Aston color block hood,Everyday / Streetwear
867295001,Women,Garment Upper body,Vest top,Vest top,top,Metal,Spring,2019,Everyday / Streetwear,Price item Bliss tank,Everyday / Streetwear
817352003,Women,Garment Upper body,Blazer,Blazer,top,Beige,Spring,2019,Everyday / Streetwear,Jules,Everyday / Streetwear
658061001,Women,Garment Upper body,Jacket,Jacket,top,Beige,Fall,2019,Everyday / Streetwear,AK BASIL jacket,Everyday / Streetwear
613508003,Women,Garment Upper body,Sweater,Sweater,top,Grey,Fall,2019,Everyday / Streetwear,PE Isa cashmere knit,Everyday / Streetwear
546730005,Men,Garment Upper body,Sweater,Sweater,top,Black,Fall,2019,Everyday / Streetwear,KANE,Everyday / Streetwear
657116003,Unisex,Garment Upper body,Hoodie,Hoodie,top,Pink,Winter,2019,Sportswear / Gym,DRAMA hoodie,Sportswear / Gym
692288002,Women,Garment Upper body,Top,Top,top,Black,Fall,2019,Everyday / Streetwear,PE EMMY CAMISOLE,Everyday / Streetwear
796275005,Men,Garment Upper body,Sweater,Sweater,top,Blue,Fall,2019,Everyday / Streetwear,Novelty Knits,Everyday / Streetwear
740927007,Unisex,Garment Upper body,Sweater,Sweater,top,Mole,Summer,2019,Sportswear / Gym,Cleo long sleeve,Sportswear / Gym
801327001,Women,Garment Upper body,Cardigan,Cardigan,top,Green,Fall,2019,Everyday / Streetwear,Joy cardigan,Everyday / Streetwear
855076002,Women,Garment Upper body,Blouse,Blouse,top,Red,Spring,2019,Everyday / Streetwear,Daisy,Everyday / Streetwear
639079001,Men,Garment Upper body,Blazer,Blazer,top,Blue,Summer,2019,Office / Formal,Spartan slim blz,Office / Formal
874370002,Men,Garment Upper body,Sweater,Sweater,top,Grey,Summer,2019,Office / Formal,BIRCH crewneck lambswool,Office / Formal
734287002,Women,Garment Upper body,Blouse,Blouse,top,White,Summer,2019,Everyday / Streetwear,Fusili,Everyday / Streetwear
697992001,Women,Garment Upper body,Sweater,Sweater,top,Blue,Summer,2019,Everyday / Streetwear,Raven,Everyday / Streetwear
666382001,Women,Garment Upper body,Sweater,Sweater,top,Grey,Fall,2019,Everyday / Streetwear,Pingu top,Everyday / Streetwear
578020001,Women,Garment Upper body,Blouse,Blouse,top,Yellow,Winter,2019,Everyday / Streetwear,Pluto OTS,Everyday / Streetwear
703843003,Women,Garment Upper body,Top,Top,top,Black,Fall,2019,Everyday / Streetwear,Demi l/s,Everyday / Streetwear
863429001,Men,Garment Upper body,Coat,Coat,top,Black,Summer,2019,Everyday / Streetwear,Net single breasted coat,Everyday / Streetwear
738351001,Women,Garment Upper body,Outdoor Waistcoat,Outdoor Waistcoat,top,Black,Winter,2019,Everyday / Streetwear,DIV Brussel trench,Everyday / Streetwear
705293001,Women,Garment Upper body,Sweater,Sweater,top,White,Fall,2019,Everyday / Streetwear,Newfoundland cable,Everyday / Streetwear
696821001,Women,Garment Upper body,Blouse,Blouse,top,Orange,Spring,2019,Everyday / Streetwear,Avon Tunic,Everyday / Streetwear
656048002,Women,Garment Upper body,Blouse,Blouse,top,Pink,Summer,2019,Everyday / Streetwear,Joakim OTS blouse,Everyday / Streetwear
862063001,Unisex,Garment Upper body,Top,Top,top,Black,Summer,2019,Sportswear / Gym,Cancun frill top,Sportswear / Gym
786850003,Men,Garment Upper body,Sweater,Sweater,top,Beige,Fall,2019,Office / Formal,BEE twist crewneck,Office / Formal
671057001,Women,Garment Upper body,T-shirt,T-shirt,top,Red,Fall,2019,Everyday / Streetwear,PRICE TEE ISW 21,Everyday / Streetwear
673677005,Women,Garment Upper body,Sweater,Sweater,top,Brown,Winter,2019,Office / Formal,Henry polo,Office / Formal
771759002,Women,Garment Upper body,Sweater,Sweater,top,Grey,Summer,2019,Everyday / Streetwear,Cocos sh/slv rib cashmere,Everyday / Streetwear
779281001,Women,Garment Upper body,Top,Top,top,Blue,Spring,2019,Office / Formal,Iceland plisse top,Office / Formal
687169001,Women,Garment Upper body,Coat,Coat,top,Red,Fall,2019,Everyday / Streetwear,Paris trench,Everyday / Streetwear
697981001,Women,Garment Upper body,Sweater,Sweater,top,White,Fall,2019,Everyday / Streetwear,Shaw,Everyday / Streetwear
926433001,Women,Garment Upper body,Blouse,Blouse,top,White,Summer,2019,Everyday / Streetwear,Otis blouse,Everyday / Streetwear
392938024,Men,Garment Upper body,Shirt,Shirt,top,Blue,Winter,2019,Office / Formal,TD Hugo Stretch,Office / Formal
916496001,Women,Garment Upper body,Sweater,Sweater,top,Grey,Summer,2019,Everyday / Streetwear,Brad cozy top,Everyday / Streetwear
538592006,Women,Garment Upper body,Vest top,Vest top,top,Red,Fall,2019,Everyday / Streetwear,Spider velour body,Everyday / Streetwear
685816061,Men,Garment Upper body,T-shirt,T-shirt,top,Brown,Summer,2019,Everyday / Streetwear,RONNY R-NECK,Everyday / Streetwear
565287001,Women,Garment Upper body,Shirt,Shirt,top,Blue,Fall,2019,Everyday / Streetwear,Daniels checked emb shirt,Everyday / Streetwear
537895001,Women,Garment Upper body,Sweater,Sweater,top,Black,Fall,2019,Everyday / Streetwear,Paco Hairy Sweater,Everyday / Streetwear
844089001,Women,Garment Upper body,Top,Top,top,Blue,Winter,2019,Everyday / Streetwear,SC GOLDIN top,Everyday / Streetwear
516000093,Women,Garment Upper body,T-shirt,T-shirt,top,Red,Fall,2019,Everyday / Streetwear,ES Agnes LS R-neck,Everyday / Streetwear
615119001,Women,Garment Upper body,Jacket,Jacket,top,Orange,Spring,2019,Everyday / Streetwear,Inspector leather jacket,Everyday / Streetwear
529588005,Women,Garment Upper body,Blouse,Blouse,top,Red,Fall,2019,Everyday / Streetwear,Selma blouse,Everyday / Streetwear
750055008,Men,Garment Upper body,Shirt,Shirt,top,Beige,Summer,2019,Everyday / Streetwear,Sandro Bandcollar Detailed(1),Everyday / Streetwear
820563001,Women,Garment Upper body,Sweater,Sweater,top,Grey,Fall,2019,Everyday / Streetwear,Ivanovo,Everyday / Streetwear
609184012,Unisex,Garment Upper body,T-shirt,T-shirt,top,Orange,Fall,2019,Sportswear / Gym,SB Bolt T-shirt,Sportswear / Gym
669882004,Women,Garment Upper body,Top,Top,top,Yellow,Fall,2019,Everyday / Streetwear,Thelma tie top,Everyday / Streetwear
794494003,Women,Garment Upper body,Top,Top,top,Black,Fall,2019,Everyday / Streetwear,Minnie body,Everyday / Streetwear
872537001,Women,Garment Upper body,Jacket,Jacket,top,Black,Summer,2019,Everyday / Streetwear,Marita coat,Everyday / Streetwear
555102005,Unisex,Garment Upper body,Vest top,Vest top,top,Pink,Fall,2019,Sportswear / Gym,Sade top with inner bra (1),Sportswear / Gym
745843002,Women,Garment Upper body,Top,Top,top,White,Spring,2019,Everyday / Streetwear,90s l/s top,Everyday / Streetwear
814805003,Women,Garment Upper body,Blouse,Blouse,top,Blue,Spring,2019,Everyday / Streetwear,MC Pascal,Everyday / Streetwear
691717004,Men,Garment Upper body,T-shirt,T-shirt,top,Grey,Fall,2019,Everyday / Streetwear,RC SUGARPUFF MUSCLE TEE,Everyday / Streetwear
608519001,Women,Garment Upper body,Blazer,Blazer,top,Black,Fall,2019,Everyday / Streetwear,W Stafford Thorw on EQ,Everyday / Streetwear
422106016,Men,Garment Upper body,Hoodie,Hoodie,top,Grey,Fall,2019,Everyday / Streetwear,Hood W Zip,Everyday / Streetwear
809977001,Women,Garment Upper body,Coat,Coat,top,Black,Winter,2019,Everyday / Streetwear,Girona Coat,Everyday / Streetwear
865929003,Women,Garment Upper body,Top,Top,top,Beige,Summer,2019,Everyday / Streetwear,Minja 2.0,Everyday / Streetwear
803593006,Women,Garment Upper body,Sweater,Sweater,top,Unknown,Winter,2019,Everyday / Streetwear,PQ AMBER SILK MIX TOP,Everyday / Streetwear
593049001,Women,Garment Upper body,Blouse,Blouse,top,Black,Winter,2019,Office / Formal,v.5 Make a Move,Office / Formal
589662001,Women,Garment Upper body,Sweater,Sweater,top,White,Winter,2019,Everyday / Streetwear,DON Tee,Everyday / Streetwear
871480001,Women,Garment Upper body,Blouse,Blouse,top,Black,Summer,2019,Everyday / Streetwear,PELLE LS BLOUSE,Everyday / Streetwear
669896001,Women,Garment Upper body,Sweater,Sweater,top,Grey,Fall,2019,Everyday / Streetwear,Parker jumper,Everyday / Streetwear
502186003,Women,Garment Upper body,Sweater,Sweater,top,Yellow,Fall,2019,Everyday / Streetwear,Tuck cropped sweater,Everyday / Streetwear
755861005,Women,Garment Upper body,Vest top,Vest top,top,Black,Winter,2019,Everyday / Streetwear,Floss Top,Everyday / Streetwear
814857006,Men,Garment Upper body,Shirt,Shirt,top,Orange,Summer,2019,Everyday / Streetwear,RESORT SS SHIRT,Everyday / Streetwear
794054001,Women,Garment Upper body,Blazer,Blazer,top,Beige,Winter,2019,Everyday / Streetwear,Rosario,Everyday / Streetwear
640721001,Women,Garment Upper body,Jacket,Jacket,top,Lilac Purple,Winter,2019,Everyday / Streetwear,SULIMA+,Everyday / Streetwear
578876001,Women,Garment Upper body,T-shirt,T-shirt,top,White,Fall,2019,Everyday / Streetwear,HAMILTON P5,Everyday / Streetwear
784229007,Women,Garment Upper body,Blouse,Blouse,top,Pink,Fall,2019,Office / Formal,Dreams blouse,Office / Formal
902059002,Men,Garment Upper body,Shirt,Shirt,top,Beige,Summer,2019,Everyday / Streetwear,Jussi overshirt,Everyday / Streetwear
748796001,Women,Garment Upper body,Blouse,Blouse,top,Black,Winter,2019,Everyday / Streetwear,Pomelo tunic,Everyday / Streetwear
605602002,Women,Garment Upper body,Sweater,Sweater,top,Beige,Spring,2019,Everyday / Streetwear,Sten jumper stripe,Everyday / Streetwear
672748004,Women,Garment Upper body,Sweater,Sweater,top,Black,Fall,2019,Everyday / Streetwear,Sheffield Sweater,Everyday / Streetwear
939550004,Women,Garment Upper body,Sweater,Sweater,top,Black,Summer,2019,Everyday / Streetwear,Love sweatshirt,Everyday / Streetwear
826205002,Women,Garment Upper body,Vest top,Vest top,top,White,Summer,2019,Everyday / Streetwear,KLINT tanktop,Everyday / Streetwear
545266001,Women,Garment Upper body,Sweater,Sweater,top,Green,Spring,2019,Everyday / Streetwear,Ace botanical sweater,Everyday / Streetwear
827968003,Women,Garment Upper body,T-shirt,T-shirt,top,Pink,Spring,2019,Everyday / Streetwear,Antonia heavy t-shirt,Everyday / Streetwear
841375002,Women,Garment Upper body,Sweater,Sweater,top,Pink,Winter,2019,Office / Formal,Mercedez sweater,Office / Formal
564417001,Women,Garment Upper body,Shirt,Shirt,top,Blue,Spring,2019,Everyday / Streetwear,Mora spring check shirt,Everyday / Streetwear
781734003,Women,Garment Upper body,Shirt,Shirt,top,Black,Fall,2019,Everyday / Streetwear,Joanne utility shirt,Everyday / Streetwear
643363001,Men,Garment Upper body,Coat,Coat,top,Black,Fall,2019,Everyday / Streetwear,Benedict wool trench,Everyday / Streetwear
613060002,Women,Garment Upper body,Top,Top,top,Blue,Fall,2019,Office / Formal,Blanche top,Office / Formal
514577009,Women,Garment Upper body,Blouse,Blouse,top,Red,Fall,2019,Everyday / Streetwear,Alex tee,Everyday / Streetwear
534164002,Women,Garment Upper body,Vest top,Vest top,top,Grey,Fall,2019,Everyday / Streetwear,NT Alva 2-pack,Everyday / Streetwear
722121001,Men,Garment Upper body,T-shirt,T-shirt,top,White,Winter,2019,Office / Formal,R-neck Allington slim fit,Office / Formal
408104024,Men,Garment Upper body,Shirt,Shirt,top,Pink,Winter,2019,Everyday / Streetwear,TD Roger,Everyday / Streetwear
809757004,Women,Garment Upper body,Sweater,Sweater,top,Green,Fall,2019,Everyday / Streetwear,Jeanne jumper,Everyday / Streetwear
620981002,Women,Garment Upper body,Sweater,Sweater,top,Black,Winter,2019,Everyday / Streetwear,CSP Durian etno sweater,Everyday / Streetwear
695324004,Men,Garment Upper body,Shirt,Shirt,top,Blue,Summer,2019,Everyday / Streetwear,bill checked shirt,Everyday / Streetwear
651863003,Women,Garment Upper body,Vest top,Vest top,top,Blue,Fall,2019,Everyday / Streetwear,Hopper tank ISW 19,Everyday / Streetwear
580318002,Women,Garment Upper body,Blouse,Blouse,top,Red,Fall,2019,Everyday / Streetwear,Toby blouse,Everyday / Streetwear
904908003,Women,Garment Upper body,T-shirt,T-shirt,top,Black,Summer,2019,Everyday / Streetwear,SPORT Speedy tee,Everyday / Streetwear
691724006,Men,Garment Upper body,T-shirt,T-shirt,top,Pink,Winter,2019,Everyday / Streetwear,RC MARTINI TEE,Everyday / Streetwear
617900005,Women,Garment Upper body,Blouse,Blouse,top,White,Fall,2019,Everyday / Streetwear,Lemon,Everyday / Streetwear
589376008,Women,Garment Upper body,T-shirt,T-shirt,top,Orange,Winter,2019,Everyday / Streetwear,CSP Orchid,Everyday / Streetwear
581994002,Men,Garment Upper body,T-shirt,T-shirt,top,Black,Fall,2019,Everyday / Streetwear,Kyle rolled edge tee,Everyday / Streetwear
877268004,Women,Garment Upper body,Blouse,Blouse,top,Blue,Summer,2019,Everyday / Streetwear,Maine,Everyday / Streetwear
797164001,Women,Garment Upper body,Blouse,Blouse,top,Green,Fall,2019,Everyday / Streetwear,Moa,Everyday / Streetwear
664421002,Women,Garment Upper body,Vest top,Vest top,top,Black,Winter,2019,Everyday / Streetwear,CSP Smock Top,Everyday / Streetwear
760454001,Women,Garment Upper body,Jacket,Jacket,top,Beige,Fall,2019,Everyday / Streetwear,Tina Fur,Everyday / Streetwear
912075005,Women,Garment Upper body,Blouse,Blouse,top,White,Summer,2019,Office / Formal,Morning Sleeveless Top A,Office / Formal
852910001,Women,Garment Upper body,Shirt,Shirt,top,Black,Winter,2019,Everyday / Streetwear,Glitz shirt,Everyday / Streetwear
821163010,Women,Garment Upper body,Vest top,Vest top,top,Beige,Summer,2019,Everyday / Streetwear,Boujis strap,Everyday / Streetwear
597059004,Women,Garment Upper body,Top,Top,top,White,Winter,2019,Everyday / Streetwear,Port,Everyday / Streetwear
493438020,Unisex,Garment Upper body,T-shirt,T-shirt,top,Yellow,Fall,2019,Sportswear / Gym,Leo seamless t-shirt (1),Sportswear / Gym
542017006,Women,Garment Upper body,Shirt,Shirt,top,Blue,Fall,2019,Everyday / Streetwear,APRIL,Everyday / Streetwear
551044051,Men,Garment Upper body,Sweater,Sweater,top,Black,Winter,2019,Everyday / Streetwear,Printed Sweatshirt 19.99,Everyday / Streetwear
215337001,Women,Garment Upper body,T-shirt,T-shirt,top,White,Winter,2019,Everyday / Streetwear,Pamela tee,Everyday / Streetwear
713943002,Men,Garment Upper body,Vest top,Vest top,top,White,Summer,2019,Everyday / Streetwear,Granit tanktop,Everyday / Streetwear
713828004,Women,Garment Upper body,T-shirt,T-shirt,top,Red,Winter,2019,Everyday / Streetwear,ED Lucky tee,Everyday / Streetwear
742258002,Men,Garment Upper body,Sweater,Sweater,top,Red,Spring,2019,Everyday / Streetwear,TRUXTON HOOD,Everyday / Streetwear
623864005,Unisex,Garment Upper body,Hoodie,Hoodie,top,Black,Spring,2019,Sportswear / Gym,BB Liam Basic Zip Hood,Sportswear / Gym
707717006,Women,Garment Upper body,Blouse,Blouse,top,Brown,Summer,2019,Everyday / Streetwear,Django,Everyday / Streetwear
653032007,Women,Garment Upper body,Sweater,Sweater,top,Red,Fall,2019,Everyday / Streetwear,Tallin Sweater,Everyday / Streetwear
855531007,Women,Garment Upper body,Blouse,Blouse,top,Black,Spring,2019,Everyday / Streetwear,SPEED LANA BLOUSE,Everyday / Streetwear
592500002,Women,Garment Upper body,Sweater,Sweater,top,Black,Fall,2019,Everyday / Streetwear,Brock sweater,Everyday / Streetwear
658329021,Men,Garment Upper body,Polo shirt,Polo shirt,top,Blue,Summer,2019,Everyday / Streetwear,ARTICHOKE SLIM FIT POLO,Everyday / Streetwear
611929005,Women,Garment Upper body,Cardigan,Cardigan,top,Khaki green,Spring,2019,Everyday / Streetwear,Isafie Cardigan,Everyday / Streetwear
737040015,Women,Garment Upper body,T-shirt,T-shirt,top,White,Spring,2019,Everyday / Streetwear,ESSENTIAL SIGNE BOAT NECK,Everyday / Streetwear
703223001,Women,Garment Upper body,T-shirt,T-shirt,top,Beige,Fall,2019,Everyday / Streetwear,Jupiter l/s,Everyday / Streetwear
641627001,Men,Garment Upper body,T-shirt,T-shirt,top,Black,Fall,2019,Everyday / Streetwear,Wander V-neck,Everyday / Streetwear
884465001,Women,Garment Upper body,Jacket,Jacket,top,Black,Summer,2019,Everyday / Streetwear,Tassle pile coat,Everyday / Streetwear
595070001,Unisex,Garment Upper body,Vest top,Vest top,top,Black,Fall,2019,Sportswear / Gym,MANHATTAN tank top,Sportswear / Gym
837782001,Women,Garment Upper body,Sweater,Sweater,top,Beige,Winter,2019,Everyday / Streetwear,Preston,Everyday / Streetwear
509210006,Women,Garment Upper body,Top,Top,top,Black,Fall,2019,Everyday / Streetwear,Babe L/S,Everyday / Streetwear
662476002,Women,Garment Upper body,Hoodie,Hoodie,top,Beige,Fall,2019,Everyday / Streetwear,Tyrion cropped praka,Everyday / Streetwear
576967001,Women,Garment Upper body,Sweater,Sweater,top,Black,Winter,2019,Everyday / Streetwear,Tonya sweater,Everyday / Streetwear
826948001,Women,Garment Upper body,Top,Top,top,Red,Winter,2019,Everyday / Streetwear,Anja jacquard dress,Everyday / Streetwear
721932002,Women,Garment Upper body,Shirt,Shirt,top,White,Spring,2019,Everyday / Streetwear,HM+ Virgil Linen Shirt,Everyday / Streetwear
552743018,Men,Garment Upper body,Sweater,Sweater,top,White,Fall,2019,Everyday / Streetwear,PEBBLE knitted creweck,Everyday / Streetwear
544054005,Men,Garment Upper body,Shirt,Shirt,top,Blue,Fall,2019,Everyday / Streetwear,Pat ls bd oxford,Everyday / Streetwear
584752003,Women,Garment Upper body,Vest top,Vest top,top,Black,Fall,2019,Everyday / Streetwear,MAMA LEO,Everyday / Streetwear
874891001,Women,Garment Upper body,Blouse,Blouse,top,Beige,Summer,2019,Everyday / Streetwear,Elie,Everyday / Streetwear
718549003,Women,Garment Upper body,Blouse,Blouse,top,Red,Winter,2019,Everyday / Streetwear,Delhi,Everyday / Streetwear
582659001,Women,Garment Upper body,Shirt,Shirt,top,White,Fall,2019,Everyday / Streetwear,Gyda Blouse,Everyday / Streetwear
914537006,Unisex,Garment Upper body,T-shirt,T-shirt,top,White,Summer,2019,Sportswear / Gym,Bounce seamless cropped tee,Sportswear / Gym
662679002,Women,Garment Upper body,Blouse,Blouse,top,Black,Fall,2019,Everyday / Streetwear,Beth embellishment top,Everyday / Streetwear
392269011,Men,Garment Upper body,Vest top,Vest top,top,Blue,Summer,2019,Everyday / Streetwear,CORBY TANK,Everyday / Streetwear
624514001,Women,Garment Upper body,Sweater,Sweater,top,White,Fall,2019,Everyday / Streetwear,Scott,Everyday / Streetwear
601622001,Women,Garment Upper body,Vest top,Vest top,top,Blue,Fall,2019,Everyday / Streetwear,W Scotland top EQ,Everyday / Streetwear
839284007,Women,Garment Upper body,Vest top,Vest top,top,White,Summer,2019,Everyday / Streetwear,Gaga Rouching Tank,Everyday / Streetwear
824764007,Women,Garment Upper body,T-shirt,T-shirt,top,Pink,Summer,2019,Everyday / Streetwear,ESSENTIAL LOVA LINEN,Everyday / Streetwear
851545002,Women,Garment Upper body,Jacket,Jacket,top,Black,Spring,2019,Everyday / Streetwear,Chiuaoa,Everyday / Streetwear
811805002,Women,Garment Upper body,Jacket,Jacket,top,Beige,Fall,2019,Everyday / Streetwear,Claw Throw On,Everyday / Streetwear
850359002,Women,Garment Upper body,Jacket,Jacket,top,Beige,Spring,2019,Everyday / Streetwear,Sienna Suede Biker,Everyday / Streetwear
579692005,Women,Garment Upper body,Sweater,Sweater,top,Blue,Fall,2019,Everyday / Streetwear,Mandy jumper,Everyday / Streetwear
838899001,Men,Garment Upper body,Blazer,Blazer,top,Blue,Summer,2019,Office / Formal,Jules slim blz,Office / Formal
699358002,Women,Garment Upper body,Sweater,Sweater,top,Blue,Fall,2019,Everyday / Streetwear,Papillon Funnelneck 1,Everyday / Streetwear
685814045,Men,Garment Upper body,Hoodie,Hoodie,top,Pink,Winter,2019,Everyday / Streetwear,RICHIE HOOD,Everyday / Streetwear
724350001,Women,Garment Upper body,Shirt,Shirt,top,Blue,Winter,2019,Everyday / Streetwear,Bror popover shirt,Everyday / Streetwear
608213003,Women,Garment Upper body,Blouse,Blouse,top,Black,Spring,2019,Everyday / Streetwear,ED Sorrel dress,Everyday / Streetwear
702763010,Men,Garment Upper body,T-shirt,T-shirt,top,Black,Spring,2019,Everyday / Streetwear,Printed  tee 9.99,Everyday / Streetwear
902802002,Unisex,Garment Upper body,Vest top,Vest top,top,Pink,Summer,2019,Sportswear / Gym,Energy 2-pack,Sportswear / Gym
841702003,Men,Garment Upper body,Polo shirt,Polo shirt,top,Black,Summer,2019,Office / Formal,Polo Houston R,Office / Formal
713949004,Men,Garment Upper body,Vest top,Vest top,top,Beige,Summer,2019,Everyday / Streetwear,Jarhead tanktop,Everyday / Streetwear
827968001,Women,Garment Upper body,T-shirt,T-shirt,top,White,Summer,2019,Everyday / Streetwear,Antonia heavy t-shirt,Everyday / Streetwear
659463003,Women,Garment Upper body,Jacket,Jacket,top,Black,Fall,2019,Everyday / Streetwear,Hjalmar,Everyday / Streetwear
725134001,Men,Garment Upper body,Blazer,Blazer,top,Blue,Spring,2019,Office / Formal,Luna Slim Linen Blz,Office / Formal
640613001,Women,Garment Upper body,Sweater,Sweater,top,Mole,Spring,2019,Everyday / Streetwear,Leya,Everyday / Streetwear
905070001,Women,Garment Upper body,Top,Top,top,Beige,Summer,2019,Everyday / Streetwear,Nancy,Everyday / Streetwear
771617002,Women,Garment Upper body,Blouse,Blouse,top,Blue,Summer,2019,Everyday / Streetwear,LOGG Taylor tencel,Everyday / Streetwear
873274001,Women,Garment Upper body,Sweater,Sweater,top,Black,Summer,2019,Everyday / Streetwear,Cassie,Everyday / Streetwear
547104005,Men,Garment Upper body,Shirt,Shirt,top,undefined,Winter,2019,Everyday / Streetwear,PEAR SHIRT,Everyday / Streetwear
744301001,Men,Garment Upper body,Shirt,Shirt,top,Blue,Fall,2019,Office / Formal,TD Sergio,Office / Formal
886720004,Unisex,Garment Upper body,Sweater,Sweater,top,Grey,Summer,2019,Sportswear / Gym,Tequila conscious LS top,Sportswear / Gym
568568001,Women,Garment Upper body,Blouse,Blouse,top,White,Fall,2019,Everyday / Streetwear,DT Angela blouse,Everyday / Streetwear
865663004,Women,Garment Upper body,Sweater,Sweater,top,Lilac Purple,Summer,2019,Everyday / Streetwear,Miami Frill Button Cardigan,Everyday / Streetwear
542473003,Women,Garment Upper body,Shirt,Shirt,top,Orange,Fall,2019,Everyday / Streetwear,Amelie,Everyday / Streetwear
740824006,Women,Garment Upper body,T-shirt,T-shirt,top,Black,Spring,2019,Everyday / Streetwear,Zia,Everyday / Streetwear
501616090,Men,Garment Upper body,Shirt,Shirt,top,Black,Fall,2019,Office / Formal,FRAME Easy Iron,Office / Formal
810510001,Men,Garment Upper body,Cardigan,Cardigan,top,Grey,Winter,2019,Everyday / Streetwear,AMAZON ZIP-UP,Everyday / Streetwear
887659004,Women,Garment Upper body,T-shirt,T-shirt,top,Khaki green,Summer,2019,Everyday / Streetwear,Carla top,Everyday / Streetwear
637549003,Women,Garment Upper body,Sweater,Sweater,top,Blue,Fall,2019,Everyday / Streetwear,Bama,Everyday / Streetwear
835730001,Women,Garment Upper body,Sweater,Sweater,top,White,Winter,2019,Everyday / Streetwear,Ivanovo fluff,Everyday / Streetwear
889471001,Women,Garment Upper body,T-shirt,T-shirt,top,Black,Spring,2019,Everyday / Streetwear,WM Price tee.,Everyday / Streetwear
760295002,Women,Garment Upper body,Blouse,Blouse,top,Black,Fall,2019,Everyday / Streetwear,Nadja blouse,Everyday / Streetwear
715624003,Women,Garment Upper body,Hoodie,Hoodie,top,Yellow,Winter,2019,Everyday / Streetwear,Becka hoodie,Everyday / Streetwear
933905002,Women,Garment Upper body,Top,Top,top,Black,Summer,2019,Everyday / Streetwear,SPORT Mama Dexter,Everyday / Streetwear
642078002,Women,Garment Upper body,Sweater,Sweater,top,Blue,Fall,2019,Everyday / Streetwear,Antelope LS,Everyday / Streetwear
456163051,Women,Garment Upper body,Hoodie,Hoodie,top,Green,Summer,2019,Everyday / Streetwear,Woody(1),Everyday / Streetwear
865663003,Women,Garment Upper body,Sweater,Sweater,top,White,Summer,2019,Everyday / Streetwear,Miami Frill Button Cardigan,Everyday / Streetwear
568213002,Women,Garment Upper body,Sweater,Sweater,top,White,Fall,2019,Everyday / Streetwear,Cricket,Everyday / Streetwear
705031002,Women,Garment Upper body,Sweater,Sweater,top,Black,Winter,2019,Everyday / Streetwear,Vision CF,Everyday / Streetwear
786971003,Men,Garment Upper body,Cardigan,Cardigan,top,Red,Fall,2019,Office / Formal,Thomas zip bomber,Office / Formal
708473003,Women,Garment Upper body,Top,Top,top,Orange,Summer,2019,Everyday / Streetwear,Gibson,Everyday / Streetwear
822888001,Unisex,Garment Upper body,Sweater,Sweater,top,Yellow,Winter,2019,Sportswear / Gym,Sorbet Sweatshirt,Sportswear / Gym
665648001,Women,Garment Upper body,Blouse,Blouse,top,Black,Fall,2019,Everyday / Streetwear,W COLOSSEO BLOUSE EQ,Everyday / Streetwear
661806003,Women,Garment Upper body,Blouse,Blouse,top,Black,Fall,2019,Everyday / Streetwear,Lavender Top or Loved up,Everyday / Streetwear
617593002,Men,Garment Upper body,Sweater,Sweater,top,Black,Fall,2019,Everyday / Streetwear,Juan V neck,Everyday / Streetwear
804617001,Women,Garment Upper body,Blouse,Blouse,top,White,Summer,2019,Everyday / Streetwear,Tulip PU shirt,Everyday / Streetwear
592743002,Men,Garment Upper body,T-shirt,T-shirt,top,Black,Fall,2019,Everyday / Streetwear,Regular Printed tee 9.99,Everyday / Streetwear
679853010,Women,Garment Upper body,Sweater,Sweater,top,Beige,Fall,2019,Everyday / Streetwear,Sirpa Basic TVP,Everyday / Streetwear
598780005,Women,Garment Upper body,Vest top,Vest top,top,Khaki green,Fall,2019,Everyday / Streetwear,Bird Twist Tank,Everyday / Streetwear
665340003,Men,Garment Upper body,Sweater,Sweater,top,Grey,Fall,2019,Everyday / Streetwear,PARSLEY merino saddle sleeve,Everyday / Streetwear
632665001,Women,Garment Upper body,Sweater,Sweater,top,Black,Fall,2019,Everyday / Streetwear,Lacey Tee,Everyday / Streetwear
506166047,Women,Garment Upper body,T-shirt,T-shirt,top,Red,Summer,2019,Everyday / Streetwear,Maja  SS,Everyday / Streetwear
734938001,Women,Garment Upper body,Hoodie,Hoodie,top,Blue,Spring,2019,Everyday / Streetwear,Belgrade sport blocking,Everyday / Streetwear
770857003,Women,Garment Upper body,Blouse,Blouse,top,White,Spring,2019,Everyday / Streetwear,Alpaca Tunic,Everyday / Streetwear
572533001,Women,Garment Upper body,Hoodie,Hoodie,top,Green,Fall,2019,Everyday / Streetwear,Julia Hoodie,Everyday / Streetwear
845520001,Women,Garment Upper body,Sweater,Sweater,top,Beige,Winter,2019,Everyday / Streetwear,Dolls Printed,Everyday / Streetwear
763469002,Women,Garment Upper body,Sweater,Sweater,top,Black,Fall,2019,Everyday / Streetwear,Dores long hoodie,Everyday / Streetwear
685812009,Men,Garment Upper body,Hoodie,Hoodie,top,Blue,Summer,2019,Everyday / Streetwear,Hood W Zip,Everyday / Streetwear
804996007,Unisex,Garment Upper body,Vest top,Vest top,top,White,Summer,2019,Sportswear / Gym,Quinoa tank top,Sportswear / Gym
678695001,Unisex,Garment Upper body,Vest top,Vest top,top,Blue,Winter,2019,Sportswear / Gym,BLUSH TANK,Sportswear / Gym
689985002,Women,Garment Upper body,Coat,Coat,top,Grey,Fall,2019,Everyday / Streetwear,Gordon,Everyday / Streetwear
464332001,Women,Garment Upper body,Sweater,Sweater,top,Black,Fall,2019,Everyday / Streetwear,Zola wide sleeve sweat,Everyday / Streetwear
652246006,Women,Garment Upper body,Sweater,Sweater,top,Black,Winter,2019,Everyday / Streetwear,Bubblegum Cardigan,Everyday / Streetwear
688323002,Men,Garment Upper body,Hoodie,Hoodie,top,Khaki green,Spring,2019,Everyday / Streetwear,Trevor Windbreaker,Everyday / Streetwear
438333014,Women,Garment Upper body,Sweater,Sweater,top,Red,Fall,2019,Everyday / Streetwear,Zoe Sweater,Everyday / Streetwear
646592010,Women,Garment Upper body,Top,Top,top,Grey,Winter,2019,Everyday / Streetwear,DIV Zebra sweater,Everyday / Streetwear
542672003,Unisex,Garment Upper body,Sweater,Sweater,top,Khaki green,Fall,2019,Sportswear / Gym,Alma seamless ls,Sportswear / Gym
816588001,Women,Garment Upper body,Top,Top,top,Pink,Summer,2019,Everyday / Streetwear,Bongo LS,Everyday / Streetwear
875980002,Men,Garment Upper body,T-shirt,T-shirt,top,Mole,Summer,2019,Everyday / Streetwear,LIME TEE,Everyday / Streetwear
882725001,Women,Garment Upper body,Jacket,Jacket,top,Black,Summer,2019,Everyday / Streetwear,DIV Falkon parka.,Everyday / Streetwear
702932014,Men,Garment Upper body,T-shirt,T-shirt,top,Red,Summer,2019,Office / Formal,R-neck Allington TVP,Office / Formal
821513004,Unisex,Garment Upper body,Vest top,Vest top,top,Khaki green,Summer,2019,Sportswear / Gym,Go light sports bra,Sportswear / Gym
539217010,Men,Garment Upper body,Shirt,Shirt,top,Lilac Purple,Fall,2019,Everyday / Streetwear,DUSTY French placket- linen,Everyday / Streetwear
731375001,Women,Garment Upper body,Jacket,Jacket,top,Blue,Winter,2019,Everyday / Streetwear,Blondie poncho,Everyday / Streetwear
759909001,Unisex,Garment Upper body,Vest top,Vest top,top,White,Summer,2019,Sportswear / Gym,CINNAMON tight yoga strap top,Sportswear / Gym
521062009,Men,Garment Upper body,Hoodie,Hoodie,top,Black,Summer,2019,Everyday / Streetwear,Printed Hood 29.99,Everyday / Streetwear
653208001,Women,Garment Upper body,Top,Top,top,Black,Summer,2019,Everyday / Streetwear,ED Johnny top,Everyday / Streetwear
564485001,Women,Garment Upper body,Cardigan,Cardigan,top,Grey,Fall,2019,Everyday / Streetwear,Alison,Everyday / Streetwear
516000074,Women,Garment Upper body,T-shirt,T-shirt,top,Blue,Fall,2019,Office / Formal,Agnes LS R-neck,Office / Formal
831777002,Women,Garment Upper body,Vest top,Vest top,top,Black,Spring,2019,Everyday / Streetwear,Lucie,Everyday / Streetwear
405586006,Women,Garment Upper body,Sweater,Sweater,top,Blue,Fall,2019,Everyday / Streetwear,Volly jumper (1),Everyday / Streetwear
443078004,Men,Garment Upper body,Shirt,Shirt,top,Blue,Fall,2019,Office / Formal,CA Berlin,Office / Formal
555944008,Women,Garment Upper body,Shirt,Shirt,top,Green,Fall,2019,Everyday / Streetwear,Prag,Everyday / Streetwear
640039003,Men,Garment Upper body,Jacket,Jacket,top,Black,Winter,2019,Everyday / Streetwear,Kurt CORD pile,Everyday / Streetwear
898918002,Women,Garment Upper body,Top,Top,top,Black,Summer,2019,Everyday / Streetwear,Shanghai CN,Everyday / Streetwear
145872043,Unisex,Garment Upper body,Sweater,Sweater,top,White,Winter,2019,Sportswear / Gym,Dorian l/s basic,Sportswear / Gym
569999005,Men,Garment Upper body,T-shirt,T-shirt,top,Grey,Winter,2019,Everyday / Streetwear,V-NECK SS BASIC FIT FANCY,Everyday / Streetwear
255396006,Women,Garment Upper body,Cardigan,Cardigan,top,Grey,Fall,2019,Everyday / Streetwear,Nora Cardigan,Everyday / Streetwear
876075001,Men,Garment Upper body,Shirt,Shirt,top,Blue,Summer,2019,Office / Formal,TD AOP Cotton PQ,Office / Formal
715624035,Women,Garment Upper body,Hoodie,Hoodie,top,Lilac Purple,Winter,2019,Everyday / Streetwear,Becka hoodie,Everyday / Streetwear
760250005,Men,Garment Upper body,Sweater,Sweater,top,Brown,Fall,2019,Office / Formal,IRON sweater,Office / Formal
559757002,Men,Garment Upper body,Shirt,Shirt,top,White,Fall,2019,Everyday / Streetwear,Pat ls spring flanell,Everyday / Streetwear
807473009,Women,Garment Upper body,Bodysuit,Bodysuit,top,Orange,Fall,2019,Everyday / Streetwear,Duran body,Everyday / Streetwear
548482003,Women,Garment Upper body,Top,Top,top,Black,Winter,2019,Everyday / Streetwear,Millenium,Everyday / Streetwear
744285001,Men,Garment Upper body,Shirt,Shirt,top,Blue,Winter,2019,Office / Formal,TD Slugo paisley,Office / Formal
537688004,Women,Garment Upper body,Sweater,Sweater,top,Red,Fall,2019,Everyday / Streetwear,Rachel,Everyday / Streetwear
498619002,Unisex,Garment Upper body,Jacket,Jacket,top,Black,Fall,2019,Sportswear / Gym,TAYLOR running jacket,Sportswear / Gym
587444001,Women,Garment Upper body,Top,Top,top,Pink,Winter,2019,Everyday / Streetwear,Royale LS,Everyday / Streetwear
617788001,Women,Garment Upper body,Top,Top,top,Blue,Fall,2019,Everyday / Streetwear,DIV Boulevard tee,Everyday / Streetwear
753906004,Women,Garment Upper body,T-shirt,T-shirt,top,Pink,Spring,2019,Everyday / Streetwear,Cecilia top,Everyday / Streetwear
871621002,Women,Garment Upper body,Shirt,Shirt,top,White,Summer,2019,Everyday / Streetwear,MICHELLE 3/4 SLEEVE SHIRT,Everyday / Streetwear
624486004,Women,Garment Upper body,T-shirt,T-shirt,top,Yellow,Fall,2019,Everyday / Streetwear,Brit Baby Tee,Everyday / Streetwear
685343001,Women,Garment Upper body,Bodysuit,Bodysuit,top,Black,Fall,2019,Everyday / Streetwear,Tuscany body,Everyday / Streetwear
681196002,Women,Garment Upper body,T-shirt,T-shirt,top,White,Summer,2019,Everyday / Streetwear,Morissette,Everyday / Streetwear
669710006,Women,Garment Upper body,Vest top,Vest top,top,Black,Summer,2019,Everyday / Streetwear,SPARKLING TANK,Everyday / Streetwear
729321002,Women,Garment Upper body,Top,Top,top,Beige,Summer,2019,Everyday / Streetwear,CANNA OL,Everyday / Streetwear
746650001,Women,Garment Upper body,Jacket,Jacket,top,Black,Spring,2019,Everyday / Streetwear,Susu throw on,Everyday / Streetwear
903316005,Men,Garment Upper body,Sweater,Sweater,top,Black,Summer,2019,Everyday / Streetwear,Printed CF Sweatshirt 19.99:-,Everyday / Streetwear
495616001,Men,Garment Upper body,Cardigan,Cardigan,top,Blue,Fall,2019,Office / Formal,Winston bomber,Office / Formal
708471006,Women,Garment Upper body,Top,Top,top,Beige,Summer,2019,Everyday / Streetwear,Ellen linen,Everyday / Streetwear
805802001,Men,Garment Upper body,Sweater,Sweater,top,Beige,Fall,2019,Everyday / Streetwear,Lucas crew color block,Everyday / Streetwear
560436007,Women,Garment Upper body,Sweater,Sweater,top,Grey,Spring,2019,Everyday / Streetwear,Ella,Everyday / Streetwear
906304001,Women,Garment Upper body,T-shirt,T-shirt,top,Black,Summer,2019,Everyday / Streetwear,Cadillac l/s top,Everyday / Streetwear
761575001,Women,Garment Upper body,Bodysuit,Bodysuit,top,Black,Fall,2019,Everyday / Streetwear,Mannie Body,Everyday / Streetwear
628568001,Women,Garment Upper body,Hoodie,Hoodie,top,Black,Winter,2019,Everyday / Streetwear,Peggy Padded Jacket,Everyday / Streetwear
720403001,Women,Garment Upper body,Sweater,Sweater,top,Red,Fall,2019,Everyday / Streetwear,Pudding,Everyday / Streetwear
700079007,Women,Garment Upper body,Vest top,Vest top,top,Khaki green,Summer,2019,Everyday / Streetwear,Orvar strap top,Everyday / Streetwear
573601001,Men,Garment Upper body,Shirt,Shirt,top,Black,Summer,2019,Everyday / Streetwear,Resort shirt,Everyday / Streetwear
700340003,Women,Garment Upper body,Sweater,Sweater,top,Yellow,Spring,2019,Everyday / Streetwear,Frida Printed Sweater,Everyday / Streetwear
398074048,Women,Garment Upper body,T-shirt,T-shirt,top,Blue,Fall,2019,Everyday / Streetwear,Sara 3/4,Everyday / Streetwear
848782001,Women,Garment Upper body,Coat,Coat,top,Grey,Winter,2019,Everyday / Streetwear,Jackie Coat,Everyday / Streetwear
694995001,Women,Garment Upper body,Blouse,Blouse,top,White,Fall,2019,Everyday / Streetwear,ED Despacito,Everyday / Streetwear
842952001,Women,Garment Upper body,Cardigan,Cardigan,top,Grey,Spring,2019,Everyday / Streetwear,Barbaris,Everyday / Streetwear
619553001,Men,Garment Upper body,Shirt,Shirt,top,White,Fall,2019,Office / Formal,TD Bird print,Office / Formal
914805002,Women,Garment Upper body,Top,Top,top,Black,Summer,2019,Everyday / Streetwear,Fife dress,Everyday / Streetwear
717490015,Women,Garment Upper body,T-shirt,T-shirt,top,Yellow,Summer,2019,Everyday / Streetwear,Cat Tee.,Everyday / Streetwear
860170002,Women,Garment Upper body,Vest top,Vest top,top,White,Spring,2019,Everyday / Streetwear,Ida 2-pack tank,Everyday / Streetwear
617378001,Unisex,Garment Upper body,Outdoor Waistcoat,Outdoor Waistcoat,top,Black,Fall,2019,Sportswear / Gym,ZODIAC vest,Sportswear / Gym
825580002,Women,Garment Upper body,Top,Top,top,White,Spring,2019,Everyday / Streetwear,Iris wrap LS,Everyday / Streetwear
749400003,Unisex,Garment Upper body,T-shirt,T-shirt,top,Grey,Fall,2019,Sportswear / Gym,Tory price tee,Sportswear / Gym
720093002,Men,Garment Upper body,Sweater,Sweater,top,Pink,Spring,2019,Everyday / Streetwear,ELM STRIPE SWEATER,Everyday / Streetwear
754267009,Women,Garment Upper body,Sweater,Sweater,top,Blue,Fall,2019,Everyday / Streetwear,Zebra- TVP- TM,Everyday / Streetwear
567424031,Men,Garment Upper body,Sweater,Sweater,top,Black,Winter,2019,Everyday / Streetwear,ZORROW,Everyday / Streetwear
759394002,Women,Garment Upper body,Blouse,Blouse,top,Pink,Fall,2019,Everyday / Streetwear,MELROSE BLOUSE,Everyday / Streetwear
856304001,Women,Garment Upper body,Cardigan,Cardigan,top,Blue,Winter,2019,Everyday / Streetwear,Hives Buckle Cardigan,Everyday / Streetwear
637549013,Women,Garment Upper body,Sweater,Sweater,top,Blue,Fall,2019,Everyday / Streetwear,Bama,Everyday / Streetwear
823825001,Women,Garment Upper body,Bodysuit,Bodysuit,top,Black,Winter,2019,Everyday / Streetwear,Ebony lace Body,Everyday / Streetwear
665655002,Women,Garment Upper body,Vest top,Vest top,top,Blue,Fall,2019,Everyday / Streetwear,J CHIHUAHUA DRESS EQ,Everyday / Streetwear
593829005,Men,Garment Upper body,T-shirt,T-shirt,top,Grey,Fall,2019,Everyday / Streetwear,Ronny R-Neck (1),Everyday / Streetwear
648300001,Women,Garment Upper body,Blouse,Blouse,top,Blue,Summer,2019,Everyday / Streetwear,Poppy Price,Everyday / Streetwear
560621001,Men,Garment Upper body,Jacket,Jacket,top,Black,Winter,2019,Everyday / Streetwear,Pat Pile Trucker,Everyday / Streetwear
660985004,Men,Garment Upper body,Sweater,Sweater,top,Black,Winter,2019,Everyday / Streetwear,bally,Everyday / Streetwear
752742008,Men,Garment Upper body,Vest top,Vest top,top,White,Summer,2019,Everyday / Streetwear,Printed Tank 6.99:-,Everyday / Streetwear
559580004,Men,Garment Upper body,Sweater,Sweater,top,Khaki green,Fall,2019,Everyday / Streetwear,Ramsey washed out,Everyday / Streetwear
500348005,Women,Garment Upper body,Shirt,Shirt,top,Green,Fall,2019,Everyday / Streetwear,BROADWAY,Everyday / Streetwear
820337002,Women,Garment Upper body,Top,Top,top,Grey,Winter,2019,Everyday / Streetwear,Tyra LS -2pack,Everyday / Streetwear
549480006,Women,Garment Upper body,T-shirt,T-shirt,top,Pink,Fall,2019,Everyday / Streetwear,Hailey tee,Everyday / Streetwear
632982054,Women,Garment Upper body,Top,Top,top,Beige,Spring,2019,Everyday / Streetwear,Jennifer tee,Everyday / Streetwear
665442004,Men,Garment Upper body,T-shirt,T-shirt,top,Black,Winter,2019,Everyday / Streetwear,Pride cut off,Everyday / Streetwear
816832002,Women,Garment Upper body,Sweater,Sweater,top,Grey,Fall,2019,Loungewear / Home,carly v-neck,Loungewear / Home
516778001,Men,Garment Upper body,Blazer,Blazer,top,Black,Winter,2019,Office / Formal,Chewbacca skinny tuxedo blz,Office / Formal
661417005,Unisex,Garment Upper body,Vest top,Vest top,top,Black,Winter,2019,Sportswear / Gym,BAE top with inner bra,Sportswear / Gym
905518002,Unisex,Garment Upper body,T-shirt,T-shirt,top,Khaki green,Summer,2019,Sportswear / Gym,Harmony Loose T-Shirt,Sportswear / Gym
741115005,Women,Garment Upper body,Blouse,Blouse,top,Black,Spring,2019,Everyday / Streetwear,Thyme Blouse,Everyday / Streetwear
530922003,Women,Garment Upper body,T-shirt,T-shirt,top,Black,Fall,2019,Everyday / Streetwear,Bengal tee,Everyday / Streetwear
839287007,Women,Garment Upper body,Sweater,Sweater,top,Khaki green,Summer,2019,Everyday / Streetwear,Renée Back Twist,Everyday / Streetwear
587026031,Men,Garment Upper body,Sweater,Sweater,top,Red,Fall,2019,Everyday / Streetwear,WALES,Everyday / Streetwear
566540001,Men,Garment Upper body,Jacket,Jacket,top,Blue,Winter,2019,Everyday / Streetwear,Killroy Jacket,Everyday / Streetwear
835634005,Women,Garment Upper body,Top,Top,top,Blue,Spring,2019,Everyday / Streetwear,Tanga LS,Everyday / Streetwear
873679001,Women,Garment Upper body,Shirt,Shirt,top,White,Summer,2019,Everyday / Streetwear,Melrose,Everyday / Streetwear
613426006,Women,Garment Upper body,Sweater,Sweater,top,Grey,Fall,2019,Everyday / Streetwear,PE Mallo knit,Everyday / Streetwear
642156003,Women,Garment Upper body,Blouse,Blouse,top,Blue,Spring,2019,Everyday / Streetwear,Lysekil one shoulder,Everyday / Streetwear
636672003,Women,Garment Upper body,Blazer,Blazer,top,White,Fall,2019,Everyday / Streetwear,Capri solid,Everyday / Streetwear
816962001,Women,Garment Upper body,Blouse,Blouse,top,White,Summer,2019,Everyday / Streetwear,Hans top,Everyday / Streetwear
687524003,Women,Garment Upper body,Cardigan,Cardigan,top,Pink,Fall,2019,Everyday / Streetwear,Siri Cardigan,Everyday / Streetwear
817058001,Women,Garment Upper body,Blouse,Blouse,top,White,Spring,2019,Everyday / Streetwear,CS Nikki boho blouse,Everyday / Streetwear
688448003,Women,Garment Upper body,Shirt,Shirt,top,Yellow,Fall,2019,Everyday / Streetwear,PE CHRISSY SILK SHIRT,Everyday / Streetwear
597123002,Men,Garment Upper body,Shirt,Shirt,top,Black,Fall,2019,Everyday / Streetwear,Nisse shirt,Everyday / Streetwear
739348004,Unisex,Garment Upper body,T-shirt,T-shirt,top,Black,Summer,2019,Sportswear / Gym,SPEEDY CONSCIOUS TEE,Sportswear / Gym
895470002,Women,Garment Upper body,Sweater,Sweater,top,Mole,Summer,2019,Everyday / Streetwear,Debbie,Everyday / Streetwear
782595001,Women,Garment Upper body,Jacket,Jacket,top,Black,Fall,2019,Everyday / Streetwear,Sheffield Long Puffer,Everyday / Streetwear
825743001,Women,Garment Upper body,Blazer,Blazer,top,Brown,Winter,2019,Everyday / Streetwear,Bella blazer,Everyday / Streetwear
806388001,Women,Garment Upper body,T-shirt,T-shirt,top,Black,Summer,2019,Everyday / Streetwear,Therese tee,Everyday / Streetwear
635050002,Women,Garment Upper body,Blouse,Blouse,top,Beige,Summer,2019,Everyday / Streetwear,Sharon AG,Everyday / Streetwear
579541009,Women,Garment Upper body,Cardigan,Cardigan,top,Grey,Fall,2019,Everyday / Streetwear,Calista,Everyday / Streetwear
592702002,Women,Garment Upper body,Jacket,Jacket,top,Black,Fall,2019,Everyday / Streetwear,Dormire jacket,Everyday / Streetwear
854842001,Women,Garment Upper body,Hoodie,Hoodie,top,Green,Winter,2019,Everyday / Streetwear,LOGG Mondrian hood,Everyday / Streetwear
505222003,Women,Garment Upper body,Cardigan,Cardigan,top,Unknown,Winter,2019,Everyday / Streetwear,Inca Cardigan,Everyday / Streetwear
758005002,Unisex,Garment Upper body,Top,Top,top,Black,Spring,2019,Sportswear / Gym,SAVANNAH cropped wrap tank,Sportswear / Gym
851094009,Unisex,Garment Upper body,Vest top,Vest top,top,Black,Summer,2019,Sportswear / Gym,Mist Loose Tank,Sportswear / Gym
784143001,Women,Garment Upper body,Vest top,Vest top,top,Beige,Summer,2019,Everyday / Streetwear,Spirulina,Everyday / Streetwear
806721001,Men,Garment Upper body,Sweater,Sweater,top,Black,Winter,2019,Office / Formal,PALM graphic crewneck,Office / Formal
580770001,Women,Garment Upper body,Sweater,Sweater,top,Black,Winter,2019,Everyday / Streetwear,Kai jumper,Everyday / Streetwear
683662005,Women,Garment Upper body,Top,Top,top,Black,Winter,2019,Everyday / Streetwear,Doris L/S,Everyday / Streetwear
643999001,Women,Garment Upper body,Vest top,Vest top,top,Mole,Summer,2019,Everyday / Streetwear,Promethius Tank,Everyday / Streetwear
918525004,Women,Garment Upper body,Sweater,Sweater,top,Mole,Summer,2019,Everyday / Streetwear,Frill cable,Everyday / Streetwear
504960006,Men,Garment Upper body,Vest top,Vest top,top,Beige,Summer,2019,Everyday / Streetwear,Pocket tanktop,Everyday / Streetwear
723677004,Women,Garment Upper body,Bodysuit,Bodysuit,top,Turquoise,Spring,2019,Everyday / Streetwear,Valeria body,Everyday / Streetwear
848256001,Women,Garment Upper body,Bodysuit,Bodysuit,top,Black,Spring,2019,Everyday / Streetwear,Brea body,Everyday / Streetwear
754697001,Women,Garment Upper body,Hoodie,Hoodie,top,Pink,Fall,2019,Everyday / Streetwear,Herbal Hood- TVP,Everyday / Streetwear
654410009,Men,Garment Upper body,Polo shirt,Polo shirt,top,White,Spring,2019,Everyday / Streetwear,MUSHROOM SLIM FIT POLO,Everyday / Streetwear
711727012,Women,Garment Upper body,T-shirt,T-shirt,top,White,Summer,2019,Everyday / Streetwear,ED Jennifer tee,Everyday / Streetwear
607895002,Women,Garment Upper body,Vest top,Vest top,top,White,Fall,2019,Everyday / Streetwear,Novak ruffle top,Everyday / Streetwear
539291002,Women,Garment Upper body,Sweater,Sweater,top,Beige,Winter,2019,Everyday / Streetwear,Neve Off Shoulder,Everyday / Streetwear
801309007,Women,Garment Upper body,Sweater,Sweater,top,Green,Fall,2019,Everyday / Streetwear,Ossian,Everyday / Streetwear
703559006,Unisex,Garment Upper body,Top,Top,top,Pink,Summer,2019,Sportswear / Gym,Hail top,Sportswear / Gym
690222005,Women,Garment Upper body,Sweater,Sweater,top,Pink,Winter,2019,Everyday / Streetwear,Lucille bow jumper,Everyday / Streetwear
736765013,Men,Garment Upper body,T-shirt,T-shirt,top,Blue,Summer,2019,Everyday / Streetwear,Andre AOP tee,Everyday / Streetwear
685347003,Women,Garment Upper body,Top,Top,top,White,Fall,2019,Everyday / Streetwear,Duo,Everyday / Streetwear
630323005,Men,Garment Upper body,T-shirt,T-shirt,top,White,Fall,2019,Everyday / Streetwear,Regular Printed tee 9.99 B2,Everyday / Streetwear
698899003,Women,Garment Upper body,Vest top,Vest top,top,Black,Spring,2019,Everyday / Streetwear,Isadora shell top,Everyday / Streetwear
378447055,Men,Garment Upper body,Sweater,Sweater,top,Beige,Spring,2019,Office / Formal,V-Neck Milan TVP,Office / Formal
572796014,Women,Garment Upper body,T-shirt,T-shirt,top,Grey,Fall,2019,Everyday / Streetwear,2 - PACK,Everyday / Streetwear
846353001,Women,Garment Upper body,Sweater,Sweater,top,Beige,Spring,2019,Everyday / Streetwear,LOGG Savona v neck,Everyday / Streetwear
647680002,Women,Garment Upper body,Jacket,Jacket,top,Blue,Fall,2019,Everyday / Streetwear,Jacket Core Pile,Everyday / Streetwear
851936002,Women,Garment Upper body,Top,Top,top,Beige,Spring,2019,Everyday / Streetwear,ED Claudine 2-pack,Everyday / Streetwear
668221002,Men,Garment Upper body,Shirt,Shirt,top,Blue,Fall,2019,Everyday / Streetwear,AGATE check shirt,Everyday / Streetwear
881917001,Women,Garment Upper body,Jacket,Jacket,top,Blue,Summer,2019,Everyday / Streetwear,DIV+ Shadow shacket,Everyday / Streetwear
678696001,Unisex,Garment Upper body,T-shirt,T-shirt,top,Black,Winter,2019,Sportswear / Gym,IZZY TEE,Sportswear / Gym
903553001,Women,Garment Upper body,Blouse,Blouse,top,Black,Summer,2019,Everyday / Streetwear,Moon blouse,Everyday / Streetwear
662344002,Women,Garment Upper body,Blouse,Blouse,top,Pink,Fall,2019,Office / Formal,Lily blouse,Office / Formal
555686001,Women,Garment Upper body,Top,Top,top,White,Fall,2019,Everyday / Streetwear,Diva,Everyday / Streetwear
748360002,Women,Garment Upper body,Vest top,Vest top,top,Pink,Spring,2019,Everyday / Streetwear,BIRD RIB TEE,Everyday / Streetwear
913743001,Women,Garment Upper body,Hoodie,Hoodie,top,Green,Summer,2019,Everyday / Streetwear,SC Shelter Hoodie,Everyday / Streetwear
721266003,Women,Garment Upper body,Hoodie,Hoodie,top,Red,Fall,2019,Everyday / Streetwear,Carla parka,Everyday / Streetwear
620928003,Men,Garment Upper body,Polo shirt,Polo shirt,top,Blue,Fall,2019,Everyday / Streetwear,PIPER POLO,Everyday / Streetwear
918944001,Women,Garment Upper body,Jacket,Jacket,top,Black,Summer,2019,Everyday / Streetwear,Italian Ceder coat.,Everyday / Streetwear
700325002,Women,Garment Upper body,Sweater,Sweater,top,Black,Fall,2019,Everyday / Streetwear,River Lace Band LS,Everyday / Streetwear
651905008,Women,Garment Upper body,T-shirt,T-shirt,top,Black,Spring,2019,Everyday / Streetwear,Ryder tee,Everyday / Streetwear
598767003,Women,Garment Upper body,Top,Top,top,Red,Fall,2019,Everyday / Streetwear,Wish body,Everyday / Streetwear
739365002,Women,Garment Upper body,Vest top,Vest top,top,Beige,Spring,2019,Everyday / Streetwear,Marlin Fake Crochet Tank,Everyday / Streetwear
624486016,Women,Garment Upper body,T-shirt,T-shirt,top,Beige,Spring,2019,Everyday / Streetwear,Brit Baby Tee,Everyday / Streetwear
449263043,Men,Garment Upper body,T-shirt,T-shirt,top,Beige,Summer,2019,Everyday / Streetwear,Zero Tee,Everyday / Streetwear
569514004,Men,Garment Upper body,Sweater,Sweater,top,Black,Fall,2019,Office / Formal,Polo Noel l/s,Office / Formal
510933005,Women,Garment Upper body,Blouse,Blouse,top,White,Winter,2019,Everyday / Streetwear,ES Winne top,Everyday / Streetwear
560030016,Men,Garment Upper body,Shirt,Shirt,top,Blue,Fall,2019,Everyday / Streetwear,Pete bd ls poplin,Everyday / Streetwear
692285002,Women,Garment Upper body,Top,Top,top,Blue,Winter,2019,Everyday / Streetwear,Franco tee,Everyday / Streetwear
691072020,Men,Garment Upper body,Sweater,Sweater,top,Pink,Fall,2019,Everyday / Streetwear,JEKYL SWEATSHIRT,Everyday / Streetwear
817152001,Women,Garment Upper body,Blouse,Blouse,top,White,Winter,2019,Everyday / Streetwear,Seashell,Everyday / Streetwear
421387048,Unisex,Garment Upper body,T-shirt,T-shirt,top,Black,Summer,2019,Sportswear / Gym,Isak graphic tee,Sportswear / Gym
730857004,Men,Garment Upper body,Sweater,Sweater,top,Grey,Winter,2019,Everyday / Streetwear,PEBBLE knitted crewneck 1,Everyday / Streetwear
870536002,Women,Garment Upper body,Sweater,Sweater,top,Khaki green,Summer,2019,Everyday / Streetwear,LOGG Queen dress,Everyday / Streetwear
640039001,Men,Garment Upper body,Jacket,Jacket,top,Brown,Fall,2019,Everyday / Streetwear,Kurt CORD pile,Everyday / Streetwear
662935001,Women,Garment Upper body,Sweater,Sweater,top,Grey,Fall,2019,Everyday / Streetwear,Selena,Everyday / Streetwear
754713012,Women,Garment Upper body,Sweater,Sweater,top,White,Fall,2019,Everyday / Streetwear,Kamikaze TVP- TM,Everyday / Streetwear
574106003,Women,Garment Upper body,Sweater,Sweater,top,Black,Fall,2019,Everyday / Streetwear,Karmi Cut-Out Shoulder,Everyday / Streetwear
789910001,Women,Garment Upper body,Sweater,Sweater,top,Black,Fall,2019,Everyday / Streetwear,D1 PE GLENN KNIT,Everyday / Streetwear
834021003,Women,Garment Upper body,T-shirt,T-shirt,top,Pink,Spring,2019,Everyday / Streetwear,Holly front print Tee,Everyday / Streetwear
609798005,Women,Garment Upper body,Sweater,Sweater,top,Orange,Fall,2019,Everyday / Streetwear,Joney sweater,Everyday / Streetwear
500449026,Men,Garment Upper body,Hoodie,Hoodie,top,Black,Fall,2019,Everyday / Streetwear,Printed Hood,Everyday / Streetwear
936282001,Women,Garment Upper body,Sweater,Sweater,top,Black,Summer,2019,Everyday / Streetwear,Essential Yucca LS,Everyday / Streetwear
761504006,Women,Garment Upper body,Blazer,Blazer,top,Black,Fall,2019,Everyday / Streetwear,MC St Bernard,Everyday / Streetwear
495685016,Men,Garment Upper body,Sweater,Sweater,top,Green,Fall,2019,Office / Formal,Rollerneck Blenheim TVP,Office / Formal
881702001,Women,Garment Upper body,Blouse,Blouse,top,Blue,Summer,2019,Everyday / Streetwear,Peony RW Top,Everyday / Streetwear
501722010,Men,Garment Upper body,Shirt,Shirt,top,Blue,Winter,2019,Everyday / Streetwear,Fredrik stretch shirt,Everyday / Streetwear
615021009,Women,Garment Upper body,T-shirt,T-shirt,top,Grey,Fall,2019,Everyday / Streetwear,Luisa tee,Everyday / Streetwear
900256002,Women,Garment Upper body,Top,Top,top,Lilac Purple,Summer,2019,Everyday / Streetwear,ED Pingu,Everyday / Streetwear
867896001,Women,Garment Upper body,Top,Top,top,Black,Winter,2019,Everyday / Streetwear,Soraya top,Everyday / Streetwear
874224005,Women,Garment Upper body,Top,Top,top,Pink,Summer,2019,Office / Formal,Cooper plisse top,Office / Formal
678942003,Women,Garment Upper body,Sweater,Sweater,top,White,Fall,2019,Loungewear / Home,Harrison,Loungewear / Home
707235007,Men,Garment Upper body,Jacket,Jacket,top,Black,Winter,2019,Everyday / Streetwear,ragnarök,Everyday / Streetwear
669191002,Men,Garment Upper body,Sweater,Sweater,top,Grey,Fall,2019,Everyday / Streetwear,Warhol knit,Everyday / Streetwear
678707004,Unisex,Garment Upper body,Sweater,Sweater,top,Turquoise,Fall,2019,Sportswear / Gym,VALENTINE LONGSLEEVE,Sportswear / Gym
693963008,Unisex,Garment Upper body,Vest top,Vest top,top,White,Spring,2019,Sportswear / Gym,FOG TANKTOP,Sportswear / Gym
683641002,Women,Garment Upper body,Cardigan,Cardigan,top,Black,Fall,2019,Everyday / Streetwear,Maja Jaquard (1),Everyday / Streetwear
761937001,Women,Garment Upper body,Coat,Coat,top,Black,Fall,2019,Everyday / Streetwear,ED Marita Coat,Everyday / Streetwear
545429005,Women,Garment Upper body,Blouse,Blouse,top,White,Fall,2019,Everyday / Streetwear,MC Cedric blouse,Everyday / Streetwear
765545001,Women,Garment Upper body,Sweater,Sweater,top,White,Fall,2019,Everyday / Streetwear,Shelly SS poloneck,Everyday / Streetwear
804610008,Men,Garment Upper body,T-shirt,T-shirt,top,Blue,Summer,2019,Office / Formal,Allington TVP,Office / Formal
567993035,Unisex,Garment Upper body,T-shirt,T-shirt,top,Green,Fall,2019,Sportswear / Gym,IZZY loose tee,Sportswear / Gym
679853001,Women,Garment Upper body,Sweater,Sweater,top,Black,Fall,2019,Everyday / Streetwear,Sirpa Basic TVP,Everyday / Streetwear
778798002,Women,Garment Upper body,Sweater,Sweater,top,White,Fall,2019,Everyday / Streetwear,Julie wrap sweater,Everyday / Streetwear
616776003,Women,Garment Upper body,Sweater,Sweater,top,Yellow,Fall,2019,Everyday / Streetwear,Lou knitted jumper,Everyday / Streetwear
671777033,Men,Garment Upper body,T-shirt,T-shirt,top,Black,Spring,2019,Everyday / Streetwear,Roll Up Tee,Everyday / Streetwear
630313006,Women,Garment Upper body,T-shirt,T-shirt,top,Beige,Winter,2019,Everyday / Streetwear,Jetplane (1),Everyday / Streetwear
695448001,Women,Garment Upper body,Blouse,Blouse,top,White,Fall,2019,Everyday / Streetwear,Gabriella,Everyday / Streetwear
570004061,Men,Garment Upper body,Polo shirt,Polo shirt,top,Khaki green,Spring,2019,Everyday / Streetwear,PETER POLO,Everyday / Streetwear
793025004,Women,Garment Upper body,Shirt,Shirt,top,White,Winter,2019,Office / Formal,Portofino blouse,Office / Formal
806780001,Women,Garment Upper body,Vest top,Vest top,top,Beige,Summer,2019,Everyday / Streetwear,SPORT Laguna tank,Everyday / Streetwear
386859050,Men,Garment Upper body,T-shirt,T-shirt,top,Pink,Fall,2019,Office / Formal,Allington R-neck,Office / Formal
832359003,Women,Garment Upper body,Top,Top,top,Green,Summer,2019,Everyday / Streetwear,Simone,Everyday / Streetwear
757671007,Women,Garment Upper body,Blouse,Blouse,top,White,Summer,2019,Everyday / Streetwear,Raspberry,Everyday / Streetwear
630672001,Women,Garment Upper body,Blouse,Blouse,top,Black,Fall,2019,Everyday / Streetwear,SALLY BLOUSE,Everyday / Streetwear
679850001,Men,Garment Upper body,Shirt,Shirt,top,Blue,Spring,2019,Everyday / Streetwear,RC fredrik ss stripe,Everyday / Streetwear
763731005,Men,Garment Upper body,Shirt,Shirt,top,Beige,Fall,2019,Everyday / Streetwear,Pat ls bd Noel plaid,Everyday / Streetwear
653151005,Women,Garment Upper body,Blouse,Blouse,top,White,Spring,2019,Everyday / Streetwear,Dolores,Everyday / Streetwear
626826001,Women,Garment Upper body,Top,Top,top,Black,Fall,2019,Everyday / Streetwear,BYN Quick fix top,Everyday / Streetwear
616835006,Women,Garment Upper body,Blouse,Blouse,top,Black,Fall,2019,Everyday / Streetwear,Ninja,Everyday / Streetwear
585503005,Men,Garment Upper body,T-shirt,T-shirt,top,Grey,Fall,2019,Everyday / Streetwear,Larry Longsleeve Tee,Everyday / Streetwear
775328008,Women,Garment Upper body,Top,Top,top,Black,Summer,2019,Everyday / Streetwear,Villi Body,Everyday / Streetwear
629061002,Women,Garment Upper body,Sweater,Sweater,top,Grey,Winter,2019,Everyday / Streetwear,Rachel jumper,Everyday / Streetwear
693299002,Women,Garment Upper body,Top,Top,top,Beige,Fall,2019,Everyday / Streetwear,Victoria dress,Everyday / Streetwear
660190001,Women,Garment Upper body,Blouse,Blouse,top,White,Summer,2019,Everyday / Streetwear,Vincent,Everyday / Streetwear
557728001,Men,Garment Upper body,Shirt,Shirt,top,Black,Fall,2019,Everyday / Streetwear,SHAGGY SS,Everyday / Streetwear
520495009,Women,Garment Upper body,T-shirt,T-shirt,top,Orange,Fall,2019,Everyday / Streetwear,Ryan Printed Tee,Everyday / Streetwear
768317006,Men,Garment Upper body,Blazer,Blazer,top,Red,Fall,2019,Office / Formal,Kent skinny velvet blz,Office / Formal
778224001,Women,Garment Upper body,Outdoor Waistcoat,Outdoor Waistcoat,top,Beige,Winter,2019,Everyday / Streetwear,Queen Padded Vest,Everyday / Streetwear
651336004,Women,Garment Upper body,Sweater,Sweater,top,White,Winter,2019,Everyday / Streetwear,SNAP CREW,Everyday / Streetwear
797500002,Women,Garment Upper body,Blazer,Blazer,top,Beige,Summer,2019,Everyday / Streetwear,PQ CLEO WOOL BLAZER,Everyday / Streetwear
889387002,Men,Garment Upper body,Shirt,Shirt,top,Black,Summer,2019,Office / Formal,CA Technical slim shirt TVP,Office / Formal
877715002,Women,Garment Upper body,Blouse,Blouse,top,Pink,Summer,2019,Everyday / Streetwear,IMMI SS BLOUSE,Everyday / Streetwear
860260001,Women,Garment Upper body,Blazer,Blazer,top,Beige,Winter,2019,Everyday / Streetwear,Jade shirt,Everyday / Streetwear
609474002,Unisex,Garment Upper body,Vest top,Vest top,top,White,Winter,2019,Sportswear / Gym,David tank top,Sportswear / Gym
617835008,Women,Garment Upper body,Sweater,Sweater,top,Blue,Winter,2019,Everyday / Streetwear,DIV Maja cardigan,Everyday / Streetwear
860367001,Women,Garment Upper body,Top,Top,top,Beige,Summer,2019,Everyday / Streetwear,Malin Cardigan,Everyday / Streetwear
688873021,Women,Garment Upper body,Blouse,Blouse,top,Black,Fall,2019,Office / Formal,Gyda!,Office / Formal
569984014,Men,Garment Upper body,Top,Top,top,Red,Fall,2019,Everyday / Streetwear,R-NECK LS SLIM FIT,Everyday / Streetwear
888403001,Women,Garment Upper body,Blouse,Blouse,top,Black,Summer,2019,Everyday / Streetwear,SPEED NAOMI SS BLOUSE PU,Everyday / Streetwear
579751002,Women,Garment Upper body,Sweater,Sweater,top,Blue,Fall,2019,Everyday / Streetwear,Palmer,Everyday / Streetwear
544848001,Women,Garment Upper body,Jacket,Jacket,top,Black,Fall,2019,Everyday / Streetwear,Fly Varsity Jacket,Everyday / Streetwear
707235003,Men,Garment Upper body,Jacket,Jacket,top,Black,Winter,2019,Everyday / Streetwear,ragnarök,Everyday / Streetwear
723413003,Unisex,Garment Upper body,Sweater,Sweater,top,Black,Winter,2019,Sportswear / Gym,SHANIQUA boxy ls,Sportswear / Gym
543689004,Women,Garment Upper body,Blazer,Blazer,top,Grey,Fall,2019,Office / Formal,Mariette.,Office / Formal
906258005,Women,Garment Upper body,Top,Top,top,Pink,Summer,2019,Everyday / Streetwear,DAISY L/S TOP,Everyday / Streetwear
753258001,Women,Garment Upper body,Blouse,Blouse,top,Black,Spring,2019,Everyday / Streetwear,SYDNEY TOP,Everyday / Streetwear
244267027,Women,Garment Upper body,Sweater,Sweater,top,Brown,Fall,2019,Everyday / Streetwear,Silver lake,Everyday / Streetwear
740457001,Women,Garment Upper body,Sweater,Sweater,top,White,Winter,2019,Everyday / Streetwear,Johnny knitted jumper,Everyday / Streetwear
932558001,Men,Garment Upper body,Polo shirt,Polo shirt,top,Black,Summer,2019,Everyday / Streetwear,PORTOBELLO LS MUSCLE POLO,Everyday / Streetwear
697985002,Women,Garment Upper body,Sweater,Sweater,top,Grey,Fall,2019,Everyday / Streetwear,Josse,Everyday / Streetwear
651893004,Women,Garment Upper body,T-shirt,T-shirt,top,White,Fall,2019,Everyday / Streetwear,Bird tee,Everyday / Streetwear
699623001,Women,Garment Upper body,Jacket,Jacket,top,Beige,Winter,2019,Everyday / Streetwear,Monaco wool coat,Everyday / Streetwear
687036011,Women,Garment Upper body,T-shirt,T-shirt,top,Grey,Winter,2019,Everyday / Streetwear,AGNES isw 45,Everyday / Streetwear
890631002,Women,Garment Upper body,Vest top,Vest top,top,White,Summer,2019,Everyday / Streetwear,Jacy Tank,Everyday / Streetwear
835851001,Women,Garment Upper body,Blouse,Blouse,top,White,Summer,2019,Office / Formal,Nicla Blouse,Office / Formal
817392003,Women,Garment Upper body,Sweater,Sweater,top,Beige,Fall,2019,Everyday / Streetwear,Salt Sweater.,Everyday / Streetwear
850244003,Women,Garment Upper body,Blouse,Blouse,top,White,Summer,2019,Everyday / Streetwear,Emily,Everyday / Streetwear
888728006,Women,Garment Upper body,Top,Top,top,Yellow,Summer,2019,Everyday / Streetwear,Butter top,Everyday / Streetwear
653275022,Unisex,Garment Upper body,T-shirt,T-shirt,top,Grey,Spring,2019,Sportswear / Gym,Correy tee.,Sportswear / Gym
890498001,Women,Garment Upper body,Jacket,Jacket,top,Blue,Spring,2019,Everyday / Streetwear,Aruba denim jkt,Everyday / Streetwear
794768010,Women,Garment Upper body,Sweater,Sweater,top,Black,Fall,2019,Everyday / Streetwear,Max cowlneck sweater,Everyday / Streetwear
690586001,Women,Garment Upper body,Blazer,Blazer,top,Brown,Fall,2019,Everyday / Streetwear,Tracy blazer v.6,Everyday / Streetwear
678342001,Women,Garment Upper body,T-shirt,T-shirt,top,Black,Fall,2019,Everyday / Streetwear,Lima SS.,Everyday / Streetwear
719236002,Women,Garment Upper body,T-shirt,T-shirt,top,White,Spring,2019,Everyday / Streetwear,J LINDA TEE EQ,Everyday / Streetwear
753451002,Women,Garment Upper body,T-shirt,T-shirt,top,Beige,Winter,2019,Everyday / Streetwear,Ava tee,Everyday / Streetwear
607642008,Women,Garment Upper body,Shirt,Shirt,top,Black,Spring,2019,Office / Formal,The Firm (1),Office / Formal
716045002,Women,Garment Upper body,Jacket,Jacket,top,Beige,Winter,2019,Everyday / Streetwear,Paris trench,Everyday / Streetwear
902012002,Women,Garment Upper body,Sweater,Sweater,top,Black,Summer,2019,Everyday / Streetwear,Hedvig,Everyday / Streetwear
678689008,Unisex,Garment Upper body,T-shirt,T-shirt,top,Pink,Summer,2019,Sportswear / Gym,LEO SEAMLESS TEE,Sportswear / Gym
601691006,Men,Garment Upper body,Sweater,Sweater,top,White,Fall,2019,Everyday / Streetwear,BYRON,Everyday / Streetwear
747216001,Women,Garment Upper body,Blouse,Blouse,top,Blue,Summer,2019,Everyday / Streetwear,Gabriella,Everyday / Streetwear
657227004,Men,Garment Upper body,Sweater,Sweater,top,White,Winter,2019,Everyday / Streetwear,Mackay sweater,Everyday / Streetwear
621735016,Men,Garment Upper body,Shirt,Shirt,top,Black,Fall,2019,Everyday / Streetwear,Pete ss poplin  (1),Everyday / Streetwear
621522022,Men,Garment Upper body,T-shirt,T-shirt,top,Grey,Fall,2019,Everyday / Streetwear,Mike tee,Everyday / Streetwear
835602002,Women,Garment Upper body,Top,Top,top,Red,Spring,2019,Everyday / Streetwear,DONNA LINNEN L/S,Everyday / Streetwear
885806005,Women,Garment Upper body,Vest top,Vest top,top,White,Spring,2019,Everyday / Streetwear,Bandeau tank,Everyday / Streetwear
613457001,Women,Garment Upper body,Top,Top,top,Unknown,Spring,2019,Everyday / Streetwear,Lauren,Everyday / Streetwear
851936012,Women,Garment Upper body,Top,Top,top,White,Summer,2019,Everyday / Streetwear,Gaga 2-pack SS,Everyday / Streetwear
719323001,Women,Garment Upper body,Coat,Coat,top,Beige,Spring,2019,Everyday / Streetwear,Zinnia coat,Everyday / Streetwear
759909004,Unisex,Garment Upper body,Vest top,Vest top,top,Black,Winter,2019,Sportswear / Gym,CINNAMON tight yoga strap top,Sportswear / Gym
512382009,Men,Garment Upper body,Shirt,Shirt,top,Red,Winter,2019,Everyday / Streetwear,Stuart Shirt (1),Everyday / Streetwear
737137005,Women,Garment Upper body,Blouse,Blouse,top,White,Summer,2019,Everyday / Streetwear,Sunshine s/s,Everyday / Streetwear
522398043,Women,Garment Upper body,Top,Top,top,White,Spring,2019,Everyday / Streetwear,Vincent,Everyday / Streetwear
803597001,Women,Garment Upper body,Sweater,Sweater,top,White,Winter,2019,Everyday / Streetwear,ED Spirit,Everyday / Streetwear
568601006,Women,Garment Upper body,Blazer,Blazer,top,Black,Fall,2019,Office / Formal,Mariette Blazer,Office / Formal
611624002,Men,Garment Upper body,Shirt,Shirt,top,Blue,Fall,2019,Everyday / Streetwear,DENIM Jon ss aop,Everyday / Streetwear
761323002,Women,Garment Upper body,T-shirt,T-shirt,top,White,Spring,2019,Everyday / Streetwear,Antelope ss,Everyday / Streetwear
554528002,Unisex,Garment Upper body,Hoodie,Hoodie,top,Black,Fall,2019,Sportswear / Gym,SB Niko Hood,Sportswear / Gym
696594003,Women,Garment Upper body,Shirt,Shirt,top,White,Summer,2019,Everyday / Streetwear,ANGELICA S.0,Everyday / Streetwear
674826001,Men,Garment Upper body,Sweater,Sweater,top,Black,Fall,2019,Everyday / Streetwear,Fine knit,Everyday / Streetwear
379780039,Women,Garment Upper body,T-shirt,T-shirt,top,Blue,Winter,2019,Everyday / Streetwear,Rita Ringer Tee,Everyday / Streetwear
612124001,Women,Garment Upper body,Vest top,Vest top,top,Pink,Winter,2019,Everyday / Streetwear,Lucie off shoulder top,Everyday / Streetwear
859789001,Women,Garment Upper body,Top,Top,top,White,Spring,2019,Everyday / Streetwear,Kirsten 2-pack t-shirt (J),Everyday / Streetwear
695266002,Women,Garment Upper body,Top,Top,top,Black,Fall,2019,Everyday / Streetwear,Smilla poncho,Everyday / Streetwear
859118001,Women,Garment Upper body,Blouse,Blouse,top,Green,Summer,2019,Everyday / Streetwear,Beatrice,Everyday / Streetwear
857778003,Women,Garment Upper body,Sweater,Sweater,top,Mole,Winter,2019,Everyday / Streetwear,Luve Jumper,Everyday / Streetwear
801673003,Women,Garment Upper body,Top,Top,top,Grey,Fall,2019,Everyday / Streetwear,Yasmine LS,Everyday / Streetwear
568862002,Women,Garment Upper body,Sweater,Sweater,top,White,Fall,2019,Office / Formal,Elsa,Office / Formal
746168005,Women,Garment Upper body,Jacket,Jacket,top,White,Fall,2019,Everyday / Streetwear,Gloom pile coat,Everyday / Streetwear
743840007,Men,Garment Upper body,Shirt,Shirt,top,Beige,Fall,2019,Everyday / Streetwear,NILS LS CHECK,Everyday / Streetwear
813595005,Men,Garment Upper body,Shirt,Shirt,top,Black,Fall,2019,Office / Formal,Mandarin Frame,Office / Formal
825318001,Unisex,Garment Upper body,Vest top,Vest top,top,Khaki green,Spring,2019,Sportswear / Gym,Savannah wrap tank,Sportswear / Gym
580301001,Women,Garment Upper body,Jacket,Jacket,top,Beige,Fall,2019,Everyday / Streetwear,Waterfall coat,Everyday / Streetwear
653248003,Women,Garment Upper body,Blouse,Blouse,top,Black,Fall,2019,Everyday / Streetwear,Frej blouse,Everyday / Streetwear
713433001,Women,Garment Upper body,Cardigan,Cardigan,top,Beige,Spring,2019,Everyday / Streetwear,LOGG Pomsky cardigan,Everyday / Streetwear
536410004,Women,Garment Upper body,Sweater,Sweater,top,Red,Fall,2019,Everyday / Streetwear,Sparkle,Everyday / Streetwear
784848003,Women,Garment Upper body,Hoodie,Hoodie,top,Black,Fall,2019,Everyday / Streetwear,Andie Hood,Everyday / Streetwear
542162001,Women,Garment Upper body,Top,Top,top,Black,Winter,2019,Everyday / Streetwear,SC IRVING TOP,Everyday / Streetwear
578342004,Women,Garment Upper body,Sweater,Sweater,top,Blue,Fall,2019,Everyday / Streetwear,Susan,Everyday / Streetwear
768085001,Women,Garment Upper body,Shirt,Shirt,top,Khaki green,Spring,2019,Everyday / Streetwear,Falafel,Everyday / Streetwear
449570015,Unisex,Garment Upper body,T-shirt,T-shirt,top,Blue,Fall,2019,Sportswear / Gym,CLAY TEE,Sportswear / Gym
660009005,Men,Garment Upper body,Shirt,Shirt,top,Blue,Winter,2019,Everyday / Streetwear,Pat ls bd twill solid,Everyday / Streetwear
733026001,Men,Garment Upper body,Sweater,Sweater,top,Grey,Spring,2019,Everyday / Streetwear,TEAL striped crewneck,Everyday / Streetwear
759392008,Women,Garment Upper body,Shirt,Shirt,top,Pink,Fall,2019,Everyday / Streetwear,POPEYE SHIRT,Everyday / Streetwear
851167001,Women,Garment Upper body,Vest top,Vest top,top,White,Summer,2019,Everyday / Streetwear,Caroline,Everyday / Streetwear
522747001,Women,Garment Upper body,Blazer,Blazer,top,Blue,Winter,2019,Everyday / Streetwear,Bologna,Everyday / Streetwear
696131001,Women,Garment Upper body,Sweater,Sweater,top,Red,Fall,2019,Everyday / Streetwear,J BUTTONS HOOD CNY,Everyday / Streetwear
852219001,Women,Garment Upper body,Top,Top,top,Red,Summer,2019,Everyday / Streetwear,Gemma off shoulder LS,Everyday / Streetwear
743840009,Men,Garment Upper body,Shirt,Shirt,top,Red,Winter,2019,Everyday / Streetwear,NILS LS CHECK,Everyday / Streetwear
585499001,Women,Garment Upper body,T-shirt,T-shirt,top,Grey,Fall,2019,Everyday / Streetwear,Lavender tee,Everyday / Streetwear
551459001,Men,Garment Upper body,Shirt,Shirt,top,Blue,Winter,2019,Office / Formal,TD check Rossi,Office / Formal
692200002,Men,Garment Upper body,Sweater,Sweater,top,Green,Winter,2019,Everyday / Streetwear,Pepe rugby,Everyday / Streetwear
743699001,Men,Garment Upper body,Polo shirt,Polo shirt,top,Blue,Summer,2019,Office / Formal,SS Marco Polo emb,Office / Formal
834799002,Women,Garment Upper body,Blouse,Blouse,top,Black,Winter,2019,Everyday / Streetwear,Ferry shirt (RW),Everyday / Streetwear
626410003,Women,Garment Upper body,T-shirt,T-shirt,top,Grey,Fall,2019,Everyday / Streetwear,CLIO Tee,Everyday / Streetwear
519789002,Women,Garment Upper body,Sweater,Sweater,top,Black,Winter,2019,Everyday / Streetwear,Valerie,Everyday / Streetwear
574109023,Women,Garment Upper body,Sweater,Sweater,top,Pink,Fall,2019,Everyday / Streetwear,Rachel LS TVP,Everyday / Streetwear
797495002,Women,Garment Upper body,Jacket,Jacket,top,Grey,Fall,2019,Everyday / Streetwear,PQ PALOMA WOOL/CASH COAT,Everyday / Streetwear
495495001,Women,Garment Upper body,Vest top,Vest top,top,Black,Fall,2019,Everyday / Streetwear,GDC Bentley,Everyday / Streetwear
880741002,Women,Garment Upper body,Top,Top,top,Beige,Summer,2019,Everyday / Streetwear,Mex top,Everyday / Streetwear
878800002,Women,Garment Upper body,Cardigan,Cardigan,top,Red,Summer,2019,Everyday / Streetwear,Abingdon Cardigan,Everyday / Streetwear
651321002,Men,Garment Upper body,Vest top,Vest top,top,Black,Fall,2019,Everyday / Streetwear,Parker tank top,Everyday / Streetwear
748269003,Women,Garment Upper body,Top,Top,top,Black,Winter,2019,Office / Formal,Laura short sleeve polo,Office / Formal
776907001,Men,Garment Upper body,Shirt,Shirt,top,Green,Fall,2019,Everyday / Streetwear,THEO ZIP OVERSHIRT,Everyday / Streetwear
711462005,Unisex,Garment Upper body,T-shirt,T-shirt,top,Black,Winter,2019,Sportswear / Gym,ELLI tee,Sportswear / Gym
740211001,Women,Garment Upper body,Hoodie,Hoodie,top,Black,Fall,2019,Everyday / Streetwear,Woodstock puffer,Everyday / Streetwear
571631001,Women,Garment Upper body,Sweater,Sweater,top,Orange,Winter,2019,Everyday / Streetwear,Meja sweater,Everyday / Streetwear
551964001,Women,Garment Upper body,Vest top,Vest top,top,Black,Fall,2019,Everyday / Streetwear,Lambrini tank,Everyday / Streetwear
833000002,Women,Garment Upper body,Vest top,Vest top,top,Beige,Summer,2019,Everyday / Streetwear,ED Giulia Seamless top,Everyday / Streetwear
810508009,Men,Garment Upper body,Cardigan,Cardigan,top,Blue,Spring,2019,Everyday / Streetwear,ORBIT SHAWLCOLLAR CARDIGAN,Everyday / Streetwear
738435002,Women,Garment Upper body,Top,Top,top,White,Summer,2019,Everyday / Streetwear,PE VILA JERSEY,Everyday / Streetwear
831611001,Women,Garment Upper body,Sweater,Sweater,top,Green,Winter,2019,Office / Formal,Bambi top,Office / Formal
554772001,Women,Garment Upper body,T-shirt,T-shirt,top,Blue,Fall,2019,Everyday / Streetwear,Bob V-neck,Everyday / Streetwear
527573001,Women,Garment Upper body,Sweater,Sweater,top,Red,Fall,2019,Everyday / Streetwear,Fred x-mas hood,Everyday / Streetwear
751992001,Women,Garment Upper body,Jacket,Jacket,top,Brown,Winter,2019,Everyday / Streetwear,Bubble Trench Coat,Everyday / Streetwear
611480001,Women,Garment Upper body,Blouse,Blouse,top,White,Summer,2019,Everyday / Streetwear,Honey off shoulder top,Everyday / Streetwear
712914003,Women,Garment Upper body,Top,Top,top,White,Summer,2019,Office / Formal,Bond lace top,Office / Formal
640258002,Women,Garment Upper body,T-shirt,T-shirt,top,White,Spring,2019,Everyday / Streetwear,Pretty tee,Everyday / Streetwear
672284002,Women,Garment Upper body,Top,Top,top,Pink,Summer,2019,Everyday / Streetwear,Bell smock top,Everyday / Streetwear
542729001,Women,Garment Upper body,Jacket,Jacket,top,Grey,Fall,2019,Everyday / Streetwear,Milla Pile Jacket,Everyday / Streetwear
721493003,Women,Garment Upper body,Bodysuit,Bodysuit,top,Black,Fall,2019,Everyday / Streetwear,Janny body,Everyday / Streetwear
639574003,Women,Garment Upper body,Blouse,Blouse,top,Khaki green,Fall,2019,Everyday / Streetwear,Dahlia,Everyday / Streetwear
811670001,Women,Garment Upper body,Sweater,Sweater,top,Pink,Winter,2019,Everyday / Streetwear,Apple Puff,Everyday / Streetwear
748931001,Women,Garment Upper body,Blouse,Blouse,top,White,Spring,2019,Everyday / Streetwear,DIV Apollo blouse,Everyday / Streetwear
639558001,Women,Garment Upper body,T-shirt,T-shirt,top,White,Fall,2019,Everyday / Streetwear,ES Vinnie V-neck tee,Everyday / Streetwear
657497004,Women,Garment Upper body,Sweater,Sweater,top,Red,Fall,2019,Everyday / Streetwear,Bellini price CF,Everyday / Streetwear
624738001,Men,Garment Upper body,Shirt,Shirt,top,Blue,Winter,2019,Office / Formal,TD Morgan smoke dot,Office / Formal
682289010,Women,Garment Upper body,Jacket,Jacket,top,Beige,Spring,2019,Everyday / Streetwear,Porcupine fluid trench,Everyday / Streetwear
823791009,Women,Garment Upper body,Blazer,Blazer,top,White,Summer,2019,Office / Formal,Mastiff blazer,Office / Formal
797835014,Women,Garment Upper body,Jacket,Jacket,top,Blue,Summer,2019,Everyday / Streetwear,Jacket Oversize,Everyday / Streetwear
724971001,Women,Garment Upper body,Cardigan,Cardigan,top,White,Winter,2019,Everyday / Streetwear,Sheila cardigan,Everyday / Streetwear
632803014,Men,Garment Upper body,Sweater,Sweater,top,Green,Winter,2019,Everyday / Streetwear,Ripley r-neck,Everyday / Streetwear
593191002,Women,Garment Upper body,Sweater,Sweater,top,Blue,Fall,2019,Everyday / Streetwear,Benett,Everyday / Streetwear
577544001,Women,Garment Upper body,Sweater,Sweater,top,Grey,Fall,2019,Everyday / Streetwear,Funnel Sweater,Everyday / Streetwear
889319001,Women,Garment Upper body,Top,Top,top,White,Summer,2019,Everyday / Streetwear,MC Valetta blouse,Everyday / Streetwear
634744005,Men,Garment Upper body,Jacket,Jacket,top,Blue,Spring,2019,Everyday / Streetwear,Max racer jacket,Everyday / Streetwear
570333001,Women,Garment Upper body,Blouse,Blouse,top,Red,Winter,2019,Everyday / Streetwear,Physics top,Everyday / Streetwear
669152001,Men,Garment Upper body,Cardigan,Cardigan,top,Black,Fall,2019,Everyday / Streetwear,Zander knit,Everyday / Streetwear
592991002,Women,Garment Upper body,Sweater,Sweater,top,Blue,Fall,2019,Everyday / Streetwear,Ari,Everyday / Streetwear
699755011,Men,Garment Upper body,Sweater,Sweater,top,Grey,Summer,2019,Everyday / Streetwear,Yate,Everyday / Streetwear
595071002,Women,Garment Upper body,Sweater,Sweater,top,Grey,Fall,2019,Everyday / Streetwear,Miranda,Everyday / Streetwear
532800001,Men,Garment Upper body,Sweater,Sweater,top,Blue,Fall,2019,Everyday / Streetwear,BALOO CREW,Everyday / Streetwear
637223005,Women,Garment Upper body,T-shirt,T-shirt,top,Black,Fall,2019,Everyday / Streetwear,Boulevard Knot Tee,Everyday / Streetwear
632172003,Women,Garment Upper body,Shirt,Shirt,top,Khaki green,Fall,2019,Everyday / Streetwear,Hamptons,Everyday / Streetwear
678963002,Women,Garment Upper body,Blazer,Blazer,top,Grey,Winter,2019,Everyday / Streetwear,Polka Blazer,Everyday / Streetwear
515254003,Women,Garment Upper body,Sweater,Sweater,top,Grey,Fall,2019,Office / Formal,Teddy,Office / Formal
652367005,Women,Garment Upper body,Blouse,Blouse,top,Green,Fall,2019,Everyday / Streetwear,Paris,Everyday / Streetwear
912336002,Women,Garment Upper body,T-shirt,T-shirt,top,Beige,Summer,2019,Everyday / Streetwear,SC MIDNIGHT Tee,Everyday / Streetwear
611745008,Women,Garment Upper body,Blazer,Blazer,top,Blue,Fall,2019,Office / Formal,Enia,Office / Formal
670334001,Men,Garment Upper body,Sweater,Sweater,top,Grey,Winter,2019,Everyday / Streetwear,ZORROW CLEAN,Everyday / Streetwear
839332001,Women,Garment Upper body,Blazer,Blazer,top,Black,Winter,2019,Office / Formal,Burmilla blazer,Office / Formal
677580001,Women,Garment Upper body,Blouse,Blouse,top,Blue,Fall,2019,Everyday / Streetwear,Blouse Frill,Everyday / Streetwear
